Protocollo;Gruppo;DataOraIncidente;Localizzazione1;STRADA1;Localizzazione2;STRADA2;Strada02;Chilometrica;DaSpecificare;NaturaIncidente;particolaritastrade;TipoStrada;FondoStradale;Pavimentazione;Segnaletica;CondizioneAtmosferica;Traffico;Visibilita;Illuminazione;NUM_FERITI;NUM_RISERVATA;NUM_MORTI;NUM_ILLESI;Longitudine;Latitudine;Confermato;Progressivo;TipoVeicolo;StatoVeicolo;TipoPersona;Sesso;Tipolesione;Deceduto;DecedutoDopo;CinturaCascoUtilizzato;Airbag;
5043406;6;04/09/2020 02:50:00;Strada Urbana;VIA DI TOR PIGNATTARA;all'intersezione con;VIALE DELL'ACQUEDOTTO ALESSANDRINO;VIALE DELL'ACQUEDOTTO ALESSANDRINO;;;Scontro frontale/laterale DX fra veicoli in marcia;Incrocio;Una carreggiata a doppio senso;Asciutto;Asfaltata;Verticale ed orizzontale;Sereno;Scarso;Sufficiente;;0;0;0;3;12.5414;41.8756;-1;2;Autovettura privata;In marcia / fermata / arresto;Passeggero;M;Illeso;0;;;
5043424;19;02/09/2020 08:59:00;Strada Urbana;VIA TORRESINA;in corrispondenza;;del palo luce n.;11;;Veicolo in marcia contro ostacolo accidentale;Curva a visuale libera;Una carreggiata a doppio senso;Viscido da liquidi oleosi;Asfaltata;Verticale ed orizzontale;Nuvoloso;Scarso;Buona;;1;0;0;0;12.4024;41.9276;-1;1;Motociclo a solo;In marcia / fermata / arresto;Conducente;M;Rimandato;0;NON DECEDUTO;Non accertato;
5043428;12;03/09/2020 18:20:00;Strada Urbana;VIALE EUROPA;in corrispondenza;;del civico n.;108;;Scontro laterale fra veicoli in marcia;Rettilineo;Una carreggiata a doppio senso;Asciutto;Asfaltata;Verticale ed orizzontale;Sereno;Normale;Buona;;0;0;0;2;12.4649;41.8319;-1;1;Autovettura privata;In marcia / fermata / arresto;Conducente;M;Illeso;0;;Non accertato;Inesploso
5043428;12;03/09/2020 18:20:00;Strada Urbana;VIALE EUROPA;in corrispondenza;;del civico n.;108;;Scontro laterale fra veicoli in marcia;Rettilineo;Una carreggiata a doppio senso;Asciutto;Asfaltata;Verticale ed orizzontale;Sereno;Normale;Buona;;0;0;0;2;12.4649;41.8319;-1;2;Autovettura privata;In marcia / fermata / arresto;Conducente;M;Illeso;0;;Non accertato;Inesploso
5043435;19;03/09/2020 11:15:00;Strada Urbana;VIA TRIONFALE;da specificare;;;;ALTEZZA USCITA G.R.A. (ANELLO ESTERNO);Scontro frontale fra veicoli in marcia;Curva senza visuale libera;Una carreggiata a senso unico di marcia;Asciutto;Asfaltata;Verticale ed orizzontale;Sereno;Normale;Buona;;3;0;0;1;12.4229;41.9409;-1;1;Autocarro superiore 35 q.;In marcia / fermata / arresto;Conducente;M;Illeso;0;;Non accertato;Inesploso
5043435;19;03/09/2020 11:15:00;Strada Urbana;VIA TRIONFALE;da specificare;;;;ALTEZZA USCITA G.R.A. (ANELLO ESTERNO);Scontro frontale fra veicoli in marcia;Curva senza visuale libera;Una carreggiata a senso unico di marcia;Asciutto;Asfaltata;Verticale ed orizzontale;Sereno;Normale;Buona;;3;0;0;1;12.4229;41.9409;-1;2;Autovettura privata;In marcia / fermata / arresto;Conducente;M;Rimandato;0;NON DECEDUTO;Non accertato;Inesploso
5043435;19;03/09/2020 11:15:00;Strada Urbana;VIA TRIONFALE;da specificare;;;;ALTEZZA USCITA G.R.A. (ANELLO ESTERNO);Scontro frontale fra veicoli in marcia;Curva senza visuale libera;Una carreggiata a senso unico di marcia;Asciutto;Asfaltata;Verticale ed orizzontale;Sereno;Normale;Buona;;3;0;0;1;12.4229;41.9409;-1;2;Autovettura privata;In marcia / fermata / arresto;Passeggero;F;Rimandato;0;NON DECEDUTO;Non accertato;Inesploso
5043435;19;03/09/2020 11:15:00;Strada Urbana;VIA TRIONFALE;da specificare;;;;ALTEZZA USCITA G.R.A. (ANELLO ESTERNO);Scontro frontale fra veicoli in marcia;Curva senza visuale libera;Una carreggiata a senso unico di marcia;Asciutto;Asfaltata;Verticale ed orizzontale;Sereno;Normale;Buona;;3;0;0;1;12.4229;41.9409;-1;2;Autovettura privata;In marcia / fermata / arresto;Passeggero;M;Rimandato;0;NON DECEDUTO;Non accertato;Inesploso
5043456;20;03/09/2020 08:30:00;Strada Urbana;VIA CARLO EMERY;all'intersezione con;VIA SALVATORE LO BIANCO;VIA SALVATORE LO BIANCO;;;Scontro laterale fra veicoli in marcia;Intersezione non regolata/non segnalata;Una carreggiata a doppio senso;Asciutto;Asfaltata;Verticale ed orizzontale;Sereno;Normale;Buona;;0;0;0;3;12.494;41.9805;-1;1;Autovettura privata;In marcia / fermata / arresto;Conducente;M;Illeso;0;;Non accertato;
5043456;20;03/09/2020 08:30:00;Strada Urbana;VIA CARLO EMERY;all'intersezione con;VIA SALVATORE LO BIANCO;VIA SALVATORE LO BIANCO;;;Scontro laterale fra veicoli in marcia;Intersezione non regolata/non segnalata;Una carreggiata a doppio senso;Asciutto;Asfaltata;Verticale ed orizzontale;Sereno;Normale;Buona;;0;0;0;3;12.494;41.9805;-1;1;Autovettura privata;In marcia / fermata / arresto;Passeggero;M;Illeso;0;;Non accertato;
5043456;20;03/09/2020 08:30:00;Strada Urbana;VIA CARLO EMERY;all'intersezione con;VIA SALVATORE LO BIANCO;VIA SALVATORE LO BIANCO;;;Scontro laterale fra veicoli in marcia;Intersezione non regolata/non segnalata;Una carreggiata a doppio senso;Asciutto;Asfaltata;Verticale ed orizzontale;Sereno;Normale;Buona;;0;0;0;3;12.494;41.9805;-1;2;Autocarro inferiore 35 q.;In marcia / fermata / arresto;Conducente;M;Illeso;0;;Non accertato;
5043467;1;03/09/2020 15:45:00;Strada Urbana;VIA DI CAPO LE CASE;in corrispondenza;;del civico n.;32;;Veicolo in marcia contro ostacolo fisso;Rettilineo;Una carreggiata a senso unico di marcia;Asciutto;Asfaltata;Verticale ed orizzontale;Sereno;Scarso;Buona;;0;0;0;1;;;0;1;Autovettura privata;In marcia / fermata / arresto;Conducente;F;Illeso;0;;;
5043468;20;03/09/2020 12:05:00;Strada Urbana;VIA FRANCESCO MENGOTTI;all'intersezione con;VIA BONALDO STRINGHER;VIA BONALDO STRINGHER;;;Scontro frontale/laterale SX fra veicoli in marcia;Intersezione stradale segnalata;Una carreggiata a senso unico di marcia;Asciutto;Asfaltata;Verticale;Sereno;Normale;Buona;;1;0;0;1;12.4669;41.9439;-1;1;Autocarro inferiore 35 q.;In marcia / fermata / arresto;Conducente;M;Illeso;0;;;
5043468;20;03/09/2020 12:05:00;Strada Urbana;VIA FRANCESCO MENGOTTI;all'intersezione con;VIA BONALDO STRINGHER;VIA BONALDO STRINGHER;;;Scontro frontale/laterale SX fra veicoli in marcia;Intersezione stradale segnalata;Una carreggiata a senso unico di marcia;Asciutto;Asfaltata;Verticale;Sereno;Normale;Buona;;1;0;0;1;12.4669;41.9439;-1;2;Autovettura privata;In marcia / fermata / arresto;Conducente;M;Rimandato;0;NON DECEDUTO;;
5043468;20;03/09/2020 12:05:00;Strada Urbana;VIA FRANCESCO MENGOTTI;all'intersezione con;VIA BONALDO STRINGHER;VIA BONALDO STRINGHER;;;Scontro frontale/laterale SX fra veicoli in marcia;Intersezione stradale segnalata;Una carreggiata a senso unico di marcia;Asciutto;Asfaltata;Verticale;Sereno;Normale;Buona;;1;0;0;1;12.4669;41.9439;-1;3;Autovettura privata;Sosta;;;;;;;
5043468;20;03/09/2020 12:05:00;Strada Urbana;VIA FRANCESCO MENGOTTI;all'intersezione con;VIA BONALDO STRINGHER;VIA BONALDO STRINGHER;;;Scontro frontale/laterale SX fra veicoli in marcia;Intersezione stradale segnalata;Una carreggiata a senso unico di marcia;Asciutto;Asfaltata;Verticale;Sereno;Normale;Buona;;1;0;0;1;12.4669;41.9439;-1;4;Autovettura privata;Sosta;;;;;;;
5043469;20;03/09/2020 15:00:00;Strada Urbana;VIA DI GROTTAROSSA;in prossimit�;;del civico n.;1282;;Scontro frontale/laterale DX fra veicoli in marcia;Rettilineo;Una carreggiata a doppio senso;Asciutto;Asfaltata;Verticale ed orizzontale;Sereno;Normale;Buona;;0;0;0;3;12.4885;41.9725;-1;1;Quadriciclo leggero;In marcia / fermata / arresto;Conducente;M;Illeso;0;;Non accertato;
5043469;20;03/09/2020 15:00:00;Strada Urbana;VIA DI GROTTAROSSA;in prossimit�;;del civico n.;1282;;Scontro frontale/laterale DX fra veicoli in marcia;Rettilineo;Una carreggiata a doppio senso;Asciutto;Asfaltata;Verticale ed orizzontale;Sereno;Normale;Buona;;0;0;0;3;12.4885;41.9725;-1;2;Autovettura privata;In marcia / fermata / arresto;Conducente;M;Illeso;0;;Non accertato;
5043469;20;03/09/2020 15:00:00;Strada Urbana;VIA DI GROTTAROSSA;in prossimit�;;del civico n.;1282;;Scontro frontale/laterale DX fra veicoli in marcia;Rettilineo;Una carreggiata a doppio senso;Asciutto;Asfaltata;Verticale ed orizzontale;Sereno;Normale;Buona;;0;0;0;3;12.4885;41.9725;-1;2;Autovettura privata;In marcia / fermata / arresto;Passeggero;F;Illeso;0;;Non accertato;
5043483;5;03/09/2020 05:15:00;Strada Urbana;VIA FABRIANO;all'intersezione con;VIA MONTEGIORGIO;VIA MONTEGIORGIO;;;Scontro frontale/laterale SX fra veicoli in marcia;Incrocio;Una carreggiata a doppio senso;Asciutto;Asfaltata;Verticale ed orizzontale;Sereno;Normale;Sufficiente;;1;0;0;2;12.5856;41.9418;-1;1;Autovettura privata;In marcia / fermata / arresto;Conducente;M;Rimandato;0;NON DECEDUTO;Non accertato;Inesploso
5043483;5;03/09/2020 05:15:00;Strada Urbana;VIA FABRIANO;all'intersezione con;VIA MONTEGIORGIO;VIA MONTEGIORGIO;;;Scontro frontale/laterale SX fra veicoli in marcia;Incrocio;Una carreggiata a doppio senso;Asciutto;Asfaltata;Verticale ed orizzontale;Sereno;Normale;Sufficiente;;1;0;0;2;12.5856;41.9418;-1;2;Autovettura privata;In marcia / fermata / arresto;Conducente;F;Illeso;0;;Non accertato;Inesploso
5043483;5;03/09/2020 05:15:00;Strada Urbana;VIA FABRIANO;all'intersezione con;VIA MONTEGIORGIO;VIA MONTEGIORGIO;;;Scontro frontale/laterale SX fra veicoli in marcia;Incrocio;Una carreggiata a doppio senso;Asciutto;Asfaltata;Verticale ed orizzontale;Sereno;Normale;Sufficiente;;1;0;0;2;12.5856;41.9418;-1;2;Autovettura privata;In marcia / fermata / arresto;Passeggero;M;Illeso;0;;Non accertato;Inesploso
5043499;12;03/09/2020 11:30:00;Strada Urbana;VIA LAURENTINA;all'intersezione semaforizzata con;VIALE IGNAZIO SILONE;VIALE IGNAZIO SILONE;;;Scontro laterale fra veicoli in marcia;Intersezione semaforizzata;Pi� di due carreggiate;Asciutto;Asfaltata;Verticale ed orizzontale;Sereno;Normale;Buona;;0;0;0;3;12.4856;41.8129;-1;1;Autocarro superiore 35 q.;In marcia / fermata / arresto;Conducente;M;Illeso;0;;Non accertato;Inesploso
5043499;12;03/09/2020 11:30:00;Strada Urbana;VIA LAURENTINA;all'intersezione semaforizzata con;VIALE IGNAZIO SILONE;VIALE IGNAZIO SILONE;;;Scontro laterale fra veicoli in marcia;Intersezione semaforizzata;Pi� di due carreggiate;Asciutto;Asfaltata;Verticale ed orizzontale;Sereno;Normale;Buona;;0;0;0;3;12.4856;41.8129;-1;2;Autovettura privata;In marcia / fermata / arresto;Conducente;F;Illeso;0;;Non accertato;Inesploso
5043499;12;03/09/2020 11:30:00;Strada Urbana;VIA LAURENTINA;all'intersezione semaforizzata con;VIALE IGNAZIO SILONE;VIALE IGNAZIO SILONE;;;Scontro laterale fra veicoli in marcia;Intersezione semaforizzata;Pi� di due carreggiate;Asciutto;Asfaltata;Verticale ed orizzontale;Sereno;Normale;Buona;;0;0;0;3;12.4856;41.8129;-1;2;Autovettura privata;In marcia / fermata / arresto;Passeggero;M;Illeso;0;;Non accertato;Inesploso
5043506;1;03/09/2020 23:00:00;Strada Urbana;LUNGOTEVERE DELLA FARNESINA;da specificare;;;;ALTEZZA PALO ACEA N 14;Scontro laterale fra veicoli in marcia;Rettilineo;Una carreggiata a senso unico di marcia;Asciutto;Asfaltata;Verticale ed orizzontale;Sereno;Normale;Sufficiente;;0;0;0;5;12.4698;41.8921;-1;1;Autovettura privata;In marcia / fermata / arresto;Conducente;F;Illeso;0;;Non accertato;Inesploso
5043506;1;03/09/2020 23:00:00;Strada Urbana;LUNGOTEVERE DELLA FARNESINA;da specificare;;;;ALTEZZA PALO ACEA N 14;Scontro laterale fra veicoli in marcia;Rettilineo;Una carreggiata a senso unico di marcia;Asciutto;Asfaltata;Verticale ed orizzontale;Sereno;Normale;Sufficiente;;0;0;0;5;12.4698;41.8921;-1;1;Autovettura privata;In marcia / fermata / arresto;Passeggero;M;Illeso;0;;Non accertato;Inesploso
5043506;1;03/09/2020 23:00:00;Strada Urbana;LUNGOTEVERE DELLA FARNESINA;da specificare;;;;ALTEZZA PALO ACEA N 14;Scontro laterale fra veicoli in marcia;Rettilineo;Una carreggiata a senso unico di marcia;Asciutto;Asfaltata;Verticale ed orizzontale;Sereno;Normale;Sufficiente;;0;0;0;5;12.4698;41.8921;-1;1;Autovettura privata;In marcia / fermata / arresto;Passeggero;M;Illeso;0;;Non accertato;Inesploso
5043506;1;03/09/2020 23:00:00;Strada Urbana;LUNGOTEVERE DELLA FARNESINA;da specificare;;;;ALTEZZA PALO ACEA N 14;Scontro laterale fra veicoli in marcia;Rettilineo;Una carreggiata a senso unico di marcia;Asciutto;Asfaltata;Verticale ed orizzontale;Sereno;Normale;Sufficiente;;0;0;0;5;12.4698;41.8921;-1;2;Autovettura privata;In marcia / fermata / arresto;Conducente;F;Illeso;0;;Non accertato;Inesploso
5043506;1;03/09/2020 23:00:00;Strada Urbana;LUNGOTEVERE DELLA FARNESINA;da specificare;;;;ALTEZZA PALO ACEA N 14;Scontro laterale fra veicoli in marcia;Rettilineo;Una carreggiata a senso unico di marcia;Asciutto;Asfaltata;Verticale ed orizzontale;Sereno;Normale;Sufficiente;;0;0;0;5;12.4698;41.8921;-1;2;Autovettura privata;In marcia / fermata / arresto;Passeggero;M;Illeso;0;;Non accertato;Inesploso
5043507;7;03/09/2020 13:05:00;Strada Urbana;VIA DEI PIOPPI;all'intersezione con;VIA DELLE MIMOSE;VIA DELLE MIMOSE;;;Scontro laterale fra veicoli in marcia;Incrocio;Una carreggiata a senso unico di marcia;Asciutto;Asfaltata;Verticale ed orizzontale;Sereno;Normale;Buona;;0;0;0;3;12.5702;41.8779;-1;1;Autovettura privata;In marcia / fermata / arresto;Conducente;M;Illeso;0;;Non accertato;Inesploso
5043507;7;03/09/2020 13:05:00;Strada Urbana;VIA DEI PIOPPI;all'intersezione con;VIA DELLE MIMOSE;VIA DELLE MIMOSE;;;Scontro laterale fra veicoli in marcia;Incrocio;Una carreggiata a senso unico di marcia;Asciutto;Asfaltata;Verticale ed orizzontale;Sereno;Normale;Buona;;0;0;0;3;12.5702;41.8779;-1;1;Autovettura privata;In marcia / fermata / arresto;Passeggero;F;Illeso;0;;Non accertato;Inesploso
5043507;7;03/09/2020 13:05:00;Strada Urbana;VIA DEI PIOPPI;all'intersezione con;VIA DELLE MIMOSE;VIA DELLE MIMOSE;;;Scontro laterale fra veicoli in marcia;Incrocio;Una carreggiata a senso unico di marcia;Asciutto;Asfaltata;Verticale ed orizzontale;Sereno;Normale;Buona;;0;0;0;3;12.5702;41.8779;-1;2;Motociclo a solo;In marcia / fermata / arresto;Conducente;M;Illeso;0;;Non accertato;
5043509;4;03/09/2020 09:50:00;Strada Urbana;VIALE JONIO;da specificare;;;;prossimit� VIA MONTE ROCCHETTA;Tamponamento;Rettilineo;Due carreggiate;Asciutto;Asfaltata;Verticale ed orizzontale;Sereno;Normale;Buona;;1;0;0;1;12.536;41.9442;-1;1;Motociclo a solo;In marcia / fermata / arresto;Conducente;M;Rimandato;0;NON DECEDUTO;Non accertato;
5043509;4;03/09/2020 09:50:00;Strada Urbana;VIALE JONIO;da specificare;;;;prossimit� VIA MONTE ROCCHETTA;Tamponamento;Rettilineo;Due carreggiate;Asciutto;Asfaltata;Verticale ed orizzontale;Sereno;Normale;Buona;;1;0;0;1;12.536;41.9442;-1;2;Autovettura privata;In marcia / fermata / arresto;Conducente;M;Illeso;0;;Non accertato;Inesploso
5043518;4;03/09/2020 10:35:00;Provinciale;VIA NOMENTANA;in corrispondenza;;del civico n.;1412;;Tamponamento Multiplo;Rettilineo;Una carreggiata a doppio senso;Asciutto;Asfaltata;Verticale ed orizzontale;Sereno;Intenso;Buona;;0;0;0;6;12.6046;41.9686;-1;1;Autovettura privata;In marcia / fermata / arresto;Conducente;M;Illeso;0;;Non accertato;
5043518;4;03/09/2020 10:35:00;Provinciale;VIA NOMENTANA;in corrispondenza;;del civico n.;1412;;Tamponamento Multiplo;Rettilineo;Una carreggiata a doppio senso;Asciutto;Asfaltata;Verticale ed orizzontale;Sereno;Intenso;Buona;;0;0;0;6;12.6046;41.9686;-1;1;Autovettura privata;In marcia / fermata / arresto;Passeggero;M;Illeso;0;;Non accertato;
5043518;4;03/09/2020 10:35:00;Provinciale;VIA NOMENTANA;in corrispondenza;;del civico n.;1412;;Tamponamento Multiplo;Rettilineo;Una carreggiata a doppio senso;Asciutto;Asfaltata;Verticale ed orizzontale;Sereno;Intenso;Buona;;0;0;0;6;12.6046;41.9686;-1;2;Autovettura privata;In marcia / fermata / arresto;Conducente;M;Illeso;0;;Non accertato;
5043518;4;03/09/2020 10:35:00;Provinciale;VIA NOMENTANA;in corrispondenza;;del civico n.;1412;;Tamponamento Multiplo;Rettilineo;Una carreggiata a doppio senso;Asciutto;Asfaltata;Verticale ed orizzontale;Sereno;Intenso;Buona;;0;0;0;6;12.6046;41.9686;-1;3;Autovettura privata;In marcia / fermata / arresto;Conducente;M;Illeso;0;;Non accertato;
5043518;4;03/09/2020 10:35:00;Provinciale;VIA NOMENTANA;in corrispondenza;;del civico n.;1412;;Tamponamento Multiplo;Rettilineo;Una carreggiata a doppio senso;Asciutto;Asfaltata;Verticale ed orizzontale;Sereno;Intenso;Buona;;0;0;0;6;12.6046;41.9686;-1;3;Autovettura privata;In marcia / fermata / arresto;Passeggero;F;Illeso;0;;Non accertato;
5043518;4;03/09/2020 10:35:00;Provinciale;VIA NOMENTANA;in corrispondenza;;del civico n.;1412;;Tamponamento Multiplo;Rettilineo;Una carreggiata a doppio senso;Asciutto;Asfaltata;Verticale ed orizzontale;Sereno;Intenso;Buona;;0;0;0;6;12.6046;41.9686;-1;3;Autovettura privata;In marcia / fermata / arresto;Passeggero;F;Illeso;0;;;
5043526;10;03/09/2020 17:00:00;Altra strada;VIALE LUIGI SCHIAVONETTI;da specificare;;;;in pross. del C.C. Tor Vergata area parcheggio ;Scontro laterale fra veicoli in marcia;Rettilineo;Una carreggiata a senso unico di marcia;Asciutto;Asfaltata;Verticale ed orizzontale;Sereno;Normale;Buona;;0;0;0;4;12.6215;41.8413;-1;1;Autovettura privata;In marcia / fermata / arresto;Conducente;F;Illeso;0;;Non accertato;Inesploso
5043526;10;03/09/2020 17:00:00;Altra strada;VIALE LUIGI SCHIAVONETTI;da specificare;;;;in pross. del C.C. Tor Vergata area parcheggio ;Scontro laterale fra veicoli in marcia;Rettilineo;Una carreggiata a senso unico di marcia;Asciutto;Asfaltata;Verticale ed orizzontale;Sereno;Normale;Buona;;0;0;0;4;12.6215;41.8413;-1;2;Autovettura privata;In marcia / fermata / arresto;Conducente;M;Illeso;0;;;
5043526;10;03/09/2020 17:00:00;Altra strada;VIALE LUIGI SCHIAVONETTI;da specificare;;;;in pross. del C.C. Tor Vergata area parcheggio ;Scontro laterale fra veicoli in marcia;Rettilineo;Una carreggiata a senso unico di marcia;Asciutto;Asfaltata;Verticale ed orizzontale;Sereno;Normale;Buona;;0;0;0;4;12.6215;41.8413;-1;2;Autovettura privata;In marcia / fermata / arresto;Passeggero;M;Illeso;0;;Non accertato;Inesploso
5043526;10;03/09/2020 17:00:00;Altra strada;VIALE LUIGI SCHIAVONETTI;da specificare;;;;in pross. del C.C. Tor Vergata area parcheggio ;Scontro laterale fra veicoli in marcia;Rettilineo;Una carreggiata a senso unico di marcia;Asciutto;Asfaltata;Verticale ed orizzontale;Sereno;Normale;Buona;;0;0;0;4;12.6215;41.8413;-1;2;Autovettura privata;In marcia / fermata / arresto;Passeggero;F;Illeso;0;;Non accertato;Inesploso
5043538;5;03/09/2020 13:00:00;Strada Urbana;VIA DEGLI ALBERINI;in prossimit�;;del civico n.;15;;Veicolo in marcia contro ostacolo accidentale;Rettilineo;Una carreggiata a senso unico di marcia;Asciutto;Asfaltata;Assente;Sereno;Scarso;Buona;;0;0;0;2;12.5653;41.9178;-1;1;Autovettura privata;In marcia / fermata / arresto;Conducente;F;Illeso;0;;Non accertato;Inesploso
5043538;5;03/09/2020 13:00:00;Strada Urbana;VIA DEGLI ALBERINI;in prossimit�;;del civico n.;15;;Veicolo in marcia contro ostacolo accidentale;Rettilineo;Una carreggiata a senso unico di marcia;Asciutto;Asfaltata;Assente;Sereno;Scarso;Buona;;0;0;0;2;12.5653;41.9178;-1;1;Autovettura privata;In marcia / fermata / arresto;Passeggero;M;Illeso;0;;Non accertato;Inesploso
5043541;20;03/09/2020 18:20:00;Strada Urbana;VIA PEDRENGO;in corrispondenza;;del civico n.;44/a;;Scontro frontale/laterale SX fra veicoli in marcia;Rettilineo;Una carreggiata a doppio senso;Asciutto;Asfaltata;Assente;Sereno;Scarso;Buona;;0;1;0;2;12.4742;42.0349;0;1;Motociclo a solo;In marcia / fermata / arresto;Conducente;M;Prognosi riservata;0;NON DECEDUTO;Non accertato;
5043541;20;03/09/2020 18:20:00;Strada Urbana;VIA PEDRENGO;in corrispondenza;;del civico n.;44/a;;Scontro frontale/laterale SX fra veicoli in marcia;Rettilineo;Una carreggiata a doppio senso;Asciutto;Asfaltata;Assente;Sereno;Scarso;Buona;;0;1;0;2;12.4742;42.0349;0;2;Autovettura privata;In marcia / fermata / arresto;Conducente;M;Illeso;0;;Non accertato;Esploso
5043541;20;03/09/2020 18:20:00;Strada Urbana;VIA PEDRENGO;in corrispondenza;;del civico n.;44/a;;Scontro frontale/laterale SX fra veicoli in marcia;Rettilineo;Una carreggiata a doppio senso;Asciutto;Asfaltata;Assente;Sereno;Scarso;Buona;;0;1;0;2;12.4742;42.0349;0;2;Autovettura privata;In marcia / fermata / arresto;Passeggero;F;Illeso;0;;Non accertato;Esploso
5043541;20;03/09/2020 18:20:00;Strada Urbana;VIA PEDRENGO;in corrispondenza;;del civico n.;44/a;;Scontro frontale/laterale SX fra veicoli in marcia;Rettilineo;Una carreggiata a doppio senso;Asciutto;Asfaltata;Assente;Sereno;Scarso;Buona;;0;1;0;2;12.4742;42.0349;0;3;Autovettura privata;Sosta;;;;;;;
5043551;4;03/09/2020 10:40:00;Provinciale entro l'abitato;VIA NOMENTANA;in prossimit�;;del civico n.;1125;;Tamponamento Multiplo;Rettilineo;Una carreggiata a doppio senso;Asciutto;Asfaltata;Orizzontale;Sereno;Intenso;Buona;;0;0;0;4;12.5767;41.9559;-1;1;Autocarro inferiore 35 q.;In marcia / fermata / arresto;Conducente;M;Illeso;0;;Non accertato;
5043551;4;03/09/2020 10:40:00;Provinciale entro l'abitato;VIA NOMENTANA;in prossimit�;;del civico n.;1125;;Tamponamento Multiplo;Rettilineo;Una carreggiata a doppio senso;Asciutto;Asfaltata;Orizzontale;Sereno;Intenso;Buona;;0;0;0;4;12.5767;41.9559;-1;2;Autocarro inferiore 35 q.;In marcia / fermata / arresto;Conducente;M;Illeso;0;;;
5043551;4;03/09/2020 10:40:00;Provinciale entro l'abitato;VIA NOMENTANA;in prossimit�;;del civico n.;1125;;Tamponamento Multiplo;Rettilineo;Una carreggiata a doppio senso;Asciutto;Asfaltata;Orizzontale;Sereno;Intenso;Buona;;0;0;0;4;12.5767;41.9559;-1;3;Autovettura privata;In marcia / fermata / arresto;Conducente;M;Illeso;0;;Non accertato;
5043551;4;03/09/2020 10:40:00;Provinciale entro l'abitato;VIA NOMENTANA;in prossimit�;;del civico n.;1125;;Tamponamento Multiplo;Rettilineo;Una carreggiata a doppio senso;Asciutto;Asfaltata;Orizzontale;Sereno;Intenso;Buona;;0;0;0;4;12.5767;41.9559;-1;3;Autovettura privata;In marcia / fermata / arresto;Passeggero;F;Illeso;0;;Non accertato;
5043565;2;03/09/2020 10:50:00;Strada Urbana;CORSO DI FRANCIA;da specificare;;;;Viadotto alt.lavori pross. sv. Parioli/Flaminio ;Scontro laterale fra veicoli in marcia;Rettilineo;Una carreggiata a senso unico di marcia;Asciutto;Asfaltata;Verticale ed orizzontale;Sereno;Intenso;Buona;;0;0;0;2;12.4717;41.9367;-1;1;Autovettura privata;In marcia / fermata / arresto;Conducente;M;Illeso;0;;Non accertato;Inesploso
5043565;2;03/09/2020 10:50:00;Strada Urbana;CORSO DI FRANCIA;da specificare;;;;Viadotto alt.lavori pross. sv. Parioli/Flaminio ;Scontro laterale fra veicoli in marcia;Rettilineo;Una carreggiata a senso unico di marcia;Asciutto;Asfaltata;Verticale ed orizzontale;Sereno;Intenso;Buona;;0;0;0;2;12.4717;41.9367;-1;2;Autovettura pubblica;In marcia / fermata / arresto;Conducente;M;Illeso;0;;Non accertato;Inesploso
5043567;1;02/09/2020 09:45:00;Strada Urbana;VIA DI S. VINCENZO;in corrispondenza;;del civico n.;30;;Veicolo in marcia contro ostacolo fisso;Rettilineo;Una carreggiata a senso unico di marcia;Asciutto;In cubetti di porfido;Verticale;Sereno;Scarso;Buona;;0;0;0;1;;;0;1;Autovettura privata;In marcia / fermata / arresto;Conducente;M;Illeso;0;;;
5043570;10;03/09/2020 18:10:00;Statale entro l'abitato;VIA TUSCOLANA;in corrispondenza;;del civico n.;1197;;Tamponamento;Rettilineo;Due carreggiate;Asciutto;Asfaltata;Verticale ed orizzontale;Sereno;Normale;Buona;;0;0;0;4;12.597;41.8381;-1;1;Autovettura privata;In marcia / fermata / arresto;Conducente;F;Illeso;0;;Non accertato;Inesploso
5043570;10;03/09/2020 18:10:00;Statale entro l'abitato;VIA TUSCOLANA;in corrispondenza;;del civico n.;1197;;Tamponamento;Rettilineo;Due carreggiate;Asciutto;Asfaltata;Verticale ed orizzontale;Sereno;Normale;Buona;;0;0;0;4;12.597;41.8381;-1;2;Autovettura privata;In marcia / fermata / arresto;Conducente;M;Illeso;0;;Non accertato;Inesploso
5043570;10;03/09/2020 18:10:00;Statale entro l'abitato;VIA TUSCOLANA;in corrispondenza;;del civico n.;1197;;Tamponamento;Rettilineo;Due carreggiate;Asciutto;Asfaltata;Verticale ed orizzontale;Sereno;Normale;Buona;;0;0;0;4;12.597;41.8381;-1;2;Autovettura privata;In marcia / fermata / arresto;Passeggero;F;Illeso;0;;Non accertato;Inesploso
5043570;10;03/09/2020 18:10:00;Statale entro l'abitato;VIA TUSCOLANA;in corrispondenza;;del civico n.;1197;;Tamponamento;Rettilineo;Due carreggiate;Asciutto;Asfaltata;Verticale ed orizzontale;Sereno;Normale;Buona;;0;0;0;4;12.597;41.8381;-1;2;Autovettura privata;In marcia / fermata / arresto;Passeggero;M;Illeso;0;;Non accertato;Inesploso