Protocollo;Gruppo;DataOraIncidente;Localizzazione1;STRADA1;Localizzazione2;STRADA2;Strada02;Chilometrica;DaSpecificare;NaturaIncidente;particolaritastrade;TipoStrada;FondoStradale;Pavimentazione;Segnaletica;CondizioneAtmosferica;Traffico;Visibilita;Illuminazione;NUM_FERITI;NUM_RISERVATA;NUM_MORTI;NUM_ILLESI;Longitudine;Latitudine;Confermato;Progressivo;TipoVeicolo;StatoVeicolo;TipoPersona;Sesso;Tipolesione;Deceduto;DecedutoDopo;CinturaCascoUtilizzato;Airbag;
5048439;7;08/09/2020 07:30:00;Strada Urbana;VIA PRENESTINA;in corrispondenza;;del civico n.;710/712;;Veicolo in marcia contro ostacolo accidentale;Rettilineo;Una carreggiata a doppio senso;Asciutto;Asfaltata;Orizzontale;Sereno;Normale;Buona;;1;0;0;1;12.5866;41.8937;-1;1;Autovettura privata;In marcia / fermata / arresto;Conducente;M;Illeso;0;;Non accertato;Inesploso
5048439;7;08/09/2020 07:30:00;Strada Urbana;VIA PRENESTINA;in corrispondenza;;del civico n.;710/712;;Veicolo in marcia contro ostacolo accidentale;Rettilineo;Una carreggiata a doppio senso;Asciutto;Asfaltata;Orizzontale;Sereno;Normale;Buona;;1;0;0;1;12.5866;41.8937;-1;2;Monopattino elettrico;In marcia / fermata / arresto;Conducente;M;Ricoverato;0;NON DECEDUTO;Non accertato;Inesploso
5048458;18;07/09/2020 14:30:00;Strada Urbana;VIA DI BOCCEA;in prossimit�;;del civico n.;571;;Scontro frontale/laterale DX fra veicoli in marcia;Rettilineo;Una carreggiata a doppio senso;Asciutto;Asfaltata;Verticale ed orizzontale;Sereno;Normale;Buona;;0;0;0;2;12.3787;41.9164;-1;1;Autovettura privata;In marcia / fermata / arresto;Conducente;F;Illeso;0;;Non accertato;Inesploso
5048458;18;07/09/2020 14:30:00;Strada Urbana;VIA DI BOCCEA;in prossimit�;;del civico n.;571;;Scontro frontale/laterale DX fra veicoli in marcia;Rettilineo;Una carreggiata a doppio senso;Asciutto;Asfaltata;Verticale ed orizzontale;Sereno;Normale;Buona;;0;0;0;2;12.3787;41.9164;-1;2;Motociclo a solo;In marcia / fermata / arresto;Conducente;M;Illeso;0;;Non accertato;
5048461;13;08/09/2020 11:20:00;Strada Urbana;VIALE DEI PROMONTORI;in prossimit�;;del civico n.;130;;Tamponamento;Rettilineo;Due carreggiate;Asciutto;Asfaltata;Verticale ed orizzontale;Sereno;Normale;Buona;;0;0;0;3;12.2887;41.7384;-1;1;Autovettura privata;In marcia / fermata / arresto;Conducente;M;Illeso;0;;;
5048461;13;08/09/2020 11:20:00;Strada Urbana;VIALE DEI PROMONTORI;in prossimit�;;del civico n.;130;;Tamponamento;Rettilineo;Due carreggiate;Asciutto;Asfaltata;Verticale ed orizzontale;Sereno;Normale;Buona;;0;0;0;3;12.2887;41.7384;-1;1;Autovettura privata;In marcia / fermata / arresto;Passeggero;M;Illeso;0;;;
5048461;13;08/09/2020 11:20:00;Strada Urbana;VIALE DEI PROMONTORI;in prossimit�;;del civico n.;130;;Tamponamento;Rettilineo;Due carreggiate;Asciutto;Asfaltata;Verticale ed orizzontale;Sereno;Normale;Buona;;0;0;0;3;12.2887;41.7384;-1;2;Autovettura privata;In marcia / fermata / arresto;Conducente;F;Illeso;0;;;
5048482;12;08/09/2020 10:40:00;Strada Urbana;VIALE DELLA GRANDE MURAGLIA;da specificare;;;;in prossimit� Piazza TIEN AN MEN;Tamponamento Multiplo;Rettilineo;Due carreggiate;Asciutto;Asfaltata;Verticale ed orizzontale;Sereno;Scarso;Buona;;0;0;0;4;12.4419;41.8135;-1;1;Autovettura privata;In marcia / fermata / arresto;Conducente;F;Illeso;0;;;
5048482;12;08/09/2020 10:40:00;Strada Urbana;VIALE DELLA GRANDE MURAGLIA;da specificare;;;;in prossimit� Piazza TIEN AN MEN;Tamponamento Multiplo;Rettilineo;Due carreggiate;Asciutto;Asfaltata;Verticale ed orizzontale;Sereno;Scarso;Buona;;0;0;0;4;12.4419;41.8135;-1;2;Autovettura privata;In marcia / fermata / arresto;Conducente;M;Illeso;0;;;
5048482;12;08/09/2020 10:40:00;Strada Urbana;VIALE DELLA GRANDE MURAGLIA;da specificare;;;;in prossimit� Piazza TIEN AN MEN;Tamponamento Multiplo;Rettilineo;Due carreggiate;Asciutto;Asfaltata;Verticale ed orizzontale;Sereno;Scarso;Buona;;0;0;0;4;12.4419;41.8135;-1;3;Autovettura privata;In marcia / fermata / arresto;Conducente;M;Illeso;0;;;
5048482;12;08/09/2020 10:40:00;Strada Urbana;VIALE DELLA GRANDE MURAGLIA;da specificare;;;;in prossimit� Piazza TIEN AN MEN;Tamponamento Multiplo;Rettilineo;Due carreggiate;Asciutto;Asfaltata;Verticale ed orizzontale;Sereno;Scarso;Buona;;0;0;0;4;12.4419;41.8135;-1;3;Autovettura privata;In marcia / fermata / arresto;Passeggero;M;Illeso;0;;Non accertato;
5048485;18;07/09/2020 17:45:00;Strada Urbana;VIA DELLA MAGLIANELLA;in prossimit�;;del civico n.;320;;Scontro laterale fra veicoli in marcia;Rettilineo;Una carreggiata a senso unico di marcia;Asciutto;Asfaltata;Verticale ed orizzontale;Sereno;Intenso;Buona;;0;0;0;2;12.385;41.9126;-1;1;Autovettura privata;In marcia / fermata / arresto;Conducente;F;Illeso;0;;Non accertato;Inesploso
5048485;18;07/09/2020 17:45:00;Strada Urbana;VIA DELLA MAGLIANELLA;in prossimit�;;del civico n.;320;;Scontro laterale fra veicoli in marcia;Rettilineo;Una carreggiata a senso unico di marcia;Asciutto;Asfaltata;Verticale ed orizzontale;Sereno;Intenso;Buona;;0;0;0;2;12.385;41.9126;-1;2;Autovettura privata;In marcia / fermata / arresto;Conducente;M;Illeso;0;;Non accertato;Inesploso
5048570;13;08/09/2020 07:30:00;Strada Urbana;VIALE DELLA VILLA DI PLINIO;da specificare;;;;direzione via c. colombo;Veicolo in marcia contro ostacolo fisso;Rettilineo;Due carreggiate;Asciutto;Strada pavimentata dissestata;Verticale ed orizzontale;Sereno;Normale;Buona;;1;0;0;0;;;0;1;Motociclo a solo;In marcia / fermata / arresto;Conducente;M;Rimandato;0;NON DECEDUTO;;
5048635;18;07/09/2020 23:30:00;Strada Urbana;CIRCONVALLAZIONE CORNELIA;in prossimit�;;del civico n.;88;;Tamponamento;Rettilineo;Pi� di due carreggiate;Asciutto;Asfaltata;Verticale;Sereno;Scarso;Sufficiente;;1;0;0;1;12.4265;41.9011;-1;1;Autovettura privata;In marcia / fermata / arresto;Conducente;M;Illeso;0;;Non accertato;Inesploso
5048635;18;07/09/2020 23:30:00;Strada Urbana;CIRCONVALLAZIONE CORNELIA;in prossimit�;;del civico n.;88;;Tamponamento;Rettilineo;Pi� di due carreggiate;Asciutto;Asfaltata;Verticale;Sereno;Scarso;Sufficiente;;1;0;0;1;12.4265;41.9011;-1;2;Motociclo a solo;In marcia / fermata / arresto;Conducente;M;Rimandato;0;NON DECEDUTO;Non accertato;
5048658;7;08/09/2020 16:00:00;Strada Urbana;VIALE PALMIRO TOGLIATTI;in corrispondenza;;del civico n.;958;;Tamponamento;Rettilineo;Due carreggiate;Asciutto;Asfaltata;Orizzontale;Sereno;Normale;Buona;;0;0;0;3;12.5749;41.8925;-1;1;Autovettura privata;In marcia / fermata / arresto;Conducente;M;Illeso;0;;Non accertato;Inesploso
5048658;7;08/09/2020 16:00:00;Strada Urbana;VIALE PALMIRO TOGLIATTI;in corrispondenza;;del civico n.;958;;Tamponamento;Rettilineo;Due carreggiate;Asciutto;Asfaltata;Orizzontale;Sereno;Normale;Buona;;0;0;0;3;12.5749;41.8925;-1;1;Autovettura privata;In marcia / fermata / arresto;Passeggero;F;Illeso;0;;Non accertato;Inesploso
5048658;7;08/09/2020 16:00:00;Strada Urbana;VIALE PALMIRO TOGLIATTI;in corrispondenza;;del civico n.;958;;Tamponamento;Rettilineo;Due carreggiate;Asciutto;Asfaltata;Orizzontale;Sereno;Normale;Buona;;0;0;0;3;12.5749;41.8925;-1;2;Autovettura privata;In marcia / fermata / arresto;Conducente;M;Illeso;0;;Non accertato;Inesploso
5048692;18;08/09/2020 03:40:00;Statale;VIA AURELIA;da specificare;;;;fronte civico 830 (Km.8+300);Veicolo in marcia contro ostacolo fisso;Rettilineo;Due carreggiate;Asciutto;Asfaltata;Verticale ed orizzontale;Sereno;Scarso;Sufficiente;;0;0;0;1;12.4154;41.8923;0;1;Autovettura privata;In marcia / fermata / arresto;Conducente;M;Illeso;0;;Non accertato;Inesploso
5048698;15;08/09/2020 12:20:00;Strada Urbana;PIAZZA ANTONIO MEUCCI;all'intersezione con;VIA ODERISI DA GUBBIO;VIA ODERISI DA GUBBIO;;;Scontro laterale fra veicoli in marcia;Incrocio;Una carreggiata a senso unico di marcia;Asciutto;Asfaltata;Verticale ed orizzontale;Sereno;Normale;Buona;;0;0;0;7;12.4631;41.8618;-1;1;Autovettura privata;In marcia / fermata / arresto;Conducente;M;Illeso;0;;Non accertato;Inesploso
5048698;15;08/09/2020 12:20:00;Strada Urbana;PIAZZA ANTONIO MEUCCI;all'intersezione con;VIA ODERISI DA GUBBIO;VIA ODERISI DA GUBBIO;;;Scontro laterale fra veicoli in marcia;Incrocio;Una carreggiata a senso unico di marcia;Asciutto;Asfaltata;Verticale ed orizzontale;Sereno;Normale;Buona;;0;0;0;7;12.4631;41.8618;-1;1;Autovettura privata;In marcia / fermata / arresto;Passeggero;F;Illeso;0;;Non accertato;
5048698;15;08/09/2020 12:20:00;Strada Urbana;PIAZZA ANTONIO MEUCCI;all'intersezione con;VIA ODERISI DA GUBBIO;VIA ODERISI DA GUBBIO;;;Scontro laterale fra veicoli in marcia;Incrocio;Una carreggiata a senso unico di marcia;Asciutto;Asfaltata;Verticale ed orizzontale;Sereno;Normale;Buona;;0;0;0;7;12.4631;41.8618;-1;1;Autovettura privata;In marcia / fermata / arresto;Passeggero;F;Illeso;0;;;Inesploso
5048698;15;08/09/2020 12:20:00;Strada Urbana;PIAZZA ANTONIO MEUCCI;all'intersezione con;VIA ODERISI DA GUBBIO;VIA ODERISI DA GUBBIO;;;Scontro laterale fra veicoli in marcia;Incrocio;Una carreggiata a senso unico di marcia;Asciutto;Asfaltata;Verticale ed orizzontale;Sereno;Normale;Buona;;0;0;0;7;12.4631;41.8618;-1;1;Autovettura privata;In marcia / fermata / arresto;Passeggero;F;Illeso;0;;;Inesploso
5048698;15;08/09/2020 12:20:00;Strada Urbana;PIAZZA ANTONIO MEUCCI;all'intersezione con;VIA ODERISI DA GUBBIO;VIA ODERISI DA GUBBIO;;;Scontro laterale fra veicoli in marcia;Incrocio;Una carreggiata a senso unico di marcia;Asciutto;Asfaltata;Verticale ed orizzontale;Sereno;Normale;Buona;;0;0;0;7;12.4631;41.8618;-1;1;Autovettura privata;In marcia / fermata / arresto;Passeggero;M;Illeso;0;;;Inesploso
5048698;15;08/09/2020 12:20:00;Strada Urbana;PIAZZA ANTONIO MEUCCI;all'intersezione con;VIA ODERISI DA GUBBIO;VIA ODERISI DA GUBBIO;;;Scontro laterale fra veicoli in marcia;Incrocio;Una carreggiata a senso unico di marcia;Asciutto;Asfaltata;Verticale ed orizzontale;Sereno;Normale;Buona;;0;0;0;7;12.4631;41.8618;-1;2;Autovettura privata;In marcia / fermata / arresto;Conducente;F;Illeso;0;;Non accertato;Inesploso
5048698;15;08/09/2020 12:20:00;Strada Urbana;PIAZZA ANTONIO MEUCCI;all'intersezione con;VIA ODERISI DA GUBBIO;VIA ODERISI DA GUBBIO;;;Scontro laterale fra veicoli in marcia;Incrocio;Una carreggiata a senso unico di marcia;Asciutto;Asfaltata;Verticale ed orizzontale;Sereno;Normale;Buona;;0;0;0;7;12.4631;41.8618;-1;2;Autovettura privata;In marcia / fermata / arresto;Passeggero;M;Illeso;0;;Non accertato;Inesploso
5048734;15;08/09/2020 07:30:00;Strada Urbana;VIA ALESSANDRO BRISSE;in corrispondenza;;del civico n.;20/C;;Veicolo in marcia contro veicolo fermo;Rettilineo;Una carreggiata a senso unico di marcia;Asciutto;Asfaltata;Assente;Sereno;Normale;Buona;;0;0;0;3;12.4552;41.862;-1;1;Autocarro inferiore 35 q.;In marcia / fermata / arresto;Conducente;M;Illeso;0;;Non accertato;Inesploso
5048734;15;08/09/2020 07:30:00;Strada Urbana;VIA ALESSANDRO BRISSE;in corrispondenza;;del civico n.;20/C;;Veicolo in marcia contro veicolo fermo;Rettilineo;Una carreggiata a senso unico di marcia;Asciutto;Asfaltata;Assente;Sereno;Normale;Buona;;0;0;0;3;12.4552;41.862;-1;1;Autocarro inferiore 35 q.;In marcia / fermata / arresto;Passeggero;M;Illeso;0;;Non accertato;
5048734;15;08/09/2020 07:30:00;Strada Urbana;VIA ALESSANDRO BRISSE;in corrispondenza;;del civico n.;20/C;;Veicolo in marcia contro veicolo fermo;Rettilineo;Una carreggiata a senso unico di marcia;Asciutto;Asfaltata;Assente;Sereno;Normale;Buona;;0;0;0;3;12.4552;41.862;-1;2;Motociclo a solo;In marcia / fermata / arresto;Conducente;M;Illeso;0;;Non accertato;
5048734;15;08/09/2020 07:30:00;Strada Urbana;VIA ALESSANDRO BRISSE;in corrispondenza;;del civico n.;20/C;;Veicolo in marcia contro veicolo fermo;Rettilineo;Una carreggiata a senso unico di marcia;Asciutto;Asfaltata;Assente;Sereno;Normale;Buona;;0;0;0;3;12.4552;41.862;-1;3;Autovettura privata;Sosta;;;;;;;
5048785;16;07/09/2020 10:30:00;Strada Urbana;PIAZZALE ENRICO DUNANT;in corrispondenza;;del civico n.;FC 3;;Veicolo in marcia contro veicolo arresto;Rettilineo;Due carreggiate;Asciutto;Asfaltata;Verticale ed orizzontale;Sereno;Normale;Buona;;0;0;0;4;12.4578;41.873;-1;1;Motociclo a solo;In marcia / fermata / arresto;Conducente;M;Illeso;0;;;
5048785;16;07/09/2020 10:30:00;Strada Urbana;PIAZZALE ENRICO DUNANT;in corrispondenza;;del civico n.;FC 3;;Veicolo in marcia contro veicolo arresto;Rettilineo;Due carreggiate;Asciutto;Asfaltata;Verticale ed orizzontale;Sereno;Normale;Buona;;0;0;0;4;12.4578;41.873;-1;2;Autovettura privata;In marcia / fermata / arresto;Conducente;F;Illeso;0;;;
5048785;16;07/09/2020 10:30:00;Strada Urbana;PIAZZALE ENRICO DUNANT;in corrispondenza;;del civico n.;FC 3;;Veicolo in marcia contro veicolo arresto;Rettilineo;Due carreggiate;Asciutto;Asfaltata;Verticale ed orizzontale;Sereno;Normale;Buona;;0;0;0;4;12.4578;41.873;-1;3;Motociclo a solo;In marcia / fermata / arresto;Conducente;M;Illeso;0;;;
5048785;16;07/09/2020 10:30:00;Strada Urbana;PIAZZALE ENRICO DUNANT;in corrispondenza;;del civico n.;FC 3;;Veicolo in marcia contro veicolo arresto;Rettilineo;Due carreggiate;Asciutto;Asfaltata;Verticale ed orizzontale;Sereno;Normale;Buona;;0;0;0;4;12.4578;41.873;-1;4;Autocarro inferiore 35 q.;In marcia / fermata / arresto;Conducente;M;Illeso;0;;;
5048805;16;07/09/2020 12:20:00;Strada Urbana;VIA DELLA PISANA;in prossimit�;;del civico n.;112;;Tamponamento;Rettilineo;Una carreggiata a doppio senso;Asciutto;Asfaltata;Verticale ed orizzontale;Sereno;Normale;Buona;;0;0;0;2;12.4186;41.8832;-1;1;Autovettura privata;In marcia / fermata / arresto;Conducente;M;Illeso;0;;Non accertato;Inesploso
5048805;16;07/09/2020 12:20:00;Strada Urbana;VIA DELLA PISANA;in prossimit�;;del civico n.;112;;Tamponamento;Rettilineo;Una carreggiata a doppio senso;Asciutto;Asfaltata;Verticale ed orizzontale;Sereno;Normale;Buona;;0;0;0;2;12.4186;41.8832;-1;2;Autovettura privata;In marcia / fermata / arresto;Conducente;M;Illeso;0;;Non accertato;Inesploso
5048840;16;07/09/2020 22:10:00;;VIA FRATELLI BONNET;all'intersezione con;VIALE DELLE MURA GIANICOLENSI;VIALE DELLE MURA GIANICOLENSI;;;Scontro frontale/laterale DX fra veicoli in marcia;;;;;;;;;;0;0;0;3;;;0;1;Autovettura privata;In marcia / fermata / arresto;Conducente;M;Illeso;0;;;
5048840;16;07/09/2020 22:10:00;;VIA FRATELLI BONNET;all'intersezione con;VIALE DELLE MURA GIANICOLENSI;VIALE DELLE MURA GIANICOLENSI;;;Scontro frontale/laterale DX fra veicoli in marcia;;;;;;;;;;0;0;0;3;;;0;2;Monopattino elettrico;In marcia / fermata / arresto;Conducente;M;Illeso;0;;;
5048840;16;07/09/2020 22:10:00;;VIA FRATELLI BONNET;all'intersezione con;VIALE DELLE MURA GIANICOLENSI;VIALE DELLE MURA GIANICOLENSI;;;Scontro frontale/laterale DX fra veicoli in marcia;;;;;;;;;;0;0;0;3;;;0;2;Monopattino elettrico;In marcia / fermata / arresto;Passeggero;F;Illeso;0;;;
5048858;16;08/09/2020 01:30:00;Strada Urbana;VIA PORTUENSE;in corrispondenza;;del civico n.;471;;Scontro laterale fra veicoli in marcia;Rettilineo;Due carreggiate;Asciutto;Asfaltata;Orizzontale;Sereno;Scarso;Buona;;0;0;0;2;12.4526;41.8615;-1;1;Motociclo a solo;In marcia / fermata / arresto;Conducente;M;Illeso;0;;;
5048858;16;08/09/2020 01:30:00;Strada Urbana;VIA PORTUENSE;in corrispondenza;;del civico n.;471;;Scontro laterale fra veicoli in marcia;Rettilineo;Due carreggiate;Asciutto;Asfaltata;Orizzontale;Sereno;Scarso;Buona;;0;0;0;2;12.4526;41.8615;-1;2;Quadriciclo leggero;In marcia / fermata / arresto;Conducente;M;Illeso;0;;;
5048868;1;08/09/2020 13:50:00;Strada Urbana;CORSO DEL RINASCIMENTO;in prossimit�;;del civico n.;42;;Tamponamento;Rettilineo;Una carreggiata a doppio senso;Asciutto;In cubetti di porfido;Verticale ed orizzontale;Sereno;Normale;Buona;;0;0;0;3;12.474;41.8984;0;1;Autocarro inferiore 35 q.;In marcia / fermata / arresto;Conducente;M;Illeso;0;;Non accertato;Inesploso
5048868;1;08/09/2020 13:50:00;Strada Urbana;CORSO DEL RINASCIMENTO;in prossimit�;;del civico n.;42;;Tamponamento;Rettilineo;Una carreggiata a doppio senso;Asciutto;In cubetti di porfido;Verticale ed orizzontale;Sereno;Normale;Buona;;0;0;0;3;12.474;41.8984;0;2;Autovettura privata;In marcia / fermata / arresto;Conducente;M;Illeso;0;;Non accertato;Inesploso
5048868;1;08/09/2020 13:50:00;Strada Urbana;CORSO DEL RINASCIMENTO;in prossimit�;;del civico n.;42;;Tamponamento;Rettilineo;Una carreggiata a doppio senso;Asciutto;In cubetti di porfido;Verticale ed orizzontale;Sereno;Normale;Buona;;0;0;0;3;12.474;41.8984;0;2;Autovettura privata;In marcia / fermata / arresto;Passeggero;F;Illeso;0;;Non accertato;Inesploso
5048890;12;08/09/2020 14:00:00;Strada Urbana;VIALE CRISTOFORO COLOMBO;da specificare;;;;VIALE LIBANO (Distributore EWAPOINT);Scontro laterale fra veicoli in marcia;Rettilineo;Due carreggiate;Asciutto;Asfaltata;Orizzontale;Sereno;Normale;Buona;;0;0;0;3;12.4637;41.8202;-1;1;Autovettura privata;In marcia / fermata / arresto;Conducente;M;Illeso;0;;Non accertato;Inesploso
5048890;12;08/09/2020 14:00:00;Strada Urbana;VIALE CRISTOFORO COLOMBO;da specificare;;;;VIALE LIBANO (Distributore EWAPOINT);Scontro laterale fra veicoli in marcia;Rettilineo;Due carreggiate;Asciutto;Asfaltata;Orizzontale;Sereno;Normale;Buona;;0;0;0;3;12.4637;41.8202;-1;1;Autovettura privata;In marcia / fermata / arresto;Passeggero;M;Illeso;0;;Non accertato;Inesploso
5048890;12;08/09/2020 14:00:00;Strada Urbana;VIALE CRISTOFORO COLOMBO;da specificare;;;;VIALE LIBANO (Distributore EWAPOINT);Scontro laterale fra veicoli in marcia;Rettilineo;Due carreggiate;Asciutto;Asfaltata;Orizzontale;Sereno;Normale;Buona;;0;0;0;3;12.4637;41.8202;-1;2;Motociclo a solo;In marcia / fermata / arresto;Conducente;M;Illeso;0;;Non accertato;
5048893;1;08/09/2020 17:30:00;Strada Urbana;LARGO DEL TEATRO VALLE;in prossimit�;;del civico n.;2;;Veicolo in marcia contro veicolo fermo;Rettilineo;Una carreggiata a senso unico di marcia;Ghiacciato;Acciotolata;Verticale ed orizzontale;Sereno;Scarso;Buona;;0;0;0;3;12.4747;41.897;-1;1;Autovettura pubblica;In marcia / fermata / arresto;Conducente;M;Illeso;0;;Non accertato;Inesploso
5048893;1;08/09/2020 17:30:00;Strada Urbana;LARGO DEL TEATRO VALLE;in prossimit�;;del civico n.;2;;Veicolo in marcia contro veicolo fermo;Rettilineo;Una carreggiata a senso unico di marcia;Ghiacciato;Acciotolata;Verticale ed orizzontale;Sereno;Scarso;Buona;;0;0;0;3;12.4747;41.897;-1;2;Autovettura di polizia;In marcia / fermata / arresto;Conducente;M;Illeso;0;;Non accertato;Inesploso
5048893;1;08/09/2020 17:30:00;Strada Urbana;LARGO DEL TEATRO VALLE;in prossimit�;;del civico n.;2;;Veicolo in marcia contro veicolo fermo;Rettilineo;Una carreggiata a senso unico di marcia;Ghiacciato;Acciotolata;Verticale ed orizzontale;Sereno;Scarso;Buona;;0;0;0;3;12.4747;41.897;-1;2;Autovettura di polizia;In marcia / fermata / arresto;Passeggero;M;Illeso;0;;Non accertato;Inesploso
5048920;12;08/09/2020 08:40:00;Statale;VIA DEL MARE;da specificare;;;;ALTEZZA KM 13,800 direzione ROMA;Tamponamento Multiplo;Rettilineo;Una carreggiata a doppio senso;Asciutto;Asfaltata;Verticale ed orizzontale;Nuvoloso;Normale;Buona;;2;0;0;3;12.4632;41.8403;-1;1;Autovettura privata;In marcia / fermata / arresto;Conducente;M;Illeso;0;;Utilizzato;Esploso
5048920;12;08/09/2020 08:40:00;Statale;VIA DEL MARE;da specificare;;;;ALTEZZA KM 13,800 direzione ROMA;Tamponamento Multiplo;Rettilineo;Una carreggiata a doppio senso;Asciutto;Asfaltata;Verticale ed orizzontale;Nuvoloso;Normale;Buona;;2;0;0;3;12.4632;41.8403;-1;1;Autovettura privata;In marcia / fermata / arresto;Passeggero;F;Illeso;0;;Non accertato;Inesploso
5048920;12;08/09/2020 08:40:00;Statale;VIA DEL MARE;da specificare;;;;ALTEZZA KM 13,800 direzione ROMA;Tamponamento Multiplo;Rettilineo;Una carreggiata a doppio senso;Asciutto;Asfaltata;Verticale ed orizzontale;Nuvoloso;Normale;Buona;;2;0;0;3;12.4632;41.8403;-1;2;Autovettura privata;In marcia / fermata / arresto;Conducente;F;Rimandato;0;NON DECEDUTO;Utilizzato;Inesploso
5048920;12;08/09/2020 08:40:00;Statale;VIA DEL MARE;da specificare;;;;ALTEZZA KM 13,800 direzione ROMA;Tamponamento Multiplo;Rettilineo;Una carreggiata a doppio senso;Asciutto;Asfaltata;Verticale ed orizzontale;Nuvoloso;Normale;Buona;;2;0;0;3;12.4632;41.8403;-1;3;Autovettura privata;In marcia / fermata / arresto;Conducente;F;Rimandato;0;NON DECEDUTO;;
5048920;12;08/09/2020 08:40:00;Statale;VIA DEL MARE;da specificare;;;;ALTEZZA KM 13,800 direzione ROMA;Tamponamento Multiplo;Rettilineo;Una carreggiata a doppio senso;Asciutto;Asfaltata;Verticale ed orizzontale;Nuvoloso;Normale;Buona;;2;0;0;3;12.4632;41.8403;-1;4;Autovettura privata;In marcia / fermata / arresto;Conducente;F;Illeso;0;;Non accertato;Inesploso
5048924;19;08/09/2020 08:45:00;Strada Urbana;VIA DI S. MARIA DI GALERIA;in prossimit�;;del civico n.;630;;Scontro laterale fra veicoli in marcia;Rettilineo;Una carreggiata a doppio senso;Asciutto;Asfaltata;Assente;Sereno;Scarso;Buona;;0;0;0;3;12.3089;42.0159;-1;1;Autocarro inferiore 35 q.;In marcia / fermata / arresto;Conducente;M;Illeso;0;;Non accertato;Inesploso
5048924;19;08/09/2020 08:45:00;Strada Urbana;VIA DI S. MARIA DI GALERIA;in prossimit�;;del civico n.;630;;Scontro laterale fra veicoli in marcia;Rettilineo;Una carreggiata a doppio senso;Asciutto;Asfaltata;Assente;Sereno;Scarso;Buona;;0;0;0;3;12.3089;42.0159;-1;2;Autocarro inferiore 35 q.;In marcia / fermata / arresto;Conducente;M;Illeso;0;;Non accertato;Inesploso
5048924;19;08/09/2020 08:45:00;Strada Urbana;VIA DI S. MARIA DI GALERIA;in prossimit�;;del civico n.;630;;Scontro laterale fra veicoli in marcia;Rettilineo;Una carreggiata a doppio senso;Asciutto;Asfaltata;Assente;Sereno;Scarso;Buona;;0;0;0;3;12.3089;42.0159;-1;2;Autocarro inferiore 35 q.;In marcia / fermata / arresto;Passeggero;F;Illeso;0;;Non accertato;Inesploso
5048978;10;08/09/2020 12:42:00;Strada Urbana;PIAZZA QUINTO CURZIO;in prossimit�;;del civico n.;18;;Tamponamento;Rotatoria;Una carreggiata a senso unico di marcia;Asciutto;Asfaltata;Verticale ed orizzontale;Sereno;Normale;Buona;;1;0;0;2;12.5692;41.8555;-1;1;Autovettura privata;In marcia / fermata / arresto;Conducente;F;Illeso;0;;Non accertato;Inesploso
5048978;10;08/09/2020 12:42:00;Strada Urbana;PIAZZA QUINTO CURZIO;in prossimit�;;del civico n.;18;;Tamponamento;Rotatoria;Una carreggiata a senso unico di marcia;Asciutto;Asfaltata;Verticale ed orizzontale;Sereno;Normale;Buona;;1;0;0;2;12.5692;41.8555;-1;1;Autovettura privata;In marcia / fermata / arresto;Passeggero;F;Rimandato;0;NON DECEDUTO;Utilizzato;Inesploso
5048978;10;08/09/2020 12:42:00;Strada Urbana;PIAZZA QUINTO CURZIO;in prossimit�;;del civico n.;18;;Tamponamento;Rotatoria;Una carreggiata a senso unico di marcia;Asciutto;Asfaltata;Verticale ed orizzontale;Sereno;Normale;Buona;;1;0;0;2;12.5692;41.8555;-1;2;Autovettura privata;In marcia / fermata / arresto;Conducente;M;Illeso;0;;Non accertato;Inesploso
5049126;9;08/09/2020 20:15:00;Strada Urbana;VIA DELLE CAVE;all'intersezione semaforizzata con;LARGO VOLUMNIA;LARGO VOLUMNIA;;;Tamponamento;Intersezione semaforizzata;Due carreggiate;Asciutto;Asfaltata;Verticale ed orizzontale;Sereno;Normale;Buona;;0;0;0;2;12.5333;41.872;-1;1;Autovettura privata;In marcia / fermata / arresto;Conducente;M;Illeso;0;;Non accertato;Inesploso
5049126;9;08/09/2020 20:15:00;Strada Urbana;VIA DELLE CAVE;all'intersezione semaforizzata con;LARGO VOLUMNIA;LARGO VOLUMNIA;;;Tamponamento;Intersezione semaforizzata;Due carreggiate;Asciutto;Asfaltata;Verticale ed orizzontale;Sereno;Normale;Buona;;0;0;0;2;12.5333;41.872;-1;2;Autovettura privata;In marcia / fermata / arresto;Conducente;F;Illeso;0;;Non accertato;Inesploso
5049181;9;09/09/2020 02:05:00;;VIA DELLE CAVE;all'intersezione semaforizzata con;VIA ROCCA PRIORA;VIA ROCCA PRIORA;;;Tamponamento;;;;;;;;;;0;0;0;2;;;0;1;Autovettura privata;In marcia / fermata / arresto;Conducente;M;Illeso;0;;Non accertato;Inesploso
5049181;9;09/09/2020 02:05:00;;VIA DELLE CAVE;all'intersezione semaforizzata con;VIA ROCCA PRIORA;VIA ROCCA PRIORA;;;Tamponamento;;;;;;;;;;0;0;0;2;;;0;2;Motociclo a solo;In marcia / fermata / arresto;Conducente;M;Illeso;0;;Non accertato;
5049199;8;08/09/2020 17:00:00;Strada Urbana;VIA DI TORRENOVA;da specificare;;;;altezza intersezione con via Calimera;Veicolo in marcia contro veicolo in sosta;Rettilineo;Una carreggiata a doppio senso;Asciutto;Asfaltata;Verticale ed orizzontale;Sereno;Normale;Buona;;1;0;0;1;12.6183;41.8782;-1;1;Autovettura privata;In marcia / fermata / arresto;Conducente;F;Illeso;0;;;