Protocollo;Gruppo;DataOraIncidente;Localizzazione1;STRADA1;Localizzazione2;STRADA2;Strada02;Chilometrica;DaSpecificare;NaturaIncidente;particolaritastrade;TipoStrada;FondoStradale;Pavimentazione;Segnaletica;CondizioneAtmosferica;Traffico;Visibilita;Illuminazione;NUM_FERITI;NUM_RISERVATA;NUM_MORTI;NUM_ILLESI;Longitudine;Latitudine;Confermato;Progressivo;TipoVeicolo;StatoVeicolo;TipoPersona;Sesso;Tipolesione;Deceduto;DecedutoDopo;CinturaCascoUtilizzato;Airbag;
5050579;18;09/09/2020 09:00:00;Strada Urbana;VIA ENNIO BONIFAZI;in corrispondenza;;del civico n.;68;;Veicolo in marcia contro veicoli in sosta;Rettilineo;Una carreggiata a doppio senso;Asciutto;Asfaltata;Verticale ed orizzontale;Sereno;Normale;Buona;;0;0;0;0;12.4156;41.906;-1;2;Autovettura privata;Sosta;;;;;;;
5050579;18;09/09/2020 09:00:00;Strada Urbana;VIA ENNIO BONIFAZI;in corrispondenza;;del civico n.;68;;Veicolo in marcia contro veicoli in sosta;Rettilineo;Una carreggiata a doppio senso;Asciutto;Asfaltata;Verticale ed orizzontale;Sereno;Normale;Buona;;0;0;0;0;12.4156;41.906;-1;3;Autovettura privata;Sosta;;;;;;;
5050599;18;09/09/2020 07:30:00;Strada Urbana;CIRCONVALLAZIONE AURELIA;in corrispondenza;;del civico n.;1;;Tamponamento;Rettilineo;Una carreggiata a senso unico di marcia;Asciutto;Asfaltata;Verticale ed orizzontale;Sereno;Normale;Buona;;0;0;0;3;12.4281;41.8982;-1;1;Autovettura privata;In marcia / fermata / arresto;Conducente;M;Illeso;0;;Non accertato;Inesploso
5050599;18;09/09/2020 07:30:00;Strada Urbana;CIRCONVALLAZIONE AURELIA;in corrispondenza;;del civico n.;1;;Tamponamento;Rettilineo;Una carreggiata a senso unico di marcia;Asciutto;Asfaltata;Verticale ed orizzontale;Sereno;Normale;Buona;;0;0;0;3;12.4281;41.8982;-1;2;Autovettura privata;In marcia / fermata / arresto;Conducente;F;Illeso;0;;Non accertato;Inesploso
5050599;18;09/09/2020 07:30:00;Strada Urbana;CIRCONVALLAZIONE AURELIA;in corrispondenza;;del civico n.;1;;Tamponamento;Rettilineo;Una carreggiata a senso unico di marcia;Asciutto;Asfaltata;Verticale ed orizzontale;Sereno;Normale;Buona;;0;0;0;3;12.4281;41.8982;-1;2;Autovettura privata;In marcia / fermata / arresto;Passeggero;F;Illeso;0;;Non accertato;Inesploso
5050602;18;09/09/2020 12:00:00;Strada Urbana;VIA DI CASAL SELCE;in corrispondenza;;del civico n.;276;;Ribaltamento senza urto contro ostacolo fisso;Rettilineo;Una carreggiata a doppio senso;Asciutto;Asfaltata;Verticale ed orizzontale;Sereno;Scarso;Buona;;1;0;0;0;12.3501;41.9082;-1;1;Motociclo a solo;In marcia / fermata / arresto;Conducente;M;Rimandato;0;NON DECEDUTO;;
5050662;15;09/09/2020 16:25:00;Strada Urbana;VIA LUIGI ANGELONI;all'intersezione con;VIA PIETRO MARONCELLI;VIA PIETRO MARONCELLI;;;Scontro frontale/laterale SX fra veicoli in marcia;Incrocio;Una carreggiata a senso unico di marcia;Asciutto;Asfaltata;Verticale ed orizzontale;Sereno;Normale;Sufficiente;;1;0;0;1;12.45;41.8548;-1;1;Autovettura privata;In marcia / fermata / arresto;Conducente;M;Illeso;0;;Non accertato;
5050662;15;09/09/2020 16:25:00;Strada Urbana;VIA LUIGI ANGELONI;all'intersezione con;VIA PIETRO MARONCELLI;VIA PIETRO MARONCELLI;;;Scontro frontale/laterale SX fra veicoli in marcia;Incrocio;Una carreggiata a senso unico di marcia;Asciutto;Asfaltata;Verticale ed orizzontale;Sereno;Normale;Sufficiente;;1;0;0;1;12.45;41.8548;-1;2;Motociclo a solo;In marcia / fermata / arresto;Conducente;M;Ricoverato;0;NON DECEDUTO;Non accertato;
5050902;8;09/09/2020 11:00:00;Strada Urbana;VIA SILICELLA;in prossimit�;;del civico n.;150;;Tamponamento Multiplo;Rettilineo;Una carreggiata a doppio senso;Asciutto;Asfaltata;Orizzontale;Sereno;Normale;Buona;;0;0;0;4;12.5975;41.8575;-1;1;Autovettura privata;In marcia / fermata / arresto;Conducente;M;Illeso;0;;;
5050902;8;09/09/2020 11:00:00;Strada Urbana;VIA SILICELLA;in prossimit�;;del civico n.;150;;Tamponamento Multiplo;Rettilineo;Una carreggiata a doppio senso;Asciutto;Asfaltata;Orizzontale;Sereno;Normale;Buona;;0;0;0;4;12.5975;41.8575;-1;2;Autovettura privata;In marcia / fermata / arresto;Conducente;M;Illeso;0;;;
5050902;8;09/09/2020 11:00:00;Strada Urbana;VIA SILICELLA;in prossimit�;;del civico n.;150;;Tamponamento Multiplo;Rettilineo;Una carreggiata a doppio senso;Asciutto;Asfaltata;Orizzontale;Sereno;Normale;Buona;;0;0;0;4;12.5975;41.8575;-1;2;Autovettura privata;In marcia / fermata / arresto;Passeggero;M;Illeso;0;;;
5050902;8;09/09/2020 11:00:00;Strada Urbana;VIA SILICELLA;in prossimit�;;del civico n.;150;;Tamponamento Multiplo;Rettilineo;Una carreggiata a doppio senso;Asciutto;Asfaltata;Orizzontale;Sereno;Normale;Buona;;0;0;0;4;12.5975;41.8575;-1;3;Autovettura privata;In marcia / fermata / arresto;Conducente;M;Illeso;0;;;
5050903;8;09/09/2020 11:10:00;Strada Urbana;VIA CASILINA;all'intersezione con;VIA DEL CASALE DEL TORRACCIO;VIA DEL CASALE DEL TORRACCIO;;;Tamponamento Multiplo;Incrocio;Una carreggiata a doppio senso;Asciutto;Asfaltata;Verticale ed orizzontale;Sereno;Intenso;Buona;;4;0;0;1;12.6212;41.8626;-1;1;Autovettura privata;In marcia / fermata / arresto;Conducente;M;Rimandato;0;NON DECEDUTO;Non accertato;Inesploso
5050903;8;09/09/2020 11:10:00;Strada Urbana;VIA CASILINA;all'intersezione con;VIA DEL CASALE DEL TORRACCIO;VIA DEL CASALE DEL TORRACCIO;;;Tamponamento Multiplo;Incrocio;Una carreggiata a doppio senso;Asciutto;Asfaltata;Verticale ed orizzontale;Sereno;Intenso;Buona;;4;0;0;1;12.6212;41.8626;-1;1;Autovettura privata;In marcia / fermata / arresto;Passeggero;F;Rimandato;0;NON DECEDUTO;Non accertato;Inesploso
5050903;8;09/09/2020 11:10:00;Strada Urbana;VIA CASILINA;all'intersezione con;VIA DEL CASALE DEL TORRACCIO;VIA DEL CASALE DEL TORRACCIO;;;Tamponamento Multiplo;Incrocio;Una carreggiata a doppio senso;Asciutto;Asfaltata;Verticale ed orizzontale;Sereno;Intenso;Buona;;4;0;0;1;12.6212;41.8626;-1;2;Autovettura privata;In marcia / fermata / arresto;Conducente;F;Rimandato;0;NON DECEDUTO;Non accertato;Inesploso
5050903;8;09/09/2020 11:10:00;Strada Urbana;VIA CASILINA;all'intersezione con;VIA DEL CASALE DEL TORRACCIO;VIA DEL CASALE DEL TORRACCIO;;;Tamponamento Multiplo;Incrocio;Una carreggiata a doppio senso;Asciutto;Asfaltata;Verticale ed orizzontale;Sereno;Intenso;Buona;;4;0;0;1;12.6212;41.8626;-1;2;Autovettura privata;In marcia / fermata / arresto;Passeggero;F;Rimandato;0;NON DECEDUTO;Non accertato;Inesploso
5050903;8;09/09/2020 11:10:00;Strada Urbana;VIA CASILINA;all'intersezione con;VIA DEL CASALE DEL TORRACCIO;VIA DEL CASALE DEL TORRACCIO;;;Tamponamento Multiplo;Incrocio;Una carreggiata a doppio senso;Asciutto;Asfaltata;Verticale ed orizzontale;Sereno;Intenso;Buona;;4;0;0;1;12.6212;41.8626;-1;3;Autovettura privata;In marcia / fermata / arresto;Conducente;M;Illeso;0;;Non accertato;Inesploso
5050905;8;09/09/2020 17:10:00;Strada Urbana;VIA TORREGROTTA;in corrispondenza;;del civico n.;115;;Veicolo in marcia contro veicolo in sosta;Rettilineo;Una carreggiata a senso unico di marcia;Asciutto;Asfaltata;Verticale ed orizzontale;Sereno;Scarso;Buona;;0;0;0;1;12.677;41.8687;-1;1;Autoarticolato;In marcia / fermata / arresto;Conducente;M;Illeso;0;;Non accertato;Inesploso
5050905;8;09/09/2020 17:10:00;Strada Urbana;VIA TORREGROTTA;in corrispondenza;;del civico n.;115;;Veicolo in marcia contro veicolo in sosta;Rettilineo;Una carreggiata a senso unico di marcia;Asciutto;Asfaltata;Verticale ed orizzontale;Sereno;Scarso;Buona;;0;0;0;1;12.677;41.8687;-1;2;Autovettura privata;Sosta;;;;;;;
5050922;19;09/09/2020 12:15:00;Strada Urbana;VIA COGOLETO;in corrispondenza;;del civico n.;45;;Investimento di pedone;Rettilineo;Una carreggiata a doppio senso;Asciutto;Asfaltata;Verticale ed orizzontale;Sereno;Normale;Buona;;0;0;0;2;12.4233;41.9291;-1;;;;Pedone;F;Illeso;0;;;
5050922;19;09/09/2020 12:15:00;Strada Urbana;VIA COGOLETO;in corrispondenza;;del civico n.;45;;Investimento di pedone;Rettilineo;Una carreggiata a doppio senso;Asciutto;Asfaltata;Verticale ed orizzontale;Sereno;Normale;Buona;;0;0;0;2;12.4233;41.9291;-1;1;Autovettura privata;In marcia / fermata / arresto;Conducente;M;Illeso;0;;Non accertato;Inesploso
5050947;15;09/09/2020 18:00:00;Strada Urbana;VIA DOMENICO FRUGIUELE;in corrispondenza;;del civico n.;4;;Tamponamento;Rettilineo;Una carreggiata a doppio senso;Asciutto;Asfaltata;Verticale ed orizzontale;Sereno;Normale;Buona;;0;0;0;2;12.4513;41.8559;-1;1;Autovettura privata;In marcia / fermata / arresto;Conducente;M;Illeso;0;;Non accertato;Inesploso
5050947;15;09/09/2020 18:00:00;Strada Urbana;VIA DOMENICO FRUGIUELE;in corrispondenza;;del civico n.;4;;Tamponamento;Rettilineo;Una carreggiata a doppio senso;Asciutto;Asfaltata;Verticale ed orizzontale;Sereno;Normale;Buona;;0;0;0;2;12.4513;41.8559;-1;2;Autovettura privata;In marcia / fermata / arresto;Conducente;F;Illeso;0;;Non accertato;Inesploso
5050960;19;09/09/2020 09:25:00;Strada Urbana;VIA MATTIA BATTISTINI;all'intersezione con;VIA DELLE CALASANZIANE;VIA DELLE CALASANZIANE;;;Scontro frontale/laterale SX fra veicoli in marcia;Intersezione non regolata/non segnalata;Una carreggiata a doppio senso;Asciutto;Asfaltata;Verticale ed orizzontale;Sereno;Scarso;Buona;;1;0;0;2;12.4185;41.9185;-1;1;Autocarro inferiore 35 q.;In marcia / fermata / arresto;Conducente;M;Illeso;0;;Utilizzato;Inesploso
5050960;19;09/09/2020 09:25:00;Strada Urbana;VIA MATTIA BATTISTINI;all'intersezione con;VIA DELLE CALASANZIANE;VIA DELLE CALASANZIANE;;;Scontro frontale/laterale SX fra veicoli in marcia;Intersezione non regolata/non segnalata;Una carreggiata a doppio senso;Asciutto;Asfaltata;Verticale ed orizzontale;Sereno;Scarso;Buona;;1;0;0;2;12.4185;41.9185;-1;1;Autocarro inferiore 35 q.;In marcia / fermata / arresto;Passeggero;M;Illeso;0;;Non accertato;Inesploso
5050960;19;09/09/2020 09:25:00;Strada Urbana;VIA MATTIA BATTISTINI;all'intersezione con;VIA DELLE CALASANZIANE;VIA DELLE CALASANZIANE;;;Scontro frontale/laterale SX fra veicoli in marcia;Intersezione non regolata/non segnalata;Una carreggiata a doppio senso;Asciutto;Asfaltata;Verticale ed orizzontale;Sereno;Scarso;Buona;;1;0;0;2;12.4185;41.9185;-1;2;Motociclo a solo;In marcia / fermata / arresto;Conducente;M;Rimandato;0;NON DECEDUTO;;
5050968;12;09/09/2020 16:30:00;Strada Urbana;VIALE CITTA' D'EUROPA;in prossimit�;;del civico n.;591;;Veicolo in marcia contro ostacolo fisso;Rettilineo;Due carreggiate;Asciutto;Asfaltata;Verticale ed orizzontale;Sereno;Normale;Buona;;0;0;0;1;12.4493;41.8192;-1;1;Autocarro superiore 35 q.;In marcia / fermata / arresto;Conducente;M;Illeso;0;;;
5050968;12;09/09/2020 16:30:00;Strada Urbana;VIALE CITTA' D'EUROPA;in prossimit�;;del civico n.;591;;Veicolo in marcia contro ostacolo fisso;Rettilineo;Due carreggiate;Asciutto;Asfaltata;Verticale ed orizzontale;Sereno;Normale;Buona;;0;0;0;1;12.4493;41.8192;-1;2;Autocarro inferiore 35 q.;Sosta;;;;;;;
5050968;12;09/09/2020 16:30:00;Strada Urbana;VIALE CITTA' D'EUROPA;in prossimit�;;del civico n.;591;;Veicolo in marcia contro ostacolo fisso;Rettilineo;Due carreggiate;Asciutto;Asfaltata;Verticale ed orizzontale;Sereno;Normale;Buona;;0;0;0;1;12.4493;41.8192;-1;3;Autovettura privata;Sosta;;;;;;;
5050968;12;09/09/2020 16:30:00;Strada Urbana;VIALE CITTA' D'EUROPA;in prossimit�;;del civico n.;591;;Veicolo in marcia contro ostacolo fisso;Rettilineo;Due carreggiate;Asciutto;Asfaltata;Verticale ed orizzontale;Sereno;Normale;Buona;;0;0;0;1;12.4493;41.8192;-1;4;Autovettura privata;Sosta;;;;;;;
5050978;7;09/09/2020 12:10:00;Strada Urbana;VIALE PALMIRO TOGLIATTI;in prossimit�;;del civico n.;938;;Scontro frontale/laterale SX fra veicoli in marcia;Rettilineo;Due carreggiate;Asciutto;Asfaltata;Temporanea di cantiere;Sereno;Normale;Buona;;0;0;0;2;12.572;41.877;-1;1;Motociclo a solo;In marcia / fermata / arresto;Conducente;M;Illeso;0;;;
5050978;7;09/09/2020 12:10:00;Strada Urbana;VIALE PALMIRO TOGLIATTI;in prossimit�;;del civico n.;938;;Scontro frontale/laterale SX fra veicoli in marcia;Rettilineo;Due carreggiate;Asciutto;Asfaltata;Temporanea di cantiere;Sereno;Normale;Buona;;0;0;0;2;12.572;41.877;-1;2;Motociclo a solo;In marcia / fermata / arresto;Conducente;M;Illeso;0;;;
5050998;12;09/09/2020 17:10:00;Strada Urbana;PIAZZA GUGLIELMO MARCONI;da specificare;;;;VIA C.COLOMBO lato VIALE ASIA;Scontro frontale/laterale SX fra veicoli in marcia;Rotatoria;Due carreggiate;Asciutto;Asfaltata;Verticale ed orizzontale;Sereno;Intenso;Buona;;1;0;0;2;12.4711;41.8335;-1;1;Motociclo a solo;In marcia / fermata / arresto;Conducente;M;Rimandato;0;NON DECEDUTO;Non accertato;
5050998;12;09/09/2020 17:10:00;Strada Urbana;PIAZZA GUGLIELMO MARCONI;da specificare;;;;VIA C.COLOMBO lato VIALE ASIA;Scontro frontale/laterale SX fra veicoli in marcia;Rotatoria;Due carreggiate;Asciutto;Asfaltata;Verticale ed orizzontale;Sereno;Intenso;Buona;;1;0;0;2;12.4711;41.8335;-1;2;Autocarro inferiore 35 q.;In marcia / fermata / arresto;Conducente;F;Illeso;0;;Non accertato;Inesploso
5050998;12;09/09/2020 17:10:00;Strada Urbana;PIAZZA GUGLIELMO MARCONI;da specificare;;;;VIA C.COLOMBO lato VIALE ASIA;Scontro frontale/laterale SX fra veicoli in marcia;Rotatoria;Due carreggiate;Asciutto;Asfaltata;Verticale ed orizzontale;Sereno;Intenso;Buona;;1;0;0;2;12.4711;41.8335;-1;2;Autocarro inferiore 35 q.;In marcia / fermata / arresto;Passeggero;F;Illeso;0;;Non accertato;Inesploso
5051025;11;09/09/2020 09:00:00;Strada Urbana;VIALE GUGLIELMO MARCONI;all'intersezione con;VIA DEI CADUTI SENZA CROCE;VIA DEI CADUTI SENZA CROCE;;;Scontro laterale fra veicoli in marcia;Intersezione stradale segnalata;Due carreggiate;Asciutto;Asfaltata;Verticale ed orizzontale;Sereno;Normale;Buona;;2;0;0;1;12.4743;41.8504;-1;1;Autocarro inferiore 35 q.;In marcia / fermata / arresto;Conducente;M;Illeso;0;;Non accertato;
5051025;11;09/09/2020 09:00:00;Strada Urbana;VIALE GUGLIELMO MARCONI;all'intersezione con;VIA DEI CADUTI SENZA CROCE;VIA DEI CADUTI SENZA CROCE;;;Scontro laterale fra veicoli in marcia;Intersezione stradale segnalata;Due carreggiate;Asciutto;Asfaltata;Verticale ed orizzontale;Sereno;Normale;Buona;;2;0;0;1;12.4743;41.8504;-1;2;Ciclomotore;In marcia / fermata / arresto;Conducente;M;Rimandato;0;NON DECEDUTO;Non accertato;
5051025;11;09/09/2020 09:00:00;Strada Urbana;VIALE GUGLIELMO MARCONI;all'intersezione con;VIA DEI CADUTI SENZA CROCE;VIA DEI CADUTI SENZA CROCE;;;Scontro laterale fra veicoli in marcia;Intersezione stradale segnalata;Due carreggiate;Asciutto;Asfaltata;Verticale ed orizzontale;Sereno;Normale;Buona;;2;0;0;1;12.4743;41.8504;-1;2;Ciclomotore;In marcia / fermata / arresto;Passeggero;M;Rimandato;0;NON DECEDUTO;Non accertato;
5051028;20;09/09/2020 13:40:00;Strada Urbana;VIALE DI TOR DI QUINTO;in prossimit�;;del palo luce n.;fr. 102;;Tamponamento Multiplo;Rettilineo;Due carreggiate;Asciutto;Asfaltata;Verticale ed orizzontale;Sereno;Normale;Buona;;3;0;0;1;12.4785;41.9447;-1;1;Autovettura privata;In marcia / fermata / arresto;Conducente;F;Rimandato;0;NON DECEDUTO;Non accertato;Inesploso
5051028;20;09/09/2020 13:40:00;Strada Urbana;VIALE DI TOR DI QUINTO;in prossimit�;;del palo luce n.;fr. 102;;Tamponamento Multiplo;Rettilineo;Due carreggiate;Asciutto;Asfaltata;Verticale ed orizzontale;Sereno;Normale;Buona;;3;0;0;1;12.4785;41.9447;-1;1;Autovettura privata;In marcia / fermata / arresto;Passeggero;F;Rimandato;0;NON DECEDUTO;Non accertato;Inesploso
5051028;20;09/09/2020 13:40:00;Strada Urbana;VIALE DI TOR DI QUINTO;in prossimit�;;del palo luce n.;fr. 102;;Tamponamento Multiplo;Rettilineo;Due carreggiate;Asciutto;Asfaltata;Verticale ed orizzontale;Sereno;Normale;Buona;;3;0;0;1;12.4785;41.9447;-1;2;Autovettura privata;In marcia / fermata / arresto;Conducente;F;Rimandato;0;NON DECEDUTO;Non accertato;Inesploso
5051028;20;09/09/2020 13:40:00;Strada Urbana;VIALE DI TOR DI QUINTO;in prossimit�;;del palo luce n.;fr. 102;;Tamponamento Multiplo;Rettilineo;Due carreggiate;Asciutto;Asfaltata;Verticale ed orizzontale;Sereno;Normale;Buona;;3;0;0;1;12.4785;41.9447;-1;3;Autovettura privata;In marcia / fermata / arresto;Conducente;M;Illeso;0;;Non accertato;Inesploso
5051029;5;09/09/2020 09:20:00;Strada Urbana;VIA RUBELLIA;all'intersezione con;VIA DI CASAL BIANCO;VIA DI CASAL BIANCO;;;Scontro frontale/laterale SX fra veicoli in marcia;Incrocio;Una carreggiata a doppio senso;Asciutto;Asfaltata;Verticale ed orizzontale;Sereno;Normale;Buona;;0;0;0;3;12.6236;41.9389;-1;1;Autovettura privata;In marcia / fermata / arresto;Conducente;M;Illeso;0;;Non accertato;Inesploso
5051029;5;09/09/2020 09:20:00;Strada Urbana;VIA RUBELLIA;all'intersezione con;VIA DI CASAL BIANCO;VIA DI CASAL BIANCO;;;Scontro frontale/laterale SX fra veicoli in marcia;Incrocio;Una carreggiata a doppio senso;Asciutto;Asfaltata;Verticale ed orizzontale;Sereno;Normale;Buona;;0;0;0;3;12.6236;41.9389;-1;1;Autovettura privata;In marcia / fermata / arresto;Passeggero;F;Illeso;0;;Non accertato;Inesploso
5051029;5;09/09/2020 09:20:00;Strada Urbana;VIA RUBELLIA;all'intersezione con;VIA DI CASAL BIANCO;VIA DI CASAL BIANCO;;;Scontro frontale/laterale SX fra veicoli in marcia;Incrocio;Una carreggiata a doppio senso;Asciutto;Asfaltata;Verticale ed orizzontale;Sereno;Normale;Buona;;0;0;0;3;12.6236;41.9389;-1;2;Autovettura privata;In marcia / fermata / arresto;Conducente;F;Illeso;0;;Non accertato;Inesploso
5051032;7;09/09/2020 19:13:00;Strada Urbana;VIA DELLA RUSTICA;in prossimit�;;del civico n.;251;;Scontro frontale/laterale DX fra veicoli in marcia;Rettilineo;Una carreggiata a doppio senso;Asciutto;Asfaltata;Assente;Sereno;Normale;Sufficiente;;1;0;0;2;12.6094;41.9138;-1;1;Autovettura privata;In marcia / fermata / arresto;Conducente;F;Illeso;0;;;
5051032;7;09/09/2020 19:13:00;Strada Urbana;VIA DELLA RUSTICA;in prossimit�;;del civico n.;251;;Scontro frontale/laterale DX fra veicoli in marcia;Rettilineo;Una carreggiata a doppio senso;Asciutto;Asfaltata;Assente;Sereno;Normale;Sufficiente;;1;0;0;2;12.6094;41.9138;-1;1;Autovettura privata;In marcia / fermata / arresto;Passeggero;M;Illeso;0;;Non accertato;Inesploso
5051032;7;09/09/2020 19:13:00;Strada Urbana;VIA DELLA RUSTICA;in prossimit�;;del civico n.;251;;Scontro frontale/laterale DX fra veicoli in marcia;Rettilineo;Una carreggiata a doppio senso;Asciutto;Asfaltata;Assente;Sereno;Normale;Sufficiente;;1;0;0;2;12.6094;41.9138;-1;2;Motociclo con passeggero;In marcia / fermata / arresto;Conducente;M;Rimandato;0;NON DECEDUTO;Non accertato;
5051036;20;09/09/2020 16:30:00;Strada Urbana;VIA FLAMINIA NUOVA;da specificare;;;;prossimit� palo ACEA 38;Tamponamento Multiplo;Rettilineo;Una carreggiata a doppio senso;Asciutto;Asfaltata;Verticale ed orizzontale;Sereno;Intenso;Buona;;0;0;0;4;12.4815;41.963;-1;1;Autocarro inferiore 35 q.;In marcia / fermata / arresto;Conducente;M;Illeso;0;;Non accertato;
5051036;20;09/09/2020 16:30:00;Strada Urbana;VIA FLAMINIA NUOVA;da specificare;;;;prossimit� palo ACEA 38;Tamponamento Multiplo;Rettilineo;Una carreggiata a doppio senso;Asciutto;Asfaltata;Verticale ed orizzontale;Sereno;Intenso;Buona;;0;0;0;4;12.4815;41.963;-1;2;Autovettura privata;In marcia / fermata / arresto;Conducente;M;Illeso;0;;Non accertato;
5051036;20;09/09/2020 16:30:00;Strada Urbana;VIA FLAMINIA NUOVA;da specificare;;;;prossimit� palo ACEA 38;Tamponamento Multiplo;Rettilineo;Una carreggiata a doppio senso;Asciutto;Asfaltata;Verticale ed orizzontale;Sereno;Intenso;Buona;;0;0;0;4;12.4815;41.963;-1;3;Autovettura privata;In marcia / fermata / arresto;Conducente;M;Illeso;0;;;
5051036;20;09/09/2020 16:30:00;Strada Urbana;VIA FLAMINIA NUOVA;da specificare;;;;prossimit� palo ACEA 38;Tamponamento Multiplo;Rettilineo;Una carreggiata a doppio senso;Asciutto;Asfaltata;Verticale ed orizzontale;Sereno;Intenso;Buona;;0;0;0;4;12.4815;41.963;-1;3;Autovettura privata;In marcia / fermata / arresto;Passeggero;M;Illeso;0;;Non accertato;
5051038;19;09/09/2020 20:05:00;Strada Urbana;VIA TRIONFALE;in corrispondenza;;del civico n.;7400;;Investimento di pedone;Rettilineo;Una carreggiata a doppio senso;Asciutto;Asfaltata;Orizzontale;Sereno;Scarso;Insufficiente;;0;0;0;2;12.435;41.9357;-1;;;;Pedone;M;Illeso;0;;;
5051038;19;09/09/2020 20:05:00;Strada Urbana;VIA TRIONFALE;in corrispondenza;;del civico n.;7400;;Investimento di pedone;Rettilineo;Una carreggiata a doppio senso;Asciutto;Asfaltata;Orizzontale;Sereno;Scarso;Insufficiente;;0;0;0;2;12.435;41.9357;-1;1;Autovettura privata;In marcia / fermata / arresto;Conducente;M;Illeso;0;;;
5051049;20;10/09/2020 03:50:00;Strada Urbana;VIA DI GROTTAROSSA;da specificare;;;;300 MT DOPO VIA CRESCENZA DIR. OSPEDALE S. ANDREA;Veicolo in marcia contro ostacolo fisso;Curva senza visuale libera;Una carreggiata a doppio senso;Asciutto;Asfaltata;Orizzontale;Sereno;Scarso;Insufficiente;;0;0;0;1;12.4629;41.9744;-1;1;Autovettura privata;In marcia / fermata / arresto;Conducente;M;Illeso;0;;Non accertato;
5051057;20;09/09/2020 07:30:00;Regionale entro l'abitato;VIA CASSIA;da specificare;;;;PROSS. 1530 CORR. PALO ACEA 304;Fuoriuscita dalla sede stradale;Curva a visuale libera;Una carreggiata a senso unico di marcia;Asciutto;Asfaltata;Verticale ed orizzontale;Sereno;Normale;Buona;;0;0;0;1;12.4137;41.9828;-1;1;Autovettura privata;In marcia / fermata / arresto;Conducente;M;Illeso;0;;;
5051059;19;09/09/2020 19:15:00;Strada Urbana;VIA PROBA PETRONIA;all'intersezione con;VIA DECIMO LABERIO;VIA DECIMO LABERIO;;;Veicolo in marcia contro veicolo in sosta;Incrocio;Una carreggiata a doppio senso;Asciutto;Asfaltata;Verticale;Sereno;Normale;Buona;;0;0;0;0;12.4366;41.9134;-1;1;Autovettura privata;Allontanatosi;;;;;;;
5051059;19;09/09/2020 19:15:00;Strada Urbana;VIA PROBA PETRONIA;all'intersezione con;VIA DECIMO LABERIO;VIA DECIMO LABERIO;;;Veicolo in marcia contro veicolo in sosta;Incrocio;Una carreggiata a doppio senso;Asciutto;Asfaltata;Verticale;Sereno;Normale;Buona;;0;0;0;0;12.4366;41.9134;-1;2;Autovettura privata;Sosta;;;;;;;
5051061;5;09/09/2020 19:30:00;Strada Urbana;VIA DEI MONTI TIBURTINI;da specificare;;;;in prossimit�  civ.414;Scontro laterale fra veicoli in marcia;Rettilineo;Due carreggiate;Asciutto;Asfaltata;Verticale ed orizzontale;Sereno;Intenso;Buona;;0;0;0;3;12.5334;41.9202;-1;1;Autovettura privata;In marcia / fermata / arresto;Conducente;F;Illeso;0;;Non accertato;Inesploso
5051061;5;09/09/2020 19:30:00;Strada Urbana;VIA DEI MONTI TIBURTINI;da specificare;;;;in prossimit�  civ.414;Scontro laterale fra veicoli in marcia;Rettilineo;Due carreggiate;Asciutto;Asfaltata;Verticale ed orizzontale;Sereno;Intenso;Buona;;0;0;0;3;12.5334;41.9202;-1;1;Autovettura privata;In marcia / fermata / arresto;Passeggero;M;Illeso;0;;Non accertato;Inesploso
5051061;5;09/09/2020 19:30:00;Strada Urbana;VIA DEI MONTI TIBURTINI;da specificare;;;;in prossimit�  civ.414;Scontro laterale fra veicoli in marcia;Rettilineo;Due carreggiate;Asciutto;Asfaltata;Verticale ed orizzontale;Sereno;Intenso;Buona;;0;0;0;3;12.5334;41.9202;-1;2;Autovettura privata;In marcia / fermata / arresto;Conducente;M;Illeso;0;;Non accertato;Inesploso
5051064;12;09/09/2020 16:05:00;Strada Urbana;VIALE OCEANO ATLANTICO ;all'intersezione con;VIA RHODESIA;VIA RHODESIA;;;Scontro frontale/laterale DX fra veicoli in marcia;Incrocio;Due carreggiate;Asciutto;Asfaltata;Verticale ed orizzontale;Sereno;Normale;Buona;;0;0;0;2;12.4705;41.8201;-1;1;Autovettura privata;In marcia / fermata / arresto;Conducente;F;Illeso;0;;;
5051064;12;09/09/2020 16:05:00;Strada Urbana;VIALE OCEANO ATLANTICO ;all'intersezione con;VIA RHODESIA;VIA RHODESIA;;;Scontro frontale/laterale DX fra veicoli in marcia;Incrocio;Due carreggiate;Asciutto;Asfaltata;Verticale ed orizzontale;Sereno;Normale;Buona;;0;0;0;2;12.4705;41.8201;-1;2;Autovettura privata;In marcia / fermata / arresto;Conducente;M;Illeso;0;;;
5051072;6;09/09/2020 19:00:00;Strada Urbana;VIA TOR DE' SCHIAVI;da specificare;;;;pross. civ. 404 direz. Prenestina;Veicolo in marcia contro veicolo in sosta;Rettilineo;Due carreggiate;Asciutto;Asfaltata;Verticale ed orizzontale;Sereno;Normale;Sufficiente;;0;0;0;2;12.5596;41.8939;-1;1;Autovettura privata;In marcia / fermata / arresto;Conducente;M;Illeso;0;;Non accertato;Inesploso
5051072;6;09/09/2020 19:00:00;Strada Urbana;VIA TOR DE' SCHIAVI;da specificare;;;;pross. civ. 404 direz. Prenestina;Veicolo in marcia contro veicolo in sosta;Rettilineo;Due carreggiate;Asciutto;Asfaltata;Verticale ed orizzontale;Sereno;Normale;Sufficiente;;0;0;0;2;12.5596;41.8939;-1;1;Autovettura privata;In marcia / fermata / arresto;Passeggero;M;Illeso;0;;;