Protocollo;Gruppo;DataOraIncidente;Localizzazione1;STRADA1;Localizzazione2;STRADA2;Strada02;Chilometrica;DaSpecificare;NaturaIncidente;particolaritastrade;TipoStrada;FondoStradale;Pavimentazione;Segnaletica;CondizioneAtmosferica;Traffico;Visibilita;Illuminazione;NUM_FERITI;NUM_RISERVATA;NUM_MORTI;NUM_ILLESI;Longitudine;Latitudine;Confermato;Progressivo;TipoVeicolo;StatoVeicolo;TipoPersona;Sesso;Tipolesione;Deceduto;DecedutoDopo;CinturaCascoUtilizzato;Airbag;
5051072;6;09/09/2020 19:00:00;Strada Urbana;VIA TOR DE' SCHIAVI;da specificare;;;;pross. civ. 404 direz. Prenestina;Veicolo in marcia contro veicolo in sosta;Rettilineo;Due carreggiate;Asciutto;Asfaltata;Verticale ed orizzontale;Sereno;Normale;Sufficiente;;0;0;0;2;12.5596;41.8939;-1;2;Autovettura privata;Sosta;;;;;;;
5051076;9;09/09/2020 18:20:00;Strada Urbana;PIAZZA CAMILLO FINOCCHIARO APRILE;da specificare;;;;in corrispondenza del palo acea 3;Veicolo in marcia contro veicolo fermo;Rettilineo;Una carreggiata a doppio senso;Asciutto;Asfaltata;Verticale ed orizzontale;Sereno;Normale;Buona;;0;0;0;5;12.5202;41.8767;-1;1;Autovettura privata;In marcia / fermata / arresto;Conducente;M;Illeso;0;;;
5051076;9;09/09/2020 18:20:00;Strada Urbana;PIAZZA CAMILLO FINOCCHIARO APRILE;da specificare;;;;in corrispondenza del palo acea 3;Veicolo in marcia contro veicolo fermo;Rettilineo;Una carreggiata a doppio senso;Asciutto;Asfaltata;Verticale ed orizzontale;Sereno;Normale;Buona;;0;0;0;5;12.5202;41.8767;-1;1;Autovettura privata;In marcia / fermata / arresto;Passeggero;M;Illeso;0;;Non accertato;Inesploso
5051076;9;09/09/2020 18:20:00;Strada Urbana;PIAZZA CAMILLO FINOCCHIARO APRILE;da specificare;;;;in corrispondenza del palo acea 3;Veicolo in marcia contro veicolo fermo;Rettilineo;Una carreggiata a doppio senso;Asciutto;Asfaltata;Verticale ed orizzontale;Sereno;Normale;Buona;;0;0;0;5;12.5202;41.8767;-1;1;Autovettura privata;In marcia / fermata / arresto;Passeggero;F;Illeso;0;;Non accertato;Inesploso
5051076;9;09/09/2020 18:20:00;Strada Urbana;PIAZZA CAMILLO FINOCCHIARO APRILE;da specificare;;;;in corrispondenza del palo acea 3;Veicolo in marcia contro veicolo fermo;Rettilineo;Una carreggiata a doppio senso;Asciutto;Asfaltata;Verticale ed orizzontale;Sereno;Normale;Buona;;0;0;0;5;12.5202;41.8767;-1;2;Autovettura privata;In marcia / fermata / arresto;Conducente;M;Illeso;0;;Non accertato;Inesploso
5051076;9;09/09/2020 18:20:00;Strada Urbana;PIAZZA CAMILLO FINOCCHIARO APRILE;da specificare;;;;in corrispondenza del palo acea 3;Veicolo in marcia contro veicolo fermo;Rettilineo;Una carreggiata a doppio senso;Asciutto;Asfaltata;Verticale ed orizzontale;Sereno;Normale;Buona;;0;0;0;5;12.5202;41.8767;-1;2;Autovettura privata;In marcia / fermata / arresto;Passeggero;F;Illeso;0;;Non accertato;Inesploso
5051078;15;09/09/2020 20:40:00;Strada Urbana;VIA GUGLIELMO MENGARINI;da specificare;;;;prox via A. Cucchini;Veicolo in marcia contro veicolo in sosta;Rettilineo;Una carreggiata a senso unico alternato;Asciutto;Asfaltata;Verticale ed orizzontale;Sereno;Scarso;Sufficiente;;0;0;0;2;12.4575;41.8623;-1;1;Autovettura privata;In marcia / fermata / arresto;Conducente;F;Illeso;0;;Non accertato;Inesploso
5051078;15;09/09/2020 20:40:00;Strada Urbana;VIA GUGLIELMO MENGARINI;da specificare;;;;prox via A. Cucchini;Veicolo in marcia contro veicolo in sosta;Rettilineo;Una carreggiata a senso unico alternato;Asciutto;Asfaltata;Verticale ed orizzontale;Sereno;Scarso;Sufficiente;;0;0;0;2;12.4575;41.8623;-1;1;Autovettura privata;In marcia / fermata / arresto;Passeggero;F;Illeso;0;;Non accertato;Inesploso
5051078;15;09/09/2020 20:40:00;Strada Urbana;VIA GUGLIELMO MENGARINI;da specificare;;;;prox via A. Cucchini;Veicolo in marcia contro veicolo in sosta;Rettilineo;Una carreggiata a senso unico alternato;Asciutto;Asfaltata;Verticale ed orizzontale;Sereno;Scarso;Sufficiente;;0;0;0;2;12.4575;41.8623;-1;2;Autovettura privata;Sosta;;;;;;;
5051079;19;09/09/2020 20:55:00;Strada Urbana;VIA DEI MONTI DI PRIMAVALLE;in corrispondenza;;del civico n.;274;;Veicolo in marcia contro veicolo arresto;Rettilineo;Una carreggiata a doppio senso;Asciutto;Asfaltata;Verticale ed orizzontale;Sereno;Normale;Sufficiente;;1;0;0;2;12.4142;41.9068;0;;;;Pedone;M;Rifiuta cure immediate;0;NON DECEDUTO;;
5051079;19;09/09/2020 20:55:00;Strada Urbana;VIA DEI MONTI DI PRIMAVALLE;in corrispondenza;;del civico n.;274;;Veicolo in marcia contro veicolo arresto;Rettilineo;Una carreggiata a doppio senso;Asciutto;Asfaltata;Verticale ed orizzontale;Sereno;Normale;Sufficiente;;1;0;0;2;12.4142;41.9068;0;1;Autovettura privata;In marcia / fermata / arresto;Conducente;M;Illeso;0;;;
5051079;19;09/09/2020 20:55:00;Strada Urbana;VIA DEI MONTI DI PRIMAVALLE;in corrispondenza;;del civico n.;274;;Veicolo in marcia contro veicolo arresto;Rettilineo;Una carreggiata a doppio senso;Asciutto;Asfaltata;Verticale ed orizzontale;Sereno;Normale;Sufficiente;;1;0;0;2;12.4142;41.9068;0;2;Motociclo con passeggero;Allontanatosi;Conducente;M;Illeso;0;;;
5051080;11;09/09/2020 10:00:00;Strada Urbana;VIALE GIUSTINIANO IMPERATORE;in corrispondenza;;del civico n.;198;;Investimento di pedone;Rettilineo;Due carreggiate;Asciutto;Asfaltata;Verticale ed orizzontale;Sereno;Scarso;Buona;;1;0;0;1;12.4851;41.8557;-1;;;;Pedone;M;Rimandato;0;NON DECEDUTO;;
5051080;11;09/09/2020 10:00:00;Strada Urbana;VIALE GIUSTINIANO IMPERATORE;in corrispondenza;;del civico n.;198;;Investimento di pedone;Rettilineo;Due carreggiate;Asciutto;Asfaltata;Verticale ed orizzontale;Sereno;Scarso;Buona;;1;0;0;1;12.4851;41.8557;-1;1;Autovettura privata;In marcia / fermata / arresto;Conducente;M;Illeso;0;;;
5051099;13;09/09/2020 08:10:00;;VIA DI DRAGONE;all'intersezione con;VIA BREMBILLA;VIA BREMBILLA;;;Scontro frontale/laterale DX fra veicoli in marcia;;;;;;;;;;0;0;0;3;12.3326;41.7834;0;1;Autovettura privata;In marcia / fermata / arresto;Conducente;M;Illeso;0;;;
5051099;13;09/09/2020 08:10:00;;VIA DI DRAGONE;all'intersezione con;VIA BREMBILLA;VIA BREMBILLA;;;Scontro frontale/laterale DX fra veicoli in marcia;;;;;;;;;;0;0;0;3;12.3326;41.7834;0;2;Autovettura privata;In marcia / fermata / arresto;Conducente;F;Illeso;0;;;
5051099;13;09/09/2020 08:10:00;;VIA DI DRAGONE;all'intersezione con;VIA BREMBILLA;VIA BREMBILLA;;;Scontro frontale/laterale DX fra veicoli in marcia;;;;;;;;;;0;0;0;3;12.3326;41.7834;0;2;Autovettura privata;In marcia / fermata / arresto;Passeggero;F;Illeso;0;;;
5051105;11;09/09/2020 09:40:00;Strada Urbana;VIA APPIA ANTICA;in corrispondenza;;del civico n.;16;;Scontro laterale fra veicoli in marcia;Rettilineo;Una carreggiata a doppio senso;Asciutto;In cubetti di porfido;Verticale ed orizzontale;Sereno;Normale;Buona;;2;0;0;1;12.5019;41.8703;-1;1;Motociclo a solo;In marcia / fermata / arresto;Conducente;M;Illeso;0;;;
5051105;11;09/09/2020 09:40:00;Strada Urbana;VIA APPIA ANTICA;in corrispondenza;;del civico n.;16;;Scontro laterale fra veicoli in marcia;Rettilineo;Una carreggiata a doppio senso;Asciutto;In cubetti di porfido;Verticale ed orizzontale;Sereno;Normale;Buona;;2;0;0;1;12.5019;41.8703;-1;2;Motociclo con passeggero;In marcia / fermata / arresto;Conducente;M;Rimandato;0;NON DECEDUTO;;
5051105;11;09/09/2020 09:40:00;Strada Urbana;VIA APPIA ANTICA;in corrispondenza;;del civico n.;16;;Scontro laterale fra veicoli in marcia;Rettilineo;Una carreggiata a doppio senso;Asciutto;In cubetti di porfido;Verticale ed orizzontale;Sereno;Normale;Buona;;2;0;0;1;12.5019;41.8703;-1;2;Motociclo con passeggero;In marcia / fermata / arresto;Passeggero;F;Rimandato;0;NON DECEDUTO;;
5051131;7;09/09/2020 19:00:00;Strada Urbana;VIALE PALMIRO TOGLIATTI;all'intersezione semaforizzata con;VIALE DEI ROMANISTI;VIALE DEI ROMANISTI;;;Scontro frontale/laterale SX fra veicoli in marcia;Incrocio;Due carreggiate;Asciutto;Asfaltata;Verticale ed orizzontale;Sereno;Normale;Buona;;1;0;0;3;12.5681;41.8696;-1;1;Autovettura privata;In marcia / fermata / arresto;Conducente;M;Illeso;0;;Non accertato;Inesploso
5051131;7;09/09/2020 19:00:00;Strada Urbana;VIALE PALMIRO TOGLIATTI;all'intersezione semaforizzata con;VIALE DEI ROMANISTI;VIALE DEI ROMANISTI;;;Scontro frontale/laterale SX fra veicoli in marcia;Incrocio;Due carreggiate;Asciutto;Asfaltata;Verticale ed orizzontale;Sereno;Normale;Buona;;1;0;0;3;12.5681;41.8696;-1;1;Autovettura privata;In marcia / fermata / arresto;Passeggero;F;Illeso;0;;Non accertato;Inesploso
5051131;7;09/09/2020 19:00:00;Strada Urbana;VIALE PALMIRO TOGLIATTI;all'intersezione semaforizzata con;VIALE DEI ROMANISTI;VIALE DEI ROMANISTI;;;Scontro frontale/laterale SX fra veicoli in marcia;Incrocio;Due carreggiate;Asciutto;Asfaltata;Verticale ed orizzontale;Sereno;Normale;Buona;;1;0;0;3;12.5681;41.8696;-1;1;Autovettura privata;In marcia / fermata / arresto;Passeggero;F;Illeso;0;;Non accertato;Inesploso
5051131;7;09/09/2020 19:00:00;Strada Urbana;VIALE PALMIRO TOGLIATTI;all'intersezione semaforizzata con;VIALE DEI ROMANISTI;VIALE DEI ROMANISTI;;;Scontro frontale/laterale SX fra veicoli in marcia;Incrocio;Due carreggiate;Asciutto;Asfaltata;Verticale ed orizzontale;Sereno;Normale;Buona;;1;0;0;3;12.5681;41.8696;-1;2;Velocipede;In marcia / fermata / arresto;Conducente;M;Rimandato;0;NON DECEDUTO;Esente;
5051132;11;10/09/2020 00:35:00;Strada Urbana;VIA CRISTOFORO COLOMBO;da specificare;;;;PROSSIMITA' VIALE AMERICA;Fuoriuscita dalla sede stradale;Curva senza visuale libera;Due carreggiate;Asciutto;Asfaltata;Verticale ed orizzontale;Sereno;Scarso;Sufficiente;;0;0;0;1;12.4685;41.8296;-1;1;Quadriciclo leggero;In marcia / fermata / arresto;Conducente;M;Illeso;0;;;
5051133;12;09/09/2020 16:55:00;Provinciale;VIA ARDEATINA;in corrispondenza;;della chilometrica;19.5;;Scontro laterale fra veicoli in marcia;Rettilineo;Una carreggiata a doppio senso;Asciutto;Asfaltata;Verticale ed orizzontale;Sereno;Normale;Sufficiente;;1;0;0;1;12.5404;41.7828;-1;1;Autocarro superiore 35 q.;In marcia / fermata / arresto;Conducente;M;Illeso;0;;Non accertato;Inesploso
5051133;12;09/09/2020 16:55:00;Provinciale;VIA ARDEATINA;in corrispondenza;;della chilometrica;19.5;;Scontro laterale fra veicoli in marcia;Rettilineo;Una carreggiata a doppio senso;Asciutto;Asfaltata;Verticale ed orizzontale;Sereno;Normale;Sufficiente;;1;0;0;1;12.5404;41.7828;-1;2;Autocarro inferiore 35 q.;In marcia / fermata / arresto;Conducente;M;Rimandato;0;NON DECEDUTO;;
5051136;6;09/09/2020 21:00:00;Strada Urbana;VIA TOR DE' SCHIAVI;all'intersezione con;VIA ALATRI;VIA ALATRI;;;Scontro frontale/laterale DX fra veicoli in marcia;Incrocio;Due carreggiate;Asciutto;Asfaltata;Verticale ed orizzontale;Sereno;Scarso;Sufficiente;;0;0;0;2;12.5594;41.8935;-1;1;Autovettura pubblica;In marcia / fermata / arresto;Conducente;M;Illeso;0;;;
5051136;6;09/09/2020 21:00:00;Strada Urbana;VIA TOR DE' SCHIAVI;all'intersezione con;VIA ALATRI;VIA ALATRI;;;Scontro frontale/laterale DX fra veicoli in marcia;Incrocio;Due carreggiate;Asciutto;Asfaltata;Verticale ed orizzontale;Sereno;Scarso;Sufficiente;;0;0;0;2;12.5594;41.8935;-1;2;Autovettura privata;In marcia / fermata / arresto;Conducente;F;Illeso;0;;;
5051139;18;09/09/2020 19:45:00;Strada Urbana;PIAZZA PIO XI;in corrispondenza;;del civico n.;63;;Scontro frontale/laterale DX fra veicoli in marcia;Rettilineo;Una carreggiata a senso unico di marcia;Asciutto;Asfaltata;Verticale ed orizzontale;Sereno;Normale;Buona;;0;0;0;3;12.4373;41.8948;-1;1;Autovettura privata;In marcia / fermata / arresto;Conducente;F;Illeso;0;;Non accertato;Inesploso
5051139;18;09/09/2020 19:45:00;Strada Urbana;PIAZZA PIO XI;in corrispondenza;;del civico n.;63;;Scontro frontale/laterale DX fra veicoli in marcia;Rettilineo;Una carreggiata a senso unico di marcia;Asciutto;Asfaltata;Verticale ed orizzontale;Sereno;Normale;Buona;;0;0;0;3;12.4373;41.8948;-1;1;Autovettura privata;In marcia / fermata / arresto;Passeggero;F;Illeso;0;;Non accertato;Inesploso
5051139;18;09/09/2020 19:45:00;Strada Urbana;PIAZZA PIO XI;in corrispondenza;;del civico n.;63;;Scontro frontale/laterale DX fra veicoli in marcia;Rettilineo;Una carreggiata a senso unico di marcia;Asciutto;Asfaltata;Verticale ed orizzontale;Sereno;Normale;Buona;;0;0;0;3;12.4373;41.8948;-1;2;Motociclo a solo;In marcia / fermata / arresto;Conducente;F;Illeso;0;;Non accertato;
5051143;13;09/09/2020 11:15:00;Strada Urbana;VIA GINO BONICHI;in corrispondenza;;del civico n.;113;;Tamponamento;Rettilineo;Una carreggiata a doppio senso;Asciutto;Asfaltata;Verticale ed orizzontale;Sereno;Normale;Buona;;0;0;0;2;12.3596;41.7756;-1;1;Autovettura privata;In marcia / fermata / arresto;Conducente;M;Illeso;0;;Non accertato;Inesploso
5051143;13;09/09/2020 11:15:00;Strada Urbana;VIA GINO BONICHI;in corrispondenza;;del civico n.;113;;Tamponamento;Rettilineo;Una carreggiata a doppio senso;Asciutto;Asfaltata;Verticale ed orizzontale;Sereno;Normale;Buona;;0;0;0;2;12.3596;41.7756;-1;2;Autovettura privata;In marcia / fermata / arresto;Conducente;M;Illeso;0;;Non accertato;Inesploso
5051154;12;10/09/2020 00:20:00;Statale entro l'abitato;VIA PONTINA;da specificare;;;;direzione Latina Km 12,900;Tamponamento;Rettilineo;Due carreggiate;Asciutto;Asfaltata;Verticale ed orizzontale;Sereno;Scarso;Insufficiente;;0;0;0;2;12.4522;41.7941;-1;1;Autovettura pubblica;In marcia / fermata / arresto;Conducente;M;Illeso;0;;Utilizzato;Esploso
5051154;12;10/09/2020 00:20:00;Statale entro l'abitato;VIA PONTINA;da specificare;;;;direzione Latina Km 12,900;Tamponamento;Rettilineo;Due carreggiate;Asciutto;Asfaltata;Verticale ed orizzontale;Sereno;Scarso;Insufficiente;;0;0;0;2;12.4522;41.7941;-1;2;Autovettura privata;In marcia / fermata / arresto;Conducente;M;Illeso;0;;Utilizzato;Esploso
5051157;10;09/09/2020 18:35:00;Strada Urbana;VIA TUSCOLANA;in corrispondenza;;del civico n.;1067;;Veicolo in marcia contro ostacolo fisso;Rettilineo;Pi� di due carreggiate;Asciutto;Asfaltata;Verticale ed orizzontale;Sereno;Scarso;Buona;;1;0;0;0;12.5753;41.849;-1;1;Autovettura privata;In marcia / fermata / arresto;Conducente;F;Ricoverato;0;NON DECEDUTO;Non accertato;
5051173;1;09/09/2020 15:10:00;Strada Urbana;VIA LEONIDA BISSOLATI;in prossimit�;;del civico n.;9;;Scontro frontale/laterale DX fra veicoli in marcia;Rettilineo;Una carreggiata a doppio senso;Asciutto;Asfaltata;Verticale ed orizzontale;Sereno;Normale;Buona;;1;0;0;2;12.4957;41.9077;-1;1;Autovettura pubblica;In marcia / fermata / arresto;Conducente;M;Illeso;0;;;
5051173;1;09/09/2020 15:10:00;Strada Urbana;VIA LEONIDA BISSOLATI;in prossimit�;;del civico n.;9;;Scontro frontale/laterale DX fra veicoli in marcia;Rettilineo;Una carreggiata a doppio senso;Asciutto;Asfaltata;Verticale ed orizzontale;Sereno;Normale;Buona;;1;0;0;2;12.4957;41.9077;-1;1;Autovettura pubblica;In marcia / fermata / arresto;Passeggero;F;Rimandato;0;NON DECEDUTO;;
5051173;1;09/09/2020 15:10:00;Strada Urbana;VIA LEONIDA BISSOLATI;in prossimit�;;del civico n.;9;;Scontro frontale/laterale DX fra veicoli in marcia;Rettilineo;Una carreggiata a doppio senso;Asciutto;Asfaltata;Verticale ed orizzontale;Sereno;Normale;Buona;;1;0;0;2;12.4957;41.9077;-1;2;Autovettura privata;In marcia / fermata / arresto;Conducente;F;Illeso;0;;;
5051182;13;09/09/2020 19:00:00;Strada Urbana;VIA PINDARO;in prossimit�;;del civico n.;64;;Scontro frontale/laterale DX fra veicoli in marcia;Rettilineo;Una carreggiata a doppio senso;Asciutto;Asfaltata;Verticale;Sereno;Normale;Sufficiente;;0;0;0;1;12.3676;41.7568;-1;1;Autovettura privata;Allontanatosi;;;;;;;
5051182;13;09/09/2020 19:00:00;Strada Urbana;VIA PINDARO;in prossimit�;;del civico n.;64;;Scontro frontale/laterale DX fra veicoli in marcia;Rettilineo;Una carreggiata a doppio senso;Asciutto;Asfaltata;Verticale;Sereno;Normale;Sufficiente;;0;0;0;1;12.3676;41.7568;-1;2;Autovettura privata;In marcia / fermata / arresto;Conducente;M;Illeso;0;;Non accertato;Inesploso
5051192;4;09/09/2020 15:45:00;Strada Urbana;VIA MELBOURNE;in corrispondenza;;del civico n.;2;;Veicolo in marcia contro veicolo in sosta;Rettilineo;Una carreggiata a senso unico di marcia;Asciutto;Asfaltata;Verticale;Sereno;Scarso;Buona;;0;0;0;1;12.55;41.971;-1;1;Autovettura privata;In marcia / fermata / arresto;Conducente;M;Illeso;0;;;
5051192;4;09/09/2020 15:45:00;Strada Urbana;VIA MELBOURNE;in corrispondenza;;del civico n.;2;;Veicolo in marcia contro veicolo in sosta;Rettilineo;Una carreggiata a senso unico di marcia;Asciutto;Asfaltata;Verticale;Sereno;Scarso;Buona;;0;0;0;1;12.55;41.971;-1;2;Autovettura privata;Sosta;;;;;;;
5051206;13;09/09/2020 10:45:00;Strada Urbana;VIA ERMANNO WOLF FERRARI;da specificare;;;;altezza stazione servizio ESSO;Scontro laterale fra veicoli in marcia;Rettilineo;Una carreggiata a doppio senso;Asciutto;Asfaltata;Orizzontale;Sereno;Normale;Buona;;0;0;0;2;12.3699;41.7548;-1;1;Autovettura privata;In marcia / fermata / arresto;Conducente;F;Illeso;0;;Non accertato;Inesploso
5051206;13;09/09/2020 10:45:00;Strada Urbana;VIA ERMANNO WOLF FERRARI;da specificare;;;;altezza stazione servizio ESSO;Scontro laterale fra veicoli in marcia;Rettilineo;Una carreggiata a doppio senso;Asciutto;Asfaltata;Orizzontale;Sereno;Normale;Buona;;0;0;0;2;12.3699;41.7548;-1;2;Autovettura privata;In marcia / fermata / arresto;Conducente;M;Illeso;0;;Non accertato;Inesploso
5051218;2;10/09/2020 03:50:00;Strada Urbana;VIA CASSIA;in corrispondenza;;del civico n.;413;;Veicolo in marcia contro ostacolo fisso;Curva senza visuale libera;Una carreggiata a doppio senso;Asciutto;Asfaltata;Orizzontale;Sereno;Scarso;Sufficiente;;2;0;0;0;12.4573;41.9564;-1;1;Autovettura privata;In marcia / fermata / arresto;Conducente;M;Rimandato;0;NON DECEDUTO;Non accertato;Esploso
5051218;2;10/09/2020 03:50:00;Strada Urbana;VIA CASSIA;in corrispondenza;;del civico n.;413;;Veicolo in marcia contro ostacolo fisso;Curva senza visuale libera;Una carreggiata a doppio senso;Asciutto;Asfaltata;Orizzontale;Sereno;Scarso;Sufficiente;;2;0;0;0;12.4573;41.9564;-1;1;Autovettura privata;In marcia / fermata / arresto;Passeggero;M;Rimandato;0;NON DECEDUTO;Non accertato;Esploso
5051221;1;09/09/2020 13:10:00;Strada Urbana;LUNGOTEVERE IN SASSIA;da specificare;;;;sottovia lgt in sassia;Scontro laterale fra veicoli in marcia;Rettilineo;Una carreggiata a senso unico di marcia;Asciutto;Asfaltata;;Sereno;;;;0;0;0;4;;;0;1;Autovettura privata;In marcia / fermata / arresto;Conducente;M;Illeso;0;;;
5051221;1;09/09/2020 13:10:00;Strada Urbana;LUNGOTEVERE IN SASSIA;da specificare;;;;sottovia lgt in sassia;Scontro laterale fra veicoli in marcia;Rettilineo;Una carreggiata a senso unico di marcia;Asciutto;Asfaltata;;Sereno;;;;0;0;0;4;;;0;1;Autovettura privata;In marcia / fermata / arresto;Passeggero;F;Illeso;0;;;
5051221;1;09/09/2020 13:10:00;Strada Urbana;LUNGOTEVERE IN SASSIA;da specificare;;;;sottovia lgt in sassia;Scontro laterale fra veicoli in marcia;Rettilineo;Una carreggiata a senso unico di marcia;Asciutto;Asfaltata;;Sereno;;;;0;0;0;4;;;0;1;Autovettura privata;In marcia / fermata / arresto;Passeggero;F;Illeso;0;;;
5051221;1;09/09/2020 13:10:00;Strada Urbana;LUNGOTEVERE IN SASSIA;da specificare;;;;sottovia lgt in sassia;Scontro laterale fra veicoli in marcia;Rettilineo;Una carreggiata a senso unico di marcia;Asciutto;Asfaltata;;Sereno;;;;0;0;0;4;;;0;1;Autovettura privata;In marcia / fermata / arresto;Passeggero;F;Illeso;0;;;
5051221;1;09/09/2020 13:10:00;Strada Urbana;LUNGOTEVERE IN SASSIA;da specificare;;;;sottovia lgt in sassia;Scontro laterale fra veicoli in marcia;Rettilineo;Una carreggiata a senso unico di marcia;Asciutto;Asfaltata;;Sereno;;;;0;0;0;4;;;0;2;Autovettura privata;Allontanatosi;;;;;;;
5051263;10;09/09/2020 08:40:00;Strada Urbana;VIA TUSCOLANA;all'intersezione con;VIA VITTORIO OCCORSIO;VIA VITTORIO OCCORSIO;;;Tamponamento Multiplo;Intersezione semaforizzata;Due carreggiate;Asciutto;Asfaltata;Verticale ed orizzontale;Sereno;Intenso;Buona;;0;0;0;3;12.5791;41.8462;-1;1;Autovettura privata;In marcia / fermata / arresto;Conducente;M;Illeso;0;;Non accertato;Inesploso
5051263;10;09/09/2020 08:40:00;Strada Urbana;VIA TUSCOLANA;all'intersezione con;VIA VITTORIO OCCORSIO;VIA VITTORIO OCCORSIO;;;Tamponamento Multiplo;Intersezione semaforizzata;Due carreggiate;Asciutto;Asfaltata;Verticale ed orizzontale;Sereno;Intenso;Buona;;0;0;0;3;12.5791;41.8462;-1;2;Autovettura privata;In marcia / fermata / arresto;Conducente;M;Illeso;0;;Non accertato;Inesploso
5051263;10;09/09/2020 08:40:00;Strada Urbana;VIA TUSCOLANA;all'intersezione con;VIA VITTORIO OCCORSIO;VIA VITTORIO OCCORSIO;;;Tamponamento Multiplo;Intersezione semaforizzata;Due carreggiate;Asciutto;Asfaltata;Verticale ed orizzontale;Sereno;Intenso;Buona;;0;0;0;3;12.5791;41.8462;-1;3;Autovettura privata;In marcia / fermata / arresto;Conducente;F;Illeso;0;;Non accertato;Inesploso
5051268;1;09/09/2020 15:00:00;Strada Urbana;LUNGOTEVERE DELLA FARNESINA;in prossimit�;;del civico n.;7;;Veicolo in marcia contro veicolo in sosta;Rettilineo;Una carreggiata a senso unico di marcia;Asciutto;Asfaltata;Verticale ed orizzontale;Sereno;Normale;Buona;;1;0;0;1;12.4691;41.8928;-1;1;Autovettura privata;In marcia / fermata / arresto;Conducente;M;Illeso;0;;Non accertato;Inesploso
5051268;1;09/09/2020 15:00:00;Strada Urbana;LUNGOTEVERE DELLA FARNESINA;in prossimit�;;del civico n.;7;;Veicolo in marcia contro veicolo in sosta;Rettilineo;Una carreggiata a senso unico di marcia;Asciutto;Asfaltata;Verticale ed orizzontale;Sereno;Normale;Buona;;1;0;0;1;12.4691;41.8928;-1;2;Motociclo a solo;In marcia / fermata / arresto;Conducente;M;Rifiuta cure immediate;0;NON DECEDUTO;Non accertato;
5051268;1;09/09/2020 15:00:00;Strada Urbana;LUNGOTEVERE DELLA FARNESINA;in prossimit�;;del civico n.;7;;Veicolo in marcia contro veicolo in sosta;Rettilineo;Una carreggiata a senso unico di marcia;Asciutto;Asfaltata;Verticale ed orizzontale;Sereno;Normale;Buona;;1;0;0;1;12.4691;41.8928;-1;3;Autocarro inferiore 35 q.;Sosta;;;;;;;
5051332;1;08/09/2020 20:10:00;Strada Urbana;LUNGOTEVERE RIPA;in prossimit�;;del palo luce n.;1;;Scontro frontale fra veicoli in marcia;Strettoia;Due carreggiate;Asciutto;Asfaltata;Orizzontale;Sereno;Normale;Sufficiente;;0;0;0;3;12.4788;41.888;-1;1;Autovettura di polizia;In marcia / fermata / arresto;Conducente;M;Illeso;0;;;
5051332;1;08/09/2020 20:10:00;Strada Urbana;LUNGOTEVERE RIPA;in prossimit�;;del palo luce n.;1;;Scontro frontale fra veicoli in marcia;Strettoia;Due carreggiate;Asciutto;Asfaltata;Orizzontale;Sereno;Normale;Sufficiente;;0;0;0;3;12.4788;41.888;-1;2;Motociclo con passeggero;In marcia / fermata / arresto;Conducente;M;Illeso;0;;;
5051332;1;08/09/2020 20:10:00;Strada Urbana;LUNGOTEVERE RIPA;in prossimit�;;del palo luce n.;1;;Scontro frontale fra veicoli in marcia;Strettoia;Due carreggiate;Asciutto;Asfaltata;Orizzontale;Sereno;Normale;Sufficiente;;0;0;0;3;12.4788;41.888;-1;2;Motociclo con passeggero;In marcia / fermata / arresto;Passeggero;M;Illeso;0;;;
5051332;1;08/09/2020 20:10:00;Strada Urbana;LUNGOTEVERE RIPA;in prossimit�;;del palo luce n.;1;;Scontro frontale fra veicoli in marcia;Strettoia;Due carreggiate;Asciutto;Asfaltata;Orizzontale;Sereno;Normale;Sufficiente;;0;0;0;3;12.4788;41.888;-1;3;Autovettura privata;Sosta;;;;;;;
5051383;13;09/09/2020 15:15:00;Strada Urbana;VIA DI PONTE LADRONE;da specificare;;;;ALTEZZA CASAL BERNOCCHI;Scontro laterale fra veicoli in marcia;Rettilineo;Una carreggiata a doppio senso;Asciutto;Asfaltata;Verticale;Sereno;Normale;Buona;;0;0;0;2;12.3783;41.7856;-1;1;Autocarro superiore 35 q.;In marcia / fermata / arresto;Conducente;M;Illeso;0;;;
5051383;13;09/09/2020 15:15:00;Strada Urbana;VIA DI PONTE LADRONE;da specificare;;;;ALTEZZA CASAL BERNOCCHI;Scontro laterale fra veicoli in marcia;Rettilineo;Una carreggiata a doppio senso;Asciutto;Asfaltata;Verticale;Sereno;Normale;Buona;;0;0;0;2;12.3783;41.7856;-1;2;Autovettura privata;In marcia / fermata / arresto;Conducente;M;Illeso;0;;;
5051395;18;09/09/2020 15:45:00;Strada Urbana;VIA AURELIA;in prossimit�;;del civico n.;283;;Tamponamento Multiplo;Rettilineo;Una carreggiata a doppio senso;Asciutto;Asfaltata;Verticale ed orizzontale;Sereno;Normale;Buona;;1;0;0;1;12.4379;41.898;-1;1;Veicolo ignoto perch� FUGA;Allontanatosi;;;;;;;