Protocollo;Gruppo;DataOraIncidente;Localizzazione1;STRADA1;Localizzazione2;STRADA2;Strada02;Chilometrica;DaSpecificare;NaturaIncidente;particolaritastrade;TipoStrada;FondoStradale;Pavimentazione;Segnaletica;CondizioneAtmosferica;Traffico;Visibilita;Illuminazione;NUM_FERITI;NUM_RISERVATA;NUM_MORTI;NUM_ILLESI;Longitudine;Latitudine;Confermato;Progressivo;TipoVeicolo;StatoVeicolo;TipoPersona;Sesso;Tipolesione;Deceduto;DecedutoDopo;CinturaCascoUtilizzato;Airbag;
5051395;18;09/09/2020 15:45:00;Strada Urbana;VIA AURELIA;in prossimit�;;del civico n.;283;;Tamponamento Multiplo;Rettilineo;Una carreggiata a doppio senso;Asciutto;Asfaltata;Verticale ed orizzontale;Sereno;Normale;Buona;;1;0;0;1;12.4379;41.898;-1;2;Autovettura privata;In marcia / fermata / arresto;Conducente;F;Illeso;0;;Non accertato;Inesploso
5051395;18;09/09/2020 15:45:00;Strada Urbana;VIA AURELIA;in prossimit�;;del civico n.;283;;Tamponamento Multiplo;Rettilineo;Una carreggiata a doppio senso;Asciutto;Asfaltata;Verticale ed orizzontale;Sereno;Normale;Buona;;1;0;0;1;12.4379;41.898;-1;3;Autovettura privata;In marcia / fermata / arresto;Conducente;F;Rimandato;0;NON DECEDUTO;Non accertato;Inesploso
5051396;16;07/09/2020 12:05:00;Strada Urbana;VIA APPIA ANTICA;da specificare;;;;in prossimit� Via di Villa Betania;Tamponamento;Rettilineo;Una carreggiata a senso unico di marcia;Asciutto;Asfaltata;Verticale ed orizzontale;Sereno;Normale;Buona;;0;0;0;3;12.5584;41.8184;-1;1;Autovettura privata;In marcia / fermata / arresto;Conducente;F;Illeso;0;;;
5051396;16;07/09/2020 12:05:00;Strada Urbana;VIA APPIA ANTICA;da specificare;;;;in prossimit� Via di Villa Betania;Tamponamento;Rettilineo;Una carreggiata a senso unico di marcia;Asciutto;Asfaltata;Verticale ed orizzontale;Sereno;Normale;Buona;;0;0;0;3;12.5584;41.8184;-1;1;Autovettura privata;In marcia / fermata / arresto;Passeggero;M;Illeso;0;;;
5051396;16;07/09/2020 12:05:00;Strada Urbana;VIA APPIA ANTICA;da specificare;;;;in prossimit� Via di Villa Betania;Tamponamento;Rettilineo;Una carreggiata a senso unico di marcia;Asciutto;Asfaltata;Verticale ed orizzontale;Sereno;Normale;Buona;;0;0;0;3;12.5584;41.8184;-1;2;Autovettura privata;In marcia / fermata / arresto;Conducente;M;Illeso;0;;;
5051406;7;09/09/2020 09:45:00;Strada Urbana;VIALE ALESSANDRINO;in corrispondenza;;del civico n.;663;;Scontro frontale/laterale DX fra veicoli in marcia;Rettilineo;Una carreggiata a doppio senso;Asciutto;Asfaltata;Verticale ed orizzontale;Sereno;Normale;Buona;;1;0;0;1;12.5766;41.8861;-1;1;Autovettura privata;In marcia / fermata / arresto;Conducente;F;Illeso;0;;Non accertato;Inesploso
5051406;7;09/09/2020 09:45:00;Strada Urbana;VIALE ALESSANDRINO;in corrispondenza;;del civico n.;663;;Scontro frontale/laterale DX fra veicoli in marcia;Rettilineo;Una carreggiata a doppio senso;Asciutto;Asfaltata;Verticale ed orizzontale;Sereno;Normale;Buona;;1;0;0;1;12.5766;41.8861;-1;2;Motociclo a solo;In marcia / fermata / arresto;Conducente;M;Ricoverato;0;NON DECEDUTO;Non accertato;
5051407;12;10/09/2020 07:30:00;Provinciale;VIA DI PRATICA;in prossimit�;;della chilometrica;4.05;;Veicolo in marcia contro ostacolo accidentale;Rettilineo;Una carreggiata a doppio senso;Asciutto;Asfaltata;Verticale ed orizzontale;Sereno;Normale;Buona;;0;0;0;1;12.4344;41.6989;-1;1;Autovettura privata;In marcia / fermata / arresto;Conducente;M;Illeso;0;;Utilizzato;Inesploso
5051421;4;09/09/2020 19:00:00;Strada Urbana;VIA SPLUGA;da specificare;;;;altezza viale Adriatico;Veicolo in marcia contro veicoli in sosta;Rettilineo;Una carreggiata a senso unico di marcia;Asciutto;Asfaltata;Verticale ed orizzontale;Sereno;Scarso;Buona;;0;0;0;0;12.5358;41.9403;-1;1;Motociclo a solo;Allontanatosi;;;;;;;
5051421;4;09/09/2020 19:00:00;Strada Urbana;VIA SPLUGA;da specificare;;;;altezza viale Adriatico;Veicolo in marcia contro veicoli in sosta;Rettilineo;Una carreggiata a senso unico di marcia;Asciutto;Asfaltata;Verticale ed orizzontale;Sereno;Scarso;Buona;;0;0;0;0;12.5358;41.9403;-1;2;Autovettura privata;Sosta;;;;;;;
5051421;4;09/09/2020 19:00:00;Strada Urbana;VIA SPLUGA;da specificare;;;;altezza viale Adriatico;Veicolo in marcia contro veicoli in sosta;Rettilineo;Una carreggiata a senso unico di marcia;Asciutto;Asfaltata;Verticale ed orizzontale;Sereno;Scarso;Buona;;0;0;0;0;12.5358;41.9403;-1;3;Autovettura privata;Sosta;;;;;;;
5051431;1;09/09/2020 17:40:00;Strada Urbana;LUNGOTEVERE DEI TEBALDI;in prossimit�;;del palo luce n.;20;;Tamponamento;Rettilineo;Una carreggiata a senso unico di marcia;Asciutto;Asfaltata;Verticale ed orizzontale;Sereno;Normale;Buona;;0;0;0;4;12.4691;41.8944;-1;1;Autovettura privata;In marcia / fermata / arresto;Conducente;F;Illeso;0;;Non accertato;Inesploso
5051431;1;09/09/2020 17:40:00;Strada Urbana;LUNGOTEVERE DEI TEBALDI;in prossimit�;;del palo luce n.;20;;Tamponamento;Rettilineo;Una carreggiata a senso unico di marcia;Asciutto;Asfaltata;Verticale ed orizzontale;Sereno;Normale;Buona;;0;0;0;4;12.4691;41.8944;-1;1;Autovettura privata;In marcia / fermata / arresto;Passeggero;F;Illeso;0;;Non accertato;Inesploso
5051431;1;09/09/2020 17:40:00;Strada Urbana;LUNGOTEVERE DEI TEBALDI;in prossimit�;;del palo luce n.;20;;Tamponamento;Rettilineo;Una carreggiata a senso unico di marcia;Asciutto;Asfaltata;Verticale ed orizzontale;Sereno;Normale;Buona;;0;0;0;4;12.4691;41.8944;-1;2;Autovettura privata;In marcia / fermata / arresto;Conducente;M;Illeso;0;;Non accertato;Inesploso
5051431;1;09/09/2020 17:40:00;Strada Urbana;LUNGOTEVERE DEI TEBALDI;in prossimit�;;del palo luce n.;20;;Tamponamento;Rettilineo;Una carreggiata a senso unico di marcia;Asciutto;Asfaltata;Verticale ed orizzontale;Sereno;Normale;Buona;;0;0;0;4;12.4691;41.8944;-1;2;Autovettura privata;In marcia / fermata / arresto;Passeggero;M;Illeso;0;;Non accertato;Inesploso
5051438;6;09/09/2020 11:55:00;Strada Urbana;VIALE DELLA VENEZIA GIULIA;all'intersezione con;VIA MONTONA;VIA MONTONA;;;Veicolo in marcia contro ostacolo accidentale;Incrocio;Una carreggiata a doppio senso;Sdrucciolevole (terriccio);Asfaltata;Orizzontale;Sereno;Scarso;Buona;;0;0;0;1;12.5511;41.8961;-1;1;Motociclo a solo;In marcia / fermata / arresto;Conducente;M;Illeso;0;;Non accertato;
5051446;16;08/09/2020 16:40:00;Strada Urbana;VIA DEGLI ARCELLI;da specificare;;;;50 m dal civ 539 di Via di Bravetta;Veicolo in marcia che urta buche nella carreggiata;Rettilineo;Una carreggiata a doppio senso;Asciutto;Con buche;Assente;Sereno;Normale;Buona;;0;0;0;2;12.4242;41.8733;-1;1;Autovettura privata;In marcia / fermata / arresto;Conducente;M;Illeso;0;;Non accertato;Inesploso
5051446;16;08/09/2020 16:40:00;Strada Urbana;VIA DEGLI ARCELLI;da specificare;;;;50 m dal civ 539 di Via di Bravetta;Veicolo in marcia che urta buche nella carreggiata;Rettilineo;Una carreggiata a doppio senso;Asciutto;Con buche;Assente;Sereno;Normale;Buona;;0;0;0;2;12.4242;41.8733;-1;1;Autovettura privata;In marcia / fermata / arresto;Passeggero;F;Illeso;0;;Non accertato;Inesploso
5051461;16;09/09/2020 05:45:00;Strada Urbana;VIA S. VINCENZO DE' PAOLI;all'intersezione con;LARGO S. VINCENZO DE' PAOLI;LARGO S. VINCENZO DE' PAOLI;;;Scontro frontale/laterale SX fra veicoli in marcia;Incrocio;Una carreggiata a senso unico di marcia;Asciutto;Asfaltata;Verticale ed orizzontale;Sereno;Scarso;Buona;;0;0;0;2;12.4774;41.8969;-1;1;Autovettura privata;In marcia / fermata / arresto;Conducente;F;Illeso;0;;Non accertato;Inesploso
5051461;16;09/09/2020 05:45:00;Strada Urbana;VIA S. VINCENZO DE' PAOLI;all'intersezione con;LARGO S. VINCENZO DE' PAOLI;LARGO S. VINCENZO DE' PAOLI;;;Scontro frontale/laterale SX fra veicoli in marcia;Incrocio;Una carreggiata a senso unico di marcia;Asciutto;Asfaltata;Verticale ed orizzontale;Sereno;Scarso;Buona;;0;0;0;2;12.4774;41.8969;-1;2;Autovettura privata;In marcia / fermata / arresto;Conducente;M;Illeso;0;;Non accertato;Inesploso
5051462;4;09/09/2020 18:18:00;Statale entro l'abitato;VIA SALARIA;all'intersezione con;VIA DEI PRATI FISCALI;VIA DEI PRATI FISCALI;;;Scontro laterale fra veicoli in marcia;Intersezione stradale segnalata;Due carreggiate;Asciutto;Asfaltata;Verticale ed orizzontale;Sereno;Normale;Buona;;0;0;0;2;12.5087;41.941;-1;1;Autovettura privata;In marcia / fermata / arresto;Conducente;M;Illeso;0;;Non accertato;Inesploso
5051462;4;09/09/2020 18:18:00;Statale entro l'abitato;VIA SALARIA;all'intersezione con;VIA DEI PRATI FISCALI;VIA DEI PRATI FISCALI;;;Scontro laterale fra veicoli in marcia;Intersezione stradale segnalata;Due carreggiate;Asciutto;Asfaltata;Verticale ed orizzontale;Sereno;Normale;Buona;;0;0;0;2;12.5087;41.941;-1;2;Autovettura privata;In marcia / fermata / arresto;Conducente;F;Illeso;0;;Non accertato;Inesploso
5051475;4;09/09/2020 08:45:00;Strada Urbana;VIA DELLE ISOLE CURZOLANE;in prossimit�;;del civico n.;15;;Scontro laterale fra veicoli in marcia;Rettilineo;Due carreggiate;Asciutto;Asfaltata;Verticale;Sereno;Normale;Buona;;1;0;0;1;12.5356;41.9476;-1;1;Autovettura privata;In marcia / fermata / arresto;Conducente;F;Illeso;0;;Non accertato;Inesploso
5051475;4;09/09/2020 08:45:00;Strada Urbana;VIA DELLE ISOLE CURZOLANE;in prossimit�;;del civico n.;15;;Scontro laterale fra veicoli in marcia;Rettilineo;Due carreggiate;Asciutto;Asfaltata;Verticale;Sereno;Normale;Buona;;1;0;0;1;12.5356;41.9476;-1;2;Motociclo a solo;In marcia / fermata / arresto;Conducente;M;Rifiuta cure immediate;0;NON DECEDUTO;;
5051486;1;09/09/2020 18:55:00;Strada Urbana;VIA DEI CONDOTTI;in corrispondenza;;del civico n.;61/a;;Veicolo in marcia contro veicolo in sosta;Rettilineo;Una carreggiata a senso unico di marcia;Asciutto;Asfaltata;Verticale;Sereno;Scarso;Buona;;0;0;0;2;12.4801;41.9051;-1;1;Autovettura privata;Sosta;;;;;;;
5051486;1;09/09/2020 18:55:00;Strada Urbana;VIA DEI CONDOTTI;in corrispondenza;;del civico n.;61/a;;Veicolo in marcia contro veicolo in sosta;Rettilineo;Una carreggiata a senso unico di marcia;Asciutto;Asfaltata;Verticale;Sereno;Scarso;Buona;;0;0;0;2;12.4801;41.9051;-1;2;Velocipede;In marcia / fermata / arresto;Conducente;M;Illeso;0;;Esente;
5051486;1;09/09/2020 18:55:00;Strada Urbana;VIA DEI CONDOTTI;in corrispondenza;;del civico n.;61/a;;Veicolo in marcia contro veicolo in sosta;Rettilineo;Una carreggiata a senso unico di marcia;Asciutto;Asfaltata;Verticale;Sereno;Scarso;Buona;;0;0;0;2;12.4801;41.9051;-1;2;Velocipede;In marcia / fermata / arresto;Passeggero;M;Illeso;0;;Esente;
5051496;18;10/09/2020 11:30:00;Strada Urbana;VIA DI BOCCEA;da specificare;;;;in prossimit� Via Achille Luigi Bonanome;Scontro laterale fra veicoli in marcia;Pendenza;Due carreggiate;Asciutto;Asfaltata;Verticale ed orizzontale;Sereno;Intenso;Buona;;0;0;0;2;12.3888;41.9139;-1;1;Autocarro superiore 35 q.;In marcia / fermata / arresto;Conducente;M;Illeso;0;;Non accertato;Inesploso
5051496;18;10/09/2020 11:30:00;Strada Urbana;VIA DI BOCCEA;da specificare;;;;in prossimit� Via Achille Luigi Bonanome;Scontro laterale fra veicoli in marcia;Pendenza;Due carreggiate;Asciutto;Asfaltata;Verticale ed orizzontale;Sereno;Intenso;Buona;;0;0;0;2;12.3888;41.9139;-1;2;Motociclo a solo;In marcia / fermata / arresto;Conducente;M;Illeso;0;;Non accertato;
5051515;2;09/09/2020 11:15:00;Strada Urbana;VIA PO;in corrispondenza;;del civico n.;168;;Veicolo in marcia contro veicolo fermo;Rettilineo;Una carreggiata a doppio senso;Asciutto;Asfaltata;Verticale ed orizzontale;Sereno;Normale;Buona;;0;0;0;4;12.4999;41.9178;-1;1;Autocarro inferiore 35 q.;In marcia / fermata / arresto;Conducente;M;Illeso;0;;Non accertato;Inesploso
5051515;2;09/09/2020 11:15:00;Strada Urbana;VIA PO;in corrispondenza;;del civico n.;168;;Veicolo in marcia contro veicolo fermo;Rettilineo;Una carreggiata a doppio senso;Asciutto;Asfaltata;Verticale ed orizzontale;Sereno;Normale;Buona;;0;0;0;4;12.4999;41.9178;-1;1;Autocarro inferiore 35 q.;In marcia / fermata / arresto;Passeggero;M;Illeso;0;;Non accertato;Inesploso
5051515;2;09/09/2020 11:15:00;Strada Urbana;VIA PO;in corrispondenza;;del civico n.;168;;Veicolo in marcia contro veicolo fermo;Rettilineo;Una carreggiata a doppio senso;Asciutto;Asfaltata;Verticale ed orizzontale;Sereno;Normale;Buona;;0;0;0;4;12.4999;41.9178;-1;2;Autovettura pubblica;In marcia / fermata / arresto;Conducente;M;Illeso;0;;Non accertato;Inesploso
5051515;2;09/09/2020 11:15:00;Strada Urbana;VIA PO;in corrispondenza;;del civico n.;168;;Veicolo in marcia contro veicolo fermo;Rettilineo;Una carreggiata a doppio senso;Asciutto;Asfaltata;Verticale ed orizzontale;Sereno;Normale;Buona;;0;0;0;4;12.4999;41.9178;-1;2;Autovettura pubblica;In marcia / fermata / arresto;Passeggero;F;Illeso;0;;Non accertato;Inesploso
5051528;4;09/09/2020 11:30:00;Strada Urbana;VIA CONCA D'ORO;all'intersezione con;VIA VAL GRANA;VIA VAL GRANA;;;Scontro frontale/laterale DX fra veicoli in marcia;Incrocio;Una carreggiata a doppio senso;Asciutto;Asfaltata;Verticale ed orizzontale;Sereno;Normale;Buona;;0;0;0;4;12.5185;41.9441;-1;1;Autovettura privata;In marcia / fermata / arresto;Conducente;M;Illeso;0;;;
5051528;4;09/09/2020 11:30:00;Strada Urbana;VIA CONCA D'ORO;all'intersezione con;VIA VAL GRANA;VIA VAL GRANA;;;Scontro frontale/laterale DX fra veicoli in marcia;Incrocio;Una carreggiata a doppio senso;Asciutto;Asfaltata;Verticale ed orizzontale;Sereno;Normale;Buona;;0;0;0;4;12.5185;41.9441;-1;1;Autovettura privata;In marcia / fermata / arresto;Passeggero;M;Illeso;0;;;
5051528;4;09/09/2020 11:30:00;Strada Urbana;VIA CONCA D'ORO;all'intersezione con;VIA VAL GRANA;VIA VAL GRANA;;;Scontro frontale/laterale DX fra veicoli in marcia;Incrocio;Una carreggiata a doppio senso;Asciutto;Asfaltata;Verticale ed orizzontale;Sereno;Normale;Buona;;0;0;0;4;12.5185;41.9441;-1;1;Autovettura privata;In marcia / fermata / arresto;Passeggero;F;Illeso;0;;;
5051528;4;09/09/2020 11:30:00;Strada Urbana;VIA CONCA D'ORO;all'intersezione con;VIA VAL GRANA;VIA VAL GRANA;;;Scontro frontale/laterale DX fra veicoli in marcia;Incrocio;Una carreggiata a doppio senso;Asciutto;Asfaltata;Verticale ed orizzontale;Sereno;Normale;Buona;;0;0;0;4;12.5185;41.9441;-1;2;Autovettura privata;In marcia / fermata / arresto;Conducente;M;Illeso;0;;;
5051553;4;09/09/2020 17:35:00;Strada Urbana;VIA NOMENTANA;in prossimit�;;del civico n.;861;;Scontro frontale/laterale SX fra veicoli in marcia;Rettilineo;Una carreggiata a doppio senso;Asciutto;Asfaltata;Orizzontale;Sereno;Normale;Buona;;1;0;0;1;12.5516;41.9409;-1;1;Autovettura privata;In marcia / fermata / arresto;Conducente;M;Illeso;0;;;
5051553;4;09/09/2020 17:35:00;Strada Urbana;VIA NOMENTANA;in prossimit�;;del civico n.;861;;Scontro frontale/laterale SX fra veicoli in marcia;Rettilineo;Una carreggiata a doppio senso;Asciutto;Asfaltata;Orizzontale;Sereno;Normale;Buona;;1;0;0;1;12.5516;41.9409;-1;2;Motociclo a solo;In marcia / fermata / arresto;Conducente;M;Rimandato;0;NON DECEDUTO;Non accertato;
5051560;13;09/09/2020 17:45:00;Comunale extraurbana;VIA DEL MARE;in corrispondenza;;della chilometrica;22.6;;Tamponamento;Rettilineo;Una carreggiata a doppio senso;Asciutto;Asfaltata;Verticale ed orizzontale;Sereno;Normale;Buona;;1;0;0;1;12.4632;41.8403;-1;1;Autovettura privata;In marcia / fermata / arresto;Conducente;M;Illeso;0;;Non accertato;
5051560;13;09/09/2020 17:45:00;Comunale extraurbana;VIA DEL MARE;in corrispondenza;;della chilometrica;22.6;;Tamponamento;Rettilineo;Una carreggiata a doppio senso;Asciutto;Asfaltata;Verticale ed orizzontale;Sereno;Normale;Buona;;1;0;0;1;12.4632;41.8403;-1;2;Autovettura privata;In marcia / fermata / arresto;Conducente;F;Rimandato;0;NON DECEDUTO;Non accertato;
5051595;2;09/09/2020 21:00:00;Strada Urbana;PIAZZA DI S. EMERENZIANA;all'intersezione con;VIALE ERITREA;VIALE ERITREA;;;Scontro laterale fra veicoli in marcia;Incrocio;Una carreggiata a senso unico di marcia;Asciutto;Asfaltata;Verticale ed orizzontale;Sereno;Scarso;Buona;;0;0;0;2;12.5161;41.929;-1;1;Autovettura privata;In marcia / fermata / arresto;Conducente;F;Illeso;0;;Non accertato;Inesploso
5051595;2;09/09/2020 21:00:00;Strada Urbana;PIAZZA DI S. EMERENZIANA;all'intersezione con;VIALE ERITREA;VIALE ERITREA;;;Scontro laterale fra veicoli in marcia;Incrocio;Una carreggiata a senso unico di marcia;Asciutto;Asfaltata;Verticale ed orizzontale;Sereno;Scarso;Buona;;0;0;0;2;12.5161;41.929;-1;2;Velocipede;In marcia / fermata / arresto;Conducente;F;Illeso;0;;Esente;
5051596;1;10/09/2020 08:45:00;Strada Urbana;VIA MARMORATA;in prossimit�;;del civico n.;3;;Infortunio per sola frenata improvvisa;Rettilineo;Una carreggiata a doppio senso;Asciutto;In cubetti di porfido;Verticale ed orizzontale;Sereno;Normale;Buona;;1;0;0;0;12.4801;41.8774;-1;1;Ciclomotore;In marcia / fermata / arresto;Conducente;M;Rimandato;0;NON DECEDUTO;;
5051621;1;08/09/2020 18:50:00;Strada Urbana;VIA DEI DUE MACELLI;in corrispondenza;;del civico n.;45;;Tamponamento;Rettilineo;Una carreggiata a senso unico di marcia;Asciutto;Asfaltata;Assente;Sereno;Intenso;Buona;;0;0;0;1;12.4846;41.9037;-1;1;Autovettura privata;In marcia / fermata / arresto;Conducente;M;Illeso;0;;;
5051621;1;08/09/2020 18:50:00;Strada Urbana;VIA DEI DUE MACELLI;in corrispondenza;;del civico n.;45;;Tamponamento;Rettilineo;Una carreggiata a senso unico di marcia;Asciutto;Asfaltata;Assente;Sereno;Intenso;Buona;;0;0;0;1;12.4846;41.9037;-1;2;Motociclo a solo;In marcia / fermata / arresto;;;;;;;
5051624;4;09/09/2020 06:40:00;Strada Urbana;VIA RENATO FUCINI;da specificare;;;;altezza paolo Acea 00;Scontro laterale fra veicoli in marcia;Rettilineo;Due carreggiate;Asciutto;Asfaltata;Verticale ed orizzontale;Sereno;Scarso;Buona;;0;0;0;2;12.5496;41.9497;-1;1;Autovettura privata;In marcia / fermata / arresto;Conducente;M;Illeso;0;;;
5051624;4;09/09/2020 06:40:00;Strada Urbana;VIA RENATO FUCINI;da specificare;;;;altezza paolo Acea 00;Scontro laterale fra veicoli in marcia;Rettilineo;Due carreggiate;Asciutto;Asfaltata;Verticale ed orizzontale;Sereno;Scarso;Buona;;0;0;0;2;12.5496;41.9497;-1;2;Autovettura privata;Sosta;;;;;;;
5051624;4;09/09/2020 06:40:00;Strada Urbana;VIA RENATO FUCINI;da specificare;;;;altezza paolo Acea 00;Scontro laterale fra veicoli in marcia;Rettilineo;Due carreggiate;Asciutto;Asfaltata;Verticale ed orizzontale;Sereno;Scarso;Buona;;0;0;0;2;12.5496;41.9497;-1;3;Autovettura privata;In marcia / fermata / arresto;Conducente;M;Illeso;0;;;
5051639;2;09/09/2020 14:30:00;Strada Urbana;VIA GUIDUBALDO DEL MONTE;in prossimit�;;del civico n.;61;;Scontro laterale fra veicoli in marcia;Rettilineo;Una carreggiata a senso unico di marcia;Asciutto;Asfaltata;Verticale ed orizzontale;Sereno;Scarso;Buona;;0;0;0;2;12.4777;41.9284;-1;1;Autovettura privata;In marcia / fermata / arresto;Conducente;F;Illeso;0;;Non accertato;Inesploso
5051639;2;09/09/2020 14:30:00;Strada Urbana;VIA GUIDUBALDO DEL MONTE;in prossimit�;;del civico n.;61;;Scontro laterale fra veicoli in marcia;Rettilineo;Una carreggiata a senso unico di marcia;Asciutto;Asfaltata;Verticale ed orizzontale;Sereno;Scarso;Buona;;0;0;0;2;12.4777;41.9284;-1;2;Autovettura privata;In marcia / fermata / arresto;Conducente;M;Illeso;0;;Non accertato;Inesploso
5051653;2;09/09/2020 11:20:00;Strada Urbana;VIA GIAMBATTISTA VICO;in corrispondenza;;del civico n.;31;;Investimento di pedone;Rettilineo;Una carreggiata a doppio senso;Asciutto;Asfaltata;Assente;Sereno;Scarso;Buona;;1;0;0;1;12.4744;41.9135;-1;;;;Pedone;M;Rimandato;0;NON DECEDUTO;;
5051653;2;09/09/2020 11:20:00;Strada Urbana;VIA GIAMBATTISTA VICO;in corrispondenza;;del civico n.;31;;Investimento di pedone;Rettilineo;Una carreggiata a doppio senso;Asciutto;Asfaltata;Assente;Sereno;Scarso;Buona;;1;0;0;1;12.4744;41.9135;-1;1;Autovettura privata;In marcia / fermata / arresto;Conducente;M;Illeso;0;;;
5051748;15;10/09/2020 10:20:00;Strada Urbana;VIA DEL FORNETTO;da specificare;;;;in prossimit� del civico 69;Scontro laterale fra veicoli in marcia;Rettilineo;Una carreggiata a senso unico di marcia;Asciutto;Asfaltata;Assente;Sereno;Normale;Buona;;1;0;0;0;12.4638;41.8714;-1;1;Motociclo a solo;In marcia / fermata / arresto;Conducente;M;Rimandato;0;NON DECEDUTO;Non accertato;
5051748;15;10/09/2020 10:20:00;Strada Urbana;VIA DEL FORNETTO;da specificare;;;;in prossimit� del civico 69;Scontro laterale fra veicoli in marcia;Rettilineo;Una carreggiata a senso unico di marcia;Asciutto;Asfaltata;Assente;Sereno;Normale;Buona;;1;0;0;0;12.4638;41.8714;-1;2;Autovettura privata;Allontanatosi;;;;;;;
5051774;12;10/09/2020 12:00:00;Strada Urbana;VIA ABIGAILLE ZANETTA;in corrispondenza;;del civico n.;123;;Veicolo in marcia contro veicolo arresto;Rettilineo;Una carreggiata a doppio senso;Asciutto;Asfaltata;Verticale ed orizzontale;Sereno;Normale;Buona;;0;0;0;3;12.5059;41.815;-1;1;Autovettura privata;In marcia / fermata / arresto;Conducente;M;Illeso;0;;;
5051774;12;10/09/2020 12:00:00;Strada Urbana;VIA ABIGAILLE ZANETTA;in corrispondenza;;del civico n.;123;;Veicolo in marcia contro veicolo arresto;Rettilineo;Una carreggiata a doppio senso;Asciutto;Asfaltata;Verticale ed orizzontale;Sereno;Normale;Buona;;0;0;0;3;12.5059;41.815;-1;1;Autovettura privata;In marcia / fermata / arresto;Passeggero;M;Illeso;0;;Utilizzato;
5051774;12;10/09/2020 12:00:00;Strada Urbana;VIA ABIGAILLE ZANETTA;in corrispondenza;;del civico n.;123;;Veicolo in marcia contro veicolo arresto;Rettilineo;Una carreggiata a doppio senso;Asciutto;Asfaltata;Verticale ed orizzontale;Sereno;Normale;Buona;;0;0;0;3;12.5059;41.815;-1;2;Autocarro superiore 35 q.;In marcia / fermata / arresto;Conducente;M;Illeso;0;;;
5051803;12;10/09/2020 11:15:00;Strada Urbana;VIA LAURENTINA;in corrispondenza;;del civico n.;739;;Veicolo in marcia contro veicolo arresto;Rettilineo;Pi� di due carreggiate;Asciutto;Asfaltata;Verticale ed orizzontale;Sereno;Normale;Buona;;0;0;0;3;12.486;41.8132;-1;1;Autovettura privata;In marcia / fermata / arresto;Conducente;M;Illeso;0;;;
5051803;12;10/09/2020 11:15:00;Strada Urbana;VIA LAURENTINA;in corrispondenza;;del civico n.;739;;Veicolo in marcia contro veicolo arresto;Rettilineo;Pi� di due carreggiate;Asciutto;Asfaltata;Verticale ed orizzontale;Sereno;Normale;Buona;;0;0;0;3;12.486;41.8132;-1;1;Autovettura privata;In marcia / fermata / arresto;Passeggero;F;Illeso;0;;;
5051803;12;10/09/2020 11:15:00;Strada Urbana;VIA LAURENTINA;in corrispondenza;;del civico n.;739;;Veicolo in marcia contro veicolo arresto;Rettilineo;Pi� di due carreggiate;Asciutto;Asfaltata;Verticale ed orizzontale;Sereno;Normale;Buona;;0;0;0;3;12.486;41.8132;-1;2;Autocarro inferiore 35 q.;In marcia / fermata / arresto;Conducente;M;Illeso;0;;;
5051852;16;09/09/2020 18:15:00;;VIA FERDINANDO VEROSPI;da specificare;;;;fc 1d;Veicolo in marcia contro veicolo in sosta;;;;;;;;;;0;0;0;2;12.4476;41.8724;0;1;Autovettura privata;In marcia / fermata / arresto;Conducente;F;Illeso;0;;;
5051852;16;09/09/2020 18:15:00;;VIA FERDINANDO VEROSPI;da specificare;;;;fc 1d;Veicolo in marcia contro veicolo in sosta;;;;;;;;;;0;0;0;2;12.4476;41.8724;0;2;Motociclo a solo;In marcia / fermata / arresto;Conducente;M;Illeso;0;;;
5051915;26;03/09/2020 12:10:00;Strada Urbana;VIA DEL CAMPIDOGLIO;in prossimit�;;del civico n.;6;;Veicolo in marcia contro ostacolo fisso;Rettilineo;Una carreggiata a doppio senso;Asciutto;In cubetti di porfido;Verticale;Sereno;Scarso;Buona;;0;0;0;1;12.4832;41.8927;0;1;Autocarro inferiore 35 q.;In marcia / fermata / arresto;Conducente;M;Illeso;0;;Non accertato;Inesploso
5051929;15;10/09/2020 10:00:00;Strada Urbana;LUNGOTEVERE DI PIETRA PAPA;da specificare;;;;prossimit� fronte civico 141;Scontro laterale fra veicoli in marcia;Rettilineo;Una carreggiata a doppio senso;Asciutto;Asfaltata;Orizzontale;Sereno;Normale;Buona;;1;0;0;2;12.4743;41.8629;-1;1;Autovettura privata;In marcia / fermata / arresto;Conducente;F;Rimandato;0;NON DECEDUTO;Non accertato;Inesploso
5051929;15;10/09/2020 10:00:00;Strada Urbana;LUNGOTEVERE DI PIETRA PAPA;da specificare;;;;prossimit� fronte civico 141;Scontro laterale fra veicoli in marcia;Rettilineo;Una carreggiata a doppio senso;Asciutto;Asfaltata;Orizzontale;Sereno;Normale;Buona;;1;0;0;2;12.4743;41.8629;-1;2;Autovettura privata;In marcia / fermata / arresto;Conducente;M;Illeso;0;;;
5051929;15;10/09/2020 10:00:00;Strada Urbana;LUNGOTEVERE DI PIETRA PAPA;da specificare;;;;prossimit� fronte civico 141;Scontro laterale fra veicoli in marcia;Rettilineo;Una carreggiata a doppio senso;Asciutto;Asfaltata;Orizzontale;Sereno;Normale;Buona;;1;0;0;2;12.4743;41.8629;-1;2;Autovettura privata;In marcia / fermata / arresto;Passeggero;F;Illeso;0;;Non accertato;Inesploso