Protocollo;Gruppo;DataOraIncidente;Localizzazione1;STRADA1;Localizzazione2;STRADA2;Strada02;Chilometrica;DaSpecificare;NaturaIncidente;particolaritastrade;TipoStrada;FondoStradale;Pavimentazione;Segnaletica;CondizioneAtmosferica;Traffico;Visibilita;Illuminazione;NUM_FERITI;NUM_RISERVATA;NUM_MORTI;NUM_ILLESI;Longitudine;Latitudine;Confermato;Progressivo;TipoVeicolo;StatoVeicolo;TipoPersona;Sesso;Tipolesione;Deceduto;DecedutoDopo;CinturaCascoUtilizzato;Airbag;
5052907;16;10/09/2020 13:25:00;Strada Urbana;VIA BERNARDINO RAMAZZINI;in prossimit�;;del civico n.;68;;Veicolo in marcia contro veicoli in sosta;Rettilineo;Una carreggiata a doppio senso;Asciutto;Asfaltata;Verticale ed orizzontale;Sereno;Normale;Buona;;0;0;0;4;12.4522;41.8683;-1;2;Autovettura privata;In marcia / fermata / arresto;Passeggero;F;Illeso;0;;;
5052949;16;10/09/2020 21:35:00;;VIALE DI TRASTEVERE;in corrispondenza;;del civico n.;160;;Scontro laterale fra veicoli in marcia;;;;;;;;;;0;0;0;2;12.4664;41.8798;0;1;Autovettura privata;In marcia / fermata / arresto;Conducente;M;Illeso;0;;;
5052949;16;10/09/2020 21:35:00;;VIALE DI TRASTEVERE;in corrispondenza;;del civico n.;160;;Scontro laterale fra veicoli in marcia;;;;;;;;;;0;0;0;2;12.4664;41.8798;0;2;Micromobilit� elettrica - Monowheel;In marcia / fermata / arresto;Conducente;M;Illeso;0;;;
5052961;13;11/09/2020 09:10:00;Strada Urbana;VIA DELLE BALENIERE;all'intersezione semaforizzata con;VIADOTTO ATTICO TABACCHI;VIADOTTO ATTICO TABACCHI;;;Tamponamento;Intersezione semaforizzata;Una carreggiata a doppio senso;Asciutto;Asfaltata;Verticale ed orizzontale;Sereno;Normale;Buona;;0;0;0;2;12.2795;41.7382;-1;1;Motociclo a solo;In marcia / fermata / arresto;Conducente;M;Illeso;0;;Utilizzato;
5052961;13;11/09/2020 09:10:00;Strada Urbana;VIA DELLE BALENIERE;all'intersezione semaforizzata con;VIADOTTO ATTICO TABACCHI;VIADOTTO ATTICO TABACCHI;;;Tamponamento;Intersezione semaforizzata;Una carreggiata a doppio senso;Asciutto;Asfaltata;Verticale ed orizzontale;Sereno;Normale;Buona;;0;0;0;2;12.2795;41.7382;-1;2;Autovettura privata;In marcia / fermata / arresto;Conducente;M;Illeso;0;;Non utilizzato;Inesploso
5052964;18;09/09/2020 22:10:00;Strada Urbana;VIA DI BOCCEA;in prossimit�;;del civico n.;275;;Investimento di pedone;Rettilineo;Una carreggiata a doppio senso;Asciutto;Asfaltata;Verticale ed orizzontale;Sereno;Normale;Insufficiente;;1;0;0;2;12.415;41.9032;-1;;;;Pedone;F;Rimandato;0;NON DECEDUTO;;
5052964;18;09/09/2020 22:10:00;Strada Urbana;VIA DI BOCCEA;in prossimit�;;del civico n.;275;;Investimento di pedone;Rettilineo;Una carreggiata a doppio senso;Asciutto;Asfaltata;Verticale ed orizzontale;Sereno;Normale;Insufficiente;;1;0;0;2;12.415;41.9032;-1;1;Autovettura privata;In marcia / fermata / arresto;Conducente;M;Illeso;0;;Non accertato;Inesploso
5052964;18;09/09/2020 22:10:00;Strada Urbana;VIA DI BOCCEA;in prossimit�;;del civico n.;275;;Investimento di pedone;Rettilineo;Una carreggiata a doppio senso;Asciutto;Asfaltata;Verticale ed orizzontale;Sereno;Normale;Insufficiente;;1;0;0;2;12.415;41.9032;-1;1;Autovettura privata;In marcia / fermata / arresto;Passeggero;F;Illeso;0;;Non accertato;Inesploso
5052987;13;11/09/2020 09:00:00;Strada Urbana;VIALE DELLA STELLA POLARE;all'intersezione con;VIA DELLE TARTANE;VIA DELLE TARTANE;;;Scontro frontale/laterale SX fra veicoli in marcia;Incrocio;Una carreggiata a doppio senso;Asciutto;Asfaltata;Assente;Sereno;Normale;Buona;;1;0;0;1;12.2921;41.7263;-1;1;Autovettura privata;In marcia / fermata / arresto;Conducente;M;Illeso;0;;Non accertato;Inesploso
5052987;13;11/09/2020 09:00:00;Strada Urbana;VIALE DELLA STELLA POLARE;all'intersezione con;VIA DELLE TARTANE;VIA DELLE TARTANE;;;Scontro frontale/laterale SX fra veicoli in marcia;Incrocio;Una carreggiata a doppio senso;Asciutto;Asfaltata;Assente;Sereno;Normale;Buona;;1;0;0;1;12.2921;41.7263;-1;2;Motociclo a solo;In marcia / fermata / arresto;Conducente;M;Rimandato;0;NON DECEDUTO;Utilizzato;
5052990;2;10/09/2020 18:10:00;Strada Urbana;VIA MONTE DELLE GIOIE;all'intersezione con;VIA DI S. SIRICIO;VIA DI S. SIRICIO;;;Scontro frontale/laterale SX fra veicoli in marcia;Incrocio;Una carreggiata a senso unico di marcia;Asciutto;Asfaltata;Verticale ed orizzontale;Sereno;Normale;Buona;;0;0;0;3;12.5111;41.9325;-1;1;Autovettura privata;In marcia / fermata / arresto;Conducente;F;Illeso;0;;Non accertato;Inesploso
5052990;2;10/09/2020 18:10:00;Strada Urbana;VIA MONTE DELLE GIOIE;all'intersezione con;VIA DI S. SIRICIO;VIA DI S. SIRICIO;;;Scontro frontale/laterale SX fra veicoli in marcia;Incrocio;Una carreggiata a senso unico di marcia;Asciutto;Asfaltata;Verticale ed orizzontale;Sereno;Normale;Buona;;0;0;0;3;12.5111;41.9325;-1;2;Autovettura privata;In marcia / fermata / arresto;Conducente;F;Illeso;0;;Non accertato;Inesploso
5052990;2;10/09/2020 18:10:00;Strada Urbana;VIA MONTE DELLE GIOIE;all'intersezione con;VIA DI S. SIRICIO;VIA DI S. SIRICIO;;;Scontro frontale/laterale SX fra veicoli in marcia;Incrocio;Una carreggiata a senso unico di marcia;Asciutto;Asfaltata;Verticale ed orizzontale;Sereno;Normale;Buona;;0;0;0;3;12.5111;41.9325;-1;2;Autovettura privata;In marcia / fermata / arresto;Passeggero;M;Illeso;0;;Non accertato;Inesploso
5053026;10;10/09/2020 21:15:00;Strada Urbana;VIA APPIA NUOVA;in corrispondenza;;del civico n.;815;;Veicolo in marcia contro ostacolo accidentale;Rettilineo;Due carreggiate;Asciutto;Asfaltata;Verticale ed orizzontale;Sereno;Scarso;Sufficiente;;0;0;0;1;12.5484;41.8512;-1;1;Autovettura privata;In marcia / fermata / arresto;Conducente;M;Illeso;0;;Non accertato;Inesploso
5053029;7;10/09/2020 23:40:00;Strada Urbana;VIALE PALMIRO TOGLIATTI;da specificare;;;;fronte civico 951;Veicolo in marcia contro treno;Rettilineo;Due carreggiate;Asciutto;Asfaltata;Assente;Sereno;Normale;Buona;;0;0;0;2;12.5741;41.8923;-1;1;Autovettura privata;In marcia / fermata / arresto;Conducente;M;Illeso;0;;Non accertato;Inesploso
5053029;7;10/09/2020 23:40:00;Strada Urbana;VIALE PALMIRO TOGLIATTI;da specificare;;;;fronte civico 951;Veicolo in marcia contro treno;Rettilineo;Due carreggiate;Asciutto;Asfaltata;Assente;Sereno;Normale;Buona;;0;0;0;2;12.5741;41.8923;-1;2;Vettura tranviaria;In marcia / fermata / arresto;Conducente;M;Illeso;0;;Esente;
5053088;19;11/09/2020 00:05:00;Strada Urbana;VIA GIORGIO MORPURGO;in prossimit�;;del civico n.;fronte 4;;Veicolo in marcia contro veicolo in sosta;Rettilineo;Una carreggiata a senso unico di marcia;Asciutto;Asfaltata;Assente;Sereno;Scarso;Buona;;0;0;0;0;12.4397;41.9222;-1;1;Autovettura privata;In marcia / fermata / arresto;;;;;;;
5053088;19;11/09/2020 00:05:00;Strada Urbana;VIA GIORGIO MORPURGO;in prossimit�;;del civico n.;fronte 4;;Veicolo in marcia contro veicolo in sosta;Rettilineo;Una carreggiata a senso unico di marcia;Asciutto;Asfaltata;Assente;Sereno;Scarso;Buona;;0;0;0;0;12.4397;41.9222;-1;2;Autovettura privata;Sosta;;;;;;;
5053135;2;10/09/2020 09:35:00;Strada Urbana;VIA PIETRO TACCHINI;all'intersezione con;VIA GIAMBATTISTA BENEDETTI;VIA GIAMBATTISTA BENEDETTI;;;Scontro laterale fra veicoli in marcia;Intersezione stradale segnalata;Una carreggiata a doppio senso;Asciutto;Asfaltata;Verticale ed orizzontale;Sereno;Normale;Buona;;0;0;0;3;12.4865;41.922;-1;1;Autovettura privata;In marcia / fermata / arresto;Conducente;F;Illeso;0;;Non accertato;Inesploso
5053135;2;10/09/2020 09:35:00;Strada Urbana;VIA PIETRO TACCHINI;all'intersezione con;VIA GIAMBATTISTA BENEDETTI;VIA GIAMBATTISTA BENEDETTI;;;Scontro laterale fra veicoli in marcia;Intersezione stradale segnalata;Una carreggiata a doppio senso;Asciutto;Asfaltata;Verticale ed orizzontale;Sereno;Normale;Buona;;0;0;0;3;12.4865;41.922;-1;2;Autovettura privata;In marcia / fermata / arresto;Conducente;M;Illeso;0;;Non accertato;Inesploso
5053135;2;10/09/2020 09:35:00;Strada Urbana;VIA PIETRO TACCHINI;all'intersezione con;VIA GIAMBATTISTA BENEDETTI;VIA GIAMBATTISTA BENEDETTI;;;Scontro laterale fra veicoli in marcia;Intersezione stradale segnalata;Una carreggiata a doppio senso;Asciutto;Asfaltata;Verticale ed orizzontale;Sereno;Normale;Buona;;0;0;0;3;12.4865;41.922;-1;2;Autovettura privata;In marcia / fermata / arresto;Passeggero;F;Illeso;0;;Non accertato;Inesploso
5053144;7;11/09/2020 13:00:00;Strada Urbana;VIA DEGLI ACERI;all'intersezione con;VIA DEI FRASSINI;VIA DEI FRASSINI;;;Scontro frontale/laterale DX fra veicoli in marcia;Incrocio;Due carreggiate;Asciutto;Asfaltata;Verticale ed orizzontale;Sereno;Normale;Buona;;1;0;0;2;12.5678;41.8781;-1;1;Autovettura privata;In marcia / fermata / arresto;Conducente;M;Rimandato;0;NON DECEDUTO;Non accertato;Inesploso
5053144;7;11/09/2020 13:00:00;Strada Urbana;VIA DEGLI ACERI;all'intersezione con;VIA DEI FRASSINI;VIA DEI FRASSINI;;;Scontro frontale/laterale DX fra veicoli in marcia;Incrocio;Due carreggiate;Asciutto;Asfaltata;Verticale ed orizzontale;Sereno;Normale;Buona;;1;0;0;2;12.5678;41.8781;-1;2;Autovettura privata;In marcia / fermata / arresto;Conducente;M;Illeso;0;;Non accertato;Inesploso
5053144;7;11/09/2020 13:00:00;Strada Urbana;VIA DEGLI ACERI;all'intersezione con;VIA DEI FRASSINI;VIA DEI FRASSINI;;;Scontro frontale/laterale DX fra veicoli in marcia;Incrocio;Due carreggiate;Asciutto;Asfaltata;Verticale ed orizzontale;Sereno;Normale;Buona;;1;0;0;2;12.5678;41.8781;-1;2;Autovettura privata;In marcia / fermata / arresto;Passeggero;F;Illeso;0;;Non accertato;Inesploso
5053186;15;11/09/2020 10:30:00;Strada Urbana;VIALE DEI COLLI PORTUENSI;all'intersezione semaforizzata con;VIA PORTUENSE;VIA PORTUENSE;;;Scontro laterale fra veicoli in marcia;Intersezione semaforizzata;Due carreggiate;Asciutto;Asfaltata;Verticale ed orizzontale;Nuvoloso;Normale;Buona;;0;0;0;4;12.4441;41.8666;-1;1;Autocarro inferiore 35 q.;In marcia / fermata / arresto;Conducente;M;Illeso;0;;Non accertato;Inesploso
5053186;15;11/09/2020 10:30:00;Strada Urbana;VIALE DEI COLLI PORTUENSI;all'intersezione semaforizzata con;VIA PORTUENSE;VIA PORTUENSE;;;Scontro laterale fra veicoli in marcia;Intersezione semaforizzata;Due carreggiate;Asciutto;Asfaltata;Verticale ed orizzontale;Nuvoloso;Normale;Buona;;0;0;0;4;12.4441;41.8666;-1;2;Autovettura privata;In marcia / fermata / arresto;Conducente;F;Illeso;0;;Non accertato;Inesploso
5053186;15;11/09/2020 10:30:00;Strada Urbana;VIALE DEI COLLI PORTUENSI;all'intersezione semaforizzata con;VIA PORTUENSE;VIA PORTUENSE;;;Scontro laterale fra veicoli in marcia;Intersezione semaforizzata;Due carreggiate;Asciutto;Asfaltata;Verticale ed orizzontale;Nuvoloso;Normale;Buona;;0;0;0;4;12.4441;41.8666;-1;2;Autovettura privata;In marcia / fermata / arresto;Passeggero;F;Illeso;0;;Non accertato;Inesploso
5053186;15;11/09/2020 10:30:00;Strada Urbana;VIALE DEI COLLI PORTUENSI;all'intersezione semaforizzata con;VIA PORTUENSE;VIA PORTUENSE;;;Scontro laterale fra veicoli in marcia;Intersezione semaforizzata;Due carreggiate;Asciutto;Asfaltata;Verticale ed orizzontale;Nuvoloso;Normale;Buona;;0;0;0;4;12.4441;41.8666;-1;2;Autovettura privata;In marcia / fermata / arresto;Passeggero;M;Illeso;0;;Non accertato;Inesploso
5053202;10;11/09/2020 13:30:00;Strada Urbana;VIA ANAGNINA;in prossimit�;;del civico n.;21;;Scontro laterale fra veicoli in marcia;Rettilineo;Due carreggiate;Asciutto;Asfaltata;Verticale ed orizzontale;Sereno;Normale;Buona;;0;0;0;3;12.5895;41.8387;-1;1;Autovettura privata;In marcia / fermata / arresto;Conducente;M;Illeso;0;;Non accertato;Inesploso
5053202;10;11/09/2020 13:30:00;Strada Urbana;VIA ANAGNINA;in prossimit�;;del civico n.;21;;Scontro laterale fra veicoli in marcia;Rettilineo;Due carreggiate;Asciutto;Asfaltata;Verticale ed orizzontale;Sereno;Normale;Buona;;0;0;0;3;12.5895;41.8387;-1;2;Autovettura privata;In marcia / fermata / arresto;Conducente;M;Illeso;0;;Non accertato;Inesploso
5053202;10;11/09/2020 13:30:00;Strada Urbana;VIA ANAGNINA;in prossimit�;;del civico n.;21;;Scontro laterale fra veicoli in marcia;Rettilineo;Due carreggiate;Asciutto;Asfaltata;Verticale ed orizzontale;Sereno;Normale;Buona;;0;0;0;3;12.5895;41.8387;-1;2;Autovettura privata;In marcia / fermata / arresto;Passeggero;F;Illeso;0;;Non accertato;Inesploso
5053217;12;11/09/2020 07:50:00;Strada Urbana;VIA LAURENTINA;da specificare;;;;dir Roma altezza Via  A. Campanile;Scontro laterale fra veicoli in marcia;Rettilineo;Pi� di due carreggiate;Asciutto;Asfaltata;Verticale ed orizzontale;Nuvoloso;Normale;Buona;;0;0;0;2;12.4815;41.8269;-1;1;Motociclo a solo;In marcia / fermata / arresto;Conducente;M;Illeso;0;;;
5053217;12;11/09/2020 07:50:00;Strada Urbana;VIA LAURENTINA;da specificare;;;;dir Roma altezza Via  A. Campanile;Scontro laterale fra veicoli in marcia;Rettilineo;Pi� di due carreggiate;Asciutto;Asfaltata;Verticale ed orizzontale;Nuvoloso;Normale;Buona;;0;0;0;2;12.4815;41.8269;-1;2;Autovettura privata;In marcia / fermata / arresto;Conducente;F;Illeso;0;;;
5053235;6;11/09/2020 05:30:00;Provinciale entro l'abitato;VIA PRENESTINA;in corrispondenza;;del civico n.;228;;Veicolo in marcia contro veicoli in sosta;Rettilineo;Pi� di due carreggiate;Asciutto;Asfaltata;Verticale ed orizzontale;Sereno;Scarso;Buona;;0;0;0;0;12.5391;41.8922;-1;2;Autovettura privata;Sosta;;;;;;;
5053235;6;11/09/2020 05:30:00;Provinciale entro l'abitato;VIA PRENESTINA;in corrispondenza;;del civico n.;228;;Veicolo in marcia contro veicoli in sosta;Rettilineo;Pi� di due carreggiate;Asciutto;Asfaltata;Verticale ed orizzontale;Sereno;Scarso;Buona;;0;0;0;0;12.5391;41.8922;-1;3;Autovettura privata;Sosta;;;;;;;
5053245;6;11/09/2020 11:15:00;Provinciale entro l'abitato;VIA ETTORE FIERAMOSCA;all'intersezione con;VIA STEFANO COLONNA;VIA STEFANO COLONNA;;;Scontro frontale/laterale SX fra veicoli in marcia;Incrocio;Pi� di due carreggiate;Asciutto;Asfaltata;Verticale ed orizzontale;Sereno;Normale;Buona;;1;0;0;1;12.5282;41.8923;-1;1;Autovettura privata;In marcia / fermata / arresto;Conducente;M;Illeso;0;;;
5053245;6;11/09/2020 11:15:00;Provinciale entro l'abitato;VIA ETTORE FIERAMOSCA;all'intersezione con;VIA STEFANO COLONNA;VIA STEFANO COLONNA;;;Scontro frontale/laterale SX fra veicoli in marcia;Incrocio;Pi� di due carreggiate;Asciutto;Asfaltata;Verticale ed orizzontale;Sereno;Normale;Buona;;1;0;0;1;12.5282;41.8923;-1;2;Motociclo a solo;In marcia / fermata / arresto;Conducente;M;Rimandato;0;NON DECEDUTO;;
5053264;18;11/09/2020 13:40:00;Strada Urbana;VIA DEL CASALE DI S. PIO V;da specificare;;;;in prossimit� intersezione Via Aurelia Antica;Scontro frontale fra veicoli in marcia;Curva senza visuale libera;Una carreggiata a doppio senso;Bagnato (pioggia);Asfaltata;Verticale ed orizzontale;Nuvoloso;Normale;Buona;;2;0;0;0;12.4322;41.8924;-1;1;Motociclo a solo;In marcia / fermata / arresto;Conducente;M;Rifiuta cure immediate;0;NON DECEDUTO;Non accertato;
5053264;18;11/09/2020 13:40:00;Strada Urbana;VIA DEL CASALE DI S. PIO V;da specificare;;;;in prossimit� intersezione Via Aurelia Antica;Scontro frontale fra veicoli in marcia;Curva senza visuale libera;Una carreggiata a doppio senso;Bagnato (pioggia);Asfaltata;Verticale ed orizzontale;Nuvoloso;Normale;Buona;;2;0;0;0;12.4322;41.8924;-1;2;Motociclo a solo;In marcia / fermata / arresto;Conducente;M;Ricoverato;0;NON DECEDUTO;;
5053307;9;11/09/2020 07:15:00;Strada Urbana;VIA NISO;in prossimit�;;del civico n.;35;;Veicolo in marcia contro veicoli in sosta;Rettilineo;Una carreggiata a senso unico di marcia;Asciutto;Asfaltata;Verticale ed orizzontale;Nuvoloso;Normale;Buona;;0;0;0;1;12.5225;41.8767;-1;1;Autovettura privata;In marcia / fermata / arresto;Conducente;M;Illeso;0;;Non accertato;Inesploso
5053307;9;11/09/2020 07:15:00;Strada Urbana;VIA NISO;in prossimit�;;del civico n.;35;;Veicolo in marcia contro veicoli in sosta;Rettilineo;Una carreggiata a senso unico di marcia;Asciutto;Asfaltata;Verticale ed orizzontale;Nuvoloso;Normale;Buona;;0;0;0;1;12.5225;41.8767;-1;2;Autovettura privata;Sosta;;;;;;;
5053307;9;11/09/2020 07:15:00;Strada Urbana;VIA NISO;in prossimit�;;del civico n.;35;;Veicolo in marcia contro veicoli in sosta;Rettilineo;Una carreggiata a senso unico di marcia;Asciutto;Asfaltata;Verticale ed orizzontale;Nuvoloso;Normale;Buona;;0;0;0;1;12.5225;41.8767;-1;3;Autovettura privata;Sosta;;;;;;;
5053307;9;11/09/2020 07:15:00;Strada Urbana;VIA NISO;in prossimit�;;del civico n.;35;;Veicolo in marcia contro veicoli in sosta;Rettilineo;Una carreggiata a senso unico di marcia;Asciutto;Asfaltata;Verticale ed orizzontale;Nuvoloso;Normale;Buona;;0;0;0;1;12.5225;41.8767;-1;4;Autovettura privata;Sosta;;;;;;;
5053307;9;11/09/2020 07:15:00;Strada Urbana;VIA NISO;in prossimit�;;del civico n.;35;;Veicolo in marcia contro veicoli in sosta;Rettilineo;Una carreggiata a senso unico di marcia;Asciutto;Asfaltata;Verticale ed orizzontale;Nuvoloso;Normale;Buona;;0;0;0;1;12.5225;41.8767;-1;5;Autovettura privata;Sosta;;;;;;;
5053319;1;11/09/2020 13:55:00;Strada Urbana;PONTE SUBLICIO;in prossimit�;;del palo luce n.;2;;Scontro laterale fra veicoli in marcia;Rettilineo;Una carreggiata a doppio senso;Asciutto;Asfaltata;Verticale ed orizzontale;Sereno;Normale;Buona;;0;0;0;2;12.4747;41.8836;-1;1;Autovettura privata;In marcia / fermata / arresto;Conducente;F;Illeso;0;;Non accertato;Inesploso
5053319;1;11/09/2020 13:55:00;Strada Urbana;PONTE SUBLICIO;in prossimit�;;del palo luce n.;2;;Scontro laterale fra veicoli in marcia;Rettilineo;Una carreggiata a doppio senso;Asciutto;Asfaltata;Verticale ed orizzontale;Sereno;Normale;Buona;;0;0;0;2;12.4747;41.8836;-1;2;Autovettura privata;In marcia / fermata / arresto;Conducente;M;Illeso;0;;Non accertato;Inesploso
5053369;1;10/09/2020 11:40:00;Strada Urbana;PIAZZA DELL'INDIPENDENZA;all'intersezione con;VIA SAN MARTINO DELLA BATTAGLIA;VIA SAN MARTINO DELLA BATTAGLIA;;;Scontro frontale/laterale DX fra veicoli in marcia;Incrocio;Una carreggiata a senso unico di marcia;Asciutto;Asfaltata;Verticale ed orizzontale;Sereno;Normale;Buona;;1;0;0;2;12.5031;41.9048;-1;1;Motociclo a solo;In marcia / fermata / arresto;Conducente;M;Rifiuta cure immediate;0;NON DECEDUTO;Non accertato;
5053369;1;10/09/2020 11:40:00;Strada Urbana;PIAZZA DELL'INDIPENDENZA;all'intersezione con;VIA SAN MARTINO DELLA BATTAGLIA;VIA SAN MARTINO DELLA BATTAGLIA;;;Scontro frontale/laterale DX fra veicoli in marcia;Incrocio;Una carreggiata a senso unico di marcia;Asciutto;Asfaltata;Verticale ed orizzontale;Sereno;Normale;Buona;;1;0;0;2;12.5031;41.9048;-1;2;Autobus di linea;In marcia / fermata / arresto;Conducente;M;Illeso;0;;Non accertato;Inesploso
5053369;1;10/09/2020 11:40:00;Strada Urbana;PIAZZA DELL'INDIPENDENZA;all'intersezione con;VIA SAN MARTINO DELLA BATTAGLIA;VIA SAN MARTINO DELLA BATTAGLIA;;;Scontro frontale/laterale DX fra veicoli in marcia;Incrocio;Una carreggiata a senso unico di marcia;Asciutto;Asfaltata;Verticale ed orizzontale;Sereno;Normale;Buona;;1;0;0;2;12.5031;41.9048;-1;3;Autobus di linea;In marcia / fermata / arresto;Conducente;M;Illeso;0;;Non accertato;Inesploso
5053377;10;11/09/2020 16:20:00;Strada Urbana;VIALE BRUNO PELIZZI;all'intersezione con;VIA DI TORRE SPACCATA;VIA DI TORRE SPACCATA;;;Scontro laterale fra veicoli in marcia;Intersezione stradale segnalata;Pi� di due carreggiate;Asciutto;Asfaltata;Verticale ed orizzontale;Sereno;Normale;Buona;;0;0;0;2;12.584;41.8555;-1;1;Autovettura privata;In marcia / fermata / arresto;Conducente;F;Illeso;0;;Non accertato;Inesploso
5053377;10;11/09/2020 16:20:00;Strada Urbana;VIALE BRUNO PELIZZI;all'intersezione con;VIA DI TORRE SPACCATA;VIA DI TORRE SPACCATA;;;Scontro laterale fra veicoli in marcia;Intersezione stradale segnalata;Pi� di due carreggiate;Asciutto;Asfaltata;Verticale ed orizzontale;Sereno;Normale;Buona;;0;0;0;2;12.584;41.8555;-1;2;Autovettura privata;In marcia / fermata / arresto;Conducente;M;Illeso;0;;Non accertato;Inesploso
5053465;18;11/09/2020 13:30:00;Strada Urbana;VIA DOMENICO TARDINI;in prossimit�;;del civico n.;35;;Tamponamento;Rettilineo;Una carreggiata a doppio senso;Asciutto;Asfaltata;Verticale ed orizzontale;Sereno;Normale;Buona;;1;0;0;1;12.4261;41.9027;-1;1;Autovettura privata;In marcia / fermata / arresto;Conducente;F;Illeso;0;;;
5053465;18;11/09/2020 13:30:00;Strada Urbana;VIA DOMENICO TARDINI;in prossimit�;;del civico n.;35;;Tamponamento;Rettilineo;Una carreggiata a doppio senso;Asciutto;Asfaltata;Verticale ed orizzontale;Sereno;Normale;Buona;;1;0;0;1;12.4261;41.9027;-1;2;Autovettura privata;In marcia / fermata / arresto;Conducente;F;Rimandato;0;NON DECEDUTO;;
5053520;6;11/09/2020 17:00:00;Strada Urbana;VIA ETTORE FIERAMOSCA;da specificare;;;;pross.t� intersezione VIA PRENESTINA;Scontro frontale/laterale SX fra veicoli in marcia;Rettilineo;Una carreggiata a doppio senso;Asciutto;Asfaltata;Verticale ed orizzontale;Nuvoloso;Intenso;Buona;;1;0;0;1;12.5281;41.8921;-1;1;Autovettura privata;In marcia / fermata / arresto;Conducente;M;Rifiuta cure immediate;0;NON DECEDUTO;Non accertato;Inesploso
5053520;6;11/09/2020 17:00:00;Strada Urbana;VIA ETTORE FIERAMOSCA;da specificare;;;;pross.t� intersezione VIA PRENESTINA;Scontro frontale/laterale SX fra veicoli in marcia;Rettilineo;Una carreggiata a doppio senso;Asciutto;Asfaltata;Verticale ed orizzontale;Nuvoloso;Intenso;Buona;;1;0;0;1;12.5281;41.8921;-1;2;Autovettura privata;In marcia / fermata / arresto;Conducente;M;Illeso;0;;Non accertato;Inesploso
5053520;6;11/09/2020 17:00:00;Strada Urbana;VIA ETTORE FIERAMOSCA;da specificare;;;;pross.t� intersezione VIA PRENESTINA;Scontro frontale/laterale SX fra veicoli in marcia;Rettilineo;Una carreggiata a doppio senso;Asciutto;Asfaltata;Verticale ed orizzontale;Nuvoloso;Intenso;Buona;;1;0;0;1;12.5281;41.8921;-1;3;Autovettura privata;Sosta;;;;;;;
5053520;6;11/09/2020 17:00:00;Strada Urbana;VIA ETTORE FIERAMOSCA;da specificare;;;;pross.t� intersezione VIA PRENESTINA;Scontro frontale/laterale SX fra veicoli in marcia;Rettilineo;Una carreggiata a doppio senso;Asciutto;Asfaltata;Verticale ed orizzontale;Nuvoloso;Intenso;Buona;;1;0;0;1;12.5281;41.8921;-1;4;Autovettura privata;Sosta;;;;;;;
5053520;6;11/09/2020 17:00:00;Strada Urbana;VIA ETTORE FIERAMOSCA;da specificare;;;;pross.t� intersezione VIA PRENESTINA;Scontro frontale/laterale SX fra veicoli in marcia;Rettilineo;Una carreggiata a doppio senso;Asciutto;Asfaltata;Verticale ed orizzontale;Nuvoloso;Intenso;Buona;;1;0;0;1;12.5281;41.8921;-1;5;Autovettura privata;Sosta;;;;;;;
5053560;10;11/09/2020 17:10:00;Strada Urbana;VIALE PALMIRO TOGLIATTI;in prossimit�;;del civico n.;225;;Veicolo in marcia contro veicoli in sosta;Rettilineo;Due carreggiate;Asciutto;Asfaltata;Verticale ed orizzontale;Sereno;Normale;Buona;;0;0;0;1;12.5691;41.8618;-1;1;Autovettura privata;In marcia / fermata / arresto;Conducente;F;Illeso;0;;Non accertato;Inesploso
5053560;10;11/09/2020 17:10:00;Strada Urbana;VIALE PALMIRO TOGLIATTI;in prossimit�;;del civico n.;225;;Veicolo in marcia contro veicoli in sosta;Rettilineo;Due carreggiate;Asciutto;Asfaltata;Verticale ed orizzontale;Sereno;Normale;Buona;;0;0;0;1;12.5691;41.8618;-1;2;Autovettura privata;Sosta;;;;;;;
5053560;10;11/09/2020 17:10:00;Strada Urbana;VIALE PALMIRO TOGLIATTI;in prossimit�;;del civico n.;225;;Veicolo in marcia contro veicoli in sosta;Rettilineo;Due carreggiate;Asciutto;Asfaltata;Verticale ed orizzontale;Sereno;Normale;Buona;;0;0;0;1;12.5691;41.8618;-1;3;Autovettura privata;Sosta;;;;;;;
5053601;12;11/09/2020 16:20:00;Strada Urbana;LARGO MAURIZIO POGGIALI;in prossimit�;;del civico n.;11;;Scontro frontale/laterale DX fra veicoli in marcia;Rettilineo;Una carreggiata a senso unico di marcia;Asciutto;Asfaltata;Verticale;Nuvoloso;Scarso;Buona;;0;0;0;2;12.5171;41.8204;-1;1;Quadriciclo leggero;In marcia / fermata / arresto;Conducente;F;Illeso;0;;;
5053601;12;11/09/2020 16:20:00;Strada Urbana;LARGO MAURIZIO POGGIALI;in prossimit�;;del civico n.;11;;Scontro frontale/laterale DX fra veicoli in marcia;Rettilineo;Una carreggiata a senso unico di marcia;Asciutto;Asfaltata;Verticale;Nuvoloso;Scarso;Buona;;0;0;0;2;12.5171;41.8204;-1;2;Autovettura privata;In marcia / fermata / arresto;Conducente;F;Illeso;0;;;
5053951;1;11/09/2020 16:20:00;Strada Urbana;VIALE AVENTINO;in prossimit�;;del civico n.;61;;Tamponamento;Rettilineo;Pi� di due carreggiate;Asciutto;In cubetti di porfido;Verticale ed orizzontale;Sereno;Normale;;;0;0;0;3;;;0;1;Autovettura privata;In marcia / fermata / arresto;Conducente;M;Illeso;0;;;