Protocollo;Gruppo;DataOraIncidente;Localizzazione1;STRADA1;Localizzazione2;STRADA2;Strada02;Chilometrica;DaSpecificare;NaturaIncidente;particolaritastrade;TipoStrada;FondoStradale;Pavimentazione;Segnaletica;CondizioneAtmosferica;Traffico;Visibilita;Illuminazione;NUM_FERITI;NUM_RISERVATA;NUM_MORTI;NUM_ILLESI;Longitudine;Latitudine;Confermato;Progressivo;TipoVeicolo;StatoVeicolo;TipoPersona;Sesso;Tipolesione;Deceduto;DecedutoDopo;CinturaCascoUtilizzato;Airbag;
5055802;8;12/09/2020 08:15:00;Strada Urbana;VIA ARZACHENA;in corrispondenza;;del civico n.;43;;Scontro frontale/laterale SX fra veicoli in marcia;Rettilineo;Una carreggiata a doppio senso;Asciutto;Asfaltata;Assente;Sereno;Scarso;Buona;;0;0;0;3;12.6981;41.8785;-1;2;Autovettura di polizia;In marcia / fermata / arresto;Passeggero;M;Illeso;0;;Non accertato;Inesploso
5055806;8;13/09/2020 15:30:00;Strada Urbana;VIA CASILINA;in corrispondenza;;del civico n.;1799 A;;Tamponamento;Rettilineo;Una carreggiata a doppio senso;Asciutto;Asfaltata;Verticale ed orizzontale;Sereno;Normale;Buona;;0;0;0;4;12.678;41.8636;-1;1;Autovettura privata;In marcia / fermata / arresto;Conducente;F;Illeso;0;;Non accertato;Inesploso
5055806;8;13/09/2020 15:30:00;Strada Urbana;VIA CASILINA;in corrispondenza;;del civico n.;1799 A;;Tamponamento;Rettilineo;Una carreggiata a doppio senso;Asciutto;Asfaltata;Verticale ed orizzontale;Sereno;Normale;Buona;;0;0;0;4;12.678;41.8636;-1;1;Autovettura privata;In marcia / fermata / arresto;Passeggero;M;Illeso;0;;Non accertato;Inesploso
5055806;8;13/09/2020 15:30:00;Strada Urbana;VIA CASILINA;in corrispondenza;;del civico n.;1799 A;;Tamponamento;Rettilineo;Una carreggiata a doppio senso;Asciutto;Asfaltata;Verticale ed orizzontale;Sereno;Normale;Buona;;0;0;0;4;12.678;41.8636;-1;1;Autovettura privata;In marcia / fermata / arresto;Passeggero;F;Illeso;0;;Non accertato;Inesploso
5055806;8;13/09/2020 15:30:00;Strada Urbana;VIA CASILINA;in corrispondenza;;del civico n.;1799 A;;Tamponamento;Rettilineo;Una carreggiata a doppio senso;Asciutto;Asfaltata;Verticale ed orizzontale;Sereno;Normale;Buona;;0;0;0;4;12.678;41.8636;-1;2;Autovettura privata;In marcia / fermata / arresto;Conducente;M;Illeso;0;;Non accertato;Inesploso
5055808;15;13/09/2020 16:45:00;Strada Urbana;LUNGOTEVERE DEGLI INVENTORI;da specificare;;;;fronte civico 50;Veicolo in marcia contro ostacolo fisso;Rettilineo;Una carreggiata a doppio senso;Asciutto;Asfaltata;Orizzontale;Sereno;Normale;Buona;;0;0;0;1;12.4671;41.8611;-1;1;Autovettura privata;In marcia / fermata / arresto;Conducente;M;Illeso;0;;Non accertato;Inesploso
5055811;8;13/09/2020 11:15:00;Strada Urbana;VIA ALBERT SCHWEITZER;in prossimit�;;del civico n.;82;;Investimento di pedone;Rettilineo;Una carreggiata a senso unico di marcia;Asciutto;Asfaltata;Verticale ed orizzontale;Sereno;Scarso;Buona;;1;0;0;1;12.6752;41.8976;-1;;;;Pedone;M;Ricoverato;0;NON DECEDUTO;;
5055811;8;13/09/2020 11:15:00;Strada Urbana;VIA ALBERT SCHWEITZER;in prossimit�;;del civico n.;82;;Investimento di pedone;Rettilineo;Una carreggiata a senso unico di marcia;Asciutto;Asfaltata;Verticale ed orizzontale;Sereno;Scarso;Buona;;1;0;0;1;12.6752;41.8976;-1;1;Autovettura privata;In marcia / fermata / arresto;Conducente;M;Illeso;0;;;
5055818;15;13/09/2020 19:00:00;Strada Urbana;VIA DELLA MAGLIANA;all'intersezione con;VIA PESCAGLIA;VIA PESCAGLIA;;;Investimento di pedone;Intersezione non regolata/non segnalata;Una carreggiata a doppio senso;Asciutto;Asfaltata;Orizzontale;Sereno;Intenso;Buona;;0;1;0;1;12.4196;41.8317;-1;;;;Pedone;F;Prognosi riservata;0;NON DECEDUTO;;
5055818;15;13/09/2020 19:00:00;Strada Urbana;VIA DELLA MAGLIANA;all'intersezione con;VIA PESCAGLIA;VIA PESCAGLIA;;;Investimento di pedone;Intersezione non regolata/non segnalata;Una carreggiata a doppio senso;Asciutto;Asfaltata;Orizzontale;Sereno;Intenso;Buona;;0;1;0;1;12.4196;41.8317;-1;1;Autovettura privata;In marcia / fermata / arresto;Conducente;M;Illeso;0;;Non accertato;
5055830;13;12/09/2020 20:30:00;Strada Urbana;VIA DEL MARE;in corrispondenza;;del palo luce n.;87;;Scontro laterale fra veicoli in marcia;Curva a visuale libera;Una carreggiata a senso unico di marcia;Asciutto;Asfaltata;Verticale ed orizzontale;Sereno;Intenso;Insufficiente;;0;0;0;3;12.4632;41.8403;-1;1;Autovettura privata;In marcia / fermata / arresto;Conducente;M;Illeso;0;;Non accertato;
5055830;13;12/09/2020 20:30:00;Strada Urbana;VIA DEL MARE;in corrispondenza;;del palo luce n.;87;;Scontro laterale fra veicoli in marcia;Curva a visuale libera;Una carreggiata a senso unico di marcia;Asciutto;Asfaltata;Verticale ed orizzontale;Sereno;Intenso;Insufficiente;;0;0;0;3;12.4632;41.8403;-1;1;Autovettura privata;In marcia / fermata / arresto;Passeggero;F;Illeso;0;;Non accertato;
5055830;13;12/09/2020 20:30:00;Strada Urbana;VIA DEL MARE;in corrispondenza;;del palo luce n.;87;;Scontro laterale fra veicoli in marcia;Curva a visuale libera;Una carreggiata a senso unico di marcia;Asciutto;Asfaltata;Verticale ed orizzontale;Sereno;Intenso;Insufficiente;;0;0;0;3;12.4632;41.8403;-1;2;Autovettura privata;In marcia / fermata / arresto;Conducente;M;Illeso;0;;Non accertato;
5055836;13;13/09/2020 18:30:00;;VIA LUIGI VIOLA;in corrispondenza;;del civico n.;49;;Scontro laterale fra veicoli in marcia;;;;;;;;;;0;0;0;2;12.3148;41.7619;0;1;Autovettura privata;In marcia / fermata / arresto;Conducente;M;Illeso;0;;;
5055836;13;13/09/2020 18:30:00;;VIA LUIGI VIOLA;in corrispondenza;;del civico n.;49;;Scontro laterale fra veicoli in marcia;;;;;;;;;;0;0;0;2;12.3148;41.7619;0;2;Velocipede;In marcia / fermata / arresto;Conducente;F;Illeso;0;;Esente;
5055841;13;13/09/2020 10:42:00;Provinciale;VIA LITORANEA;in corrispondenza;;della chilometrica;9.9;;Tamponamento;Rettilineo;Una carreggiata a doppio senso;Asciutto;Asfaltata;Verticale ed orizzontale;Sereno;Normale;Buona;;0;0;0;2;12.3735;41.6876;-1;1;Autovettura privata;In marcia / fermata / arresto;Conducente;F;Illeso;0;;Non accertato;Inesploso
5055841;13;13/09/2020 10:42:00;Provinciale;VIA LITORANEA;in corrispondenza;;della chilometrica;9.9;;Tamponamento;Rettilineo;Una carreggiata a doppio senso;Asciutto;Asfaltata;Verticale ed orizzontale;Sereno;Normale;Buona;;0;0;0;2;12.3735;41.6876;-1;2;Motociclo a solo;In marcia / fermata / arresto;Conducente;M;Illeso;0;;Utilizzato;
5055845;13;13/09/2020;Strada Urbana;VIA DELLE FIAMME GIALLE;all'intersezione con;PIAZZA TOLOSETTO FARINATA DEGLI UBERTI;PIAZZA TOLOSETTO FARINATA DEGLI UBERTI;;;Veicolo in marcia contro veicoli in sosta;Incrocio;Una carreggiata a senso unico di marcia;Asciutto;Asfaltata;Verticale ed orizzontale;Sereno;Normale;Sufficiente;;0;0;0;0;12.2944;41.7307;-1;1;Autovettura privata;In marcia / fermata / arresto;;;;;;;
5055845;13;13/09/2020;Strada Urbana;VIA DELLE FIAMME GIALLE;all'intersezione con;PIAZZA TOLOSETTO FARINATA DEGLI UBERTI;PIAZZA TOLOSETTO FARINATA DEGLI UBERTI;;;Veicolo in marcia contro veicoli in sosta;Incrocio;Una carreggiata a senso unico di marcia;Asciutto;Asfaltata;Verticale ed orizzontale;Sereno;Normale;Sufficiente;;0;0;0;0;12.2944;41.7307;-1;2;Autovettura privata;Sosta;;;;;;;
5055845;13;13/09/2020;Strada Urbana;VIA DELLE FIAMME GIALLE;all'intersezione con;PIAZZA TOLOSETTO FARINATA DEGLI UBERTI;PIAZZA TOLOSETTO FARINATA DEGLI UBERTI;;;Veicolo in marcia contro veicoli in sosta;Incrocio;Una carreggiata a senso unico di marcia;Asciutto;Asfaltata;Verticale ed orizzontale;Sereno;Normale;Sufficiente;;0;0;0;0;12.2944;41.7307;-1;3;Autovettura privata;Sosta;;;;;;;
5055845;13;13/09/2020;Strada Urbana;VIA DELLE FIAMME GIALLE;all'intersezione con;PIAZZA TOLOSETTO FARINATA DEGLI UBERTI;PIAZZA TOLOSETTO FARINATA DEGLI UBERTI;;;Veicolo in marcia contro veicoli in sosta;Incrocio;Una carreggiata a senso unico di marcia;Asciutto;Asfaltata;Verticale ed orizzontale;Sereno;Normale;Sufficiente;;0;0;0;0;12.2944;41.7307;-1;4;Autovettura privata;Sosta;;;;;;;
5055850;13;13/09/2020 00:30:00;Strada Urbana;VIA EPAMINONDA;da specificare;;;;prox Via Alcamene;Fuoriuscita dalla sede stradale;Rettilineo;Una carreggiata a senso unico di marcia;Asciutto;Asfaltata;Assente;Sereno;Scarso;Buona;;0;0;0;1;12.3273;41.7463;-1;1;Autovettura privata;In marcia / fermata / arresto;Conducente;F;Illeso;0;;Non accertato;Inesploso
5055859;13;14/09/2020 02:05:00;Strada Urbana;VIA DI MACCHIA SAPONARA;da specificare;;;;altezza Via Macchia Palocco;Tamponamento;Rettilineo;Una carreggiata a doppio senso;Asciutto;Asfaltata;Verticale ed orizzontale;Sereno;Normale;Sufficiente;;1;0;0;2;12.3531;41.7747;-1;1;Autovettura privata;In marcia / fermata / arresto;Conducente;M;Rimandato;0;NON DECEDUTO;Non accertato;Esploso
5055859;13;14/09/2020 02:05:00;Strada Urbana;VIA DI MACCHIA SAPONARA;da specificare;;;;altezza Via Macchia Palocco;Tamponamento;Rettilineo;Una carreggiata a doppio senso;Asciutto;Asfaltata;Verticale ed orizzontale;Sereno;Normale;Sufficiente;;1;0;0;2;12.3531;41.7747;-1;1;Autovettura privata;In marcia / fermata / arresto;Passeggero;M;Illeso;0;;Non accertato;Inesploso
5055859;13;14/09/2020 02:05:00;Strada Urbana;VIA DI MACCHIA SAPONARA;da specificare;;;;altezza Via Macchia Palocco;Tamponamento;Rettilineo;Una carreggiata a doppio senso;Asciutto;Asfaltata;Verticale ed orizzontale;Sereno;Normale;Sufficiente;;1;0;0;2;12.3531;41.7747;-1;2;Autovettura privata;In marcia / fermata / arresto;Conducente;M;Illeso;0;;Non accertato;Inesploso
5055880;1;13/09/2020 13:15:00;Strada Urbana;PIAZZA DI SPAGNA;da specificare;;;;altezza fontana Barcaccia;Investimento di pedone;Rettilineo;Una carreggiata a doppio senso;Asciutto;In cubetti di porfido;Assente;Sereno;Normale;Buona;;0;0;0;3;;;0;;;;Pedone;M;Illeso;0;;;
5055880;1;13/09/2020 13:15:00;Strada Urbana;PIAZZA DI SPAGNA;da specificare;;;;altezza fontana Barcaccia;Investimento di pedone;Rettilineo;Una carreggiata a doppio senso;Asciutto;In cubetti di porfido;Assente;Sereno;Normale;Buona;;0;0;0;3;;;0;1;Autovettura privata;In marcia / fermata / arresto;Conducente;M;Illeso;0;;;
5055880;1;13/09/2020 13:15:00;Strada Urbana;PIAZZA DI SPAGNA;da specificare;;;;altezza fontana Barcaccia;Investimento di pedone;Rettilineo;Una carreggiata a doppio senso;Asciutto;In cubetti di porfido;Assente;Sereno;Normale;Buona;;0;0;0;3;;;0;1;Autovettura privata;In marcia / fermata / arresto;Passeggero;M;Illeso;0;;;
5055897;1;13/09/2020 14:00:00;Strada Urbana;VIA ELENIANA;da specificare;;;;altezza Archi Porta Maggiore;Tamponamento;Rettilineo;Una carreggiata a senso unico di marcia;Asciutto;Asfaltata;Assente;Sereno;Scarso;Buona;;0;0;0;3;12.5149;41.8904;-1;1;Autovettura privata;In marcia / fermata / arresto;Conducente;M;Illeso;0;;;
5055897;1;13/09/2020 14:00:00;Strada Urbana;VIA ELENIANA;da specificare;;;;altezza Archi Porta Maggiore;Tamponamento;Rettilineo;Una carreggiata a senso unico di marcia;Asciutto;Asfaltata;Assente;Sereno;Scarso;Buona;;0;0;0;3;12.5149;41.8904;-1;1;Autovettura privata;In marcia / fermata / arresto;Passeggero;F;Illeso;0;;;
5055897;1;13/09/2020 14:00:00;Strada Urbana;VIA ELENIANA;da specificare;;;;altezza Archi Porta Maggiore;Tamponamento;Rettilineo;Una carreggiata a senso unico di marcia;Asciutto;Asfaltata;Assente;Sereno;Scarso;Buona;;0;0;0;3;12.5149;41.8904;-1;2;Autovettura di polizia;In marcia / fermata / arresto;Conducente;M;Illeso;0;;;
5055905;1;14/09/2020 00:10:00;Strada Urbana;VIA STATILIA;all'intersezione semaforizzata con;VIA EMANUELE FILIBERTO;VIA EMANUELE FILIBERTO;;;Scontro frontale/laterale DX fra veicoli in marcia;Incrocio;Due carreggiate;Asciutto;Asfaltata;Verticale ed orizzontale;Sereno;Scarso;Sufficiente;;0;0;0;4;;;0;1;Autovettura privata;In marcia / fermata / arresto;Conducente;;Illeso;0;;;
5055905;1;14/09/2020 00:10:00;Strada Urbana;VIA STATILIA;all'intersezione semaforizzata con;VIA EMANUELE FILIBERTO;VIA EMANUELE FILIBERTO;;;Scontro frontale/laterale DX fra veicoli in marcia;Incrocio;Due carreggiate;Asciutto;Asfaltata;Verticale ed orizzontale;Sereno;Scarso;Sufficiente;;0;0;0;4;;;0;1;Autovettura privata;In marcia / fermata / arresto;Passeggero;M;Illeso;0;;;
5055905;1;14/09/2020 00:10:00;Strada Urbana;VIA STATILIA;all'intersezione semaforizzata con;VIA EMANUELE FILIBERTO;VIA EMANUELE FILIBERTO;;;Scontro frontale/laterale DX fra veicoli in marcia;Incrocio;Due carreggiate;Asciutto;Asfaltata;Verticale ed orizzontale;Sereno;Scarso;Sufficiente;;0;0;0;4;;;0;2;Autovettura privata;In marcia / fermata / arresto;Conducente;;Illeso;0;;;
5055905;1;14/09/2020 00:10:00;Strada Urbana;VIA STATILIA;all'intersezione semaforizzata con;VIA EMANUELE FILIBERTO;VIA EMANUELE FILIBERTO;;;Scontro frontale/laterale DX fra veicoli in marcia;Incrocio;Due carreggiate;Asciutto;Asfaltata;Verticale ed orizzontale;Sereno;Scarso;Sufficiente;;0;0;0;4;;;0;2;Autovettura privata;In marcia / fermata / arresto;Passeggero;M;Illeso;0;;;
5055911;5;11/09/2020 11:00:00;Strada Urbana;VIALE PALMIRO TOGLIATTI;da specificare;;;;direzione Prenestina altezza viadotto A24;Scontro laterale fra veicoli in marcia;Rettilineo;Pi� di due carreggiate;Asciutto;Asfaltata;Verticale ed orizzontale;Nuvoloso;Normale;Buona;;0;0;0;3;12.5726;41.9085;-1;1;Autobus di linea;In marcia / fermata / arresto;Conducente;M;Illeso;0;;Non accertato;Inesploso
5055911;5;11/09/2020 11:00:00;Strada Urbana;VIALE PALMIRO TOGLIATTI;da specificare;;;;direzione Prenestina altezza viadotto A24;Scontro laterale fra veicoli in marcia;Rettilineo;Pi� di due carreggiate;Asciutto;Asfaltata;Verticale ed orizzontale;Nuvoloso;Normale;Buona;;0;0;0;3;12.5726;41.9085;-1;2;Autovettura privata;In marcia / fermata / arresto;Conducente;M;Illeso;0;;Non accertato;Inesploso
5055911;5;11/09/2020 11:00:00;Strada Urbana;VIALE PALMIRO TOGLIATTI;da specificare;;;;direzione Prenestina altezza viadotto A24;Scontro laterale fra veicoli in marcia;Rettilineo;Pi� di due carreggiate;Asciutto;Asfaltata;Verticale ed orizzontale;Nuvoloso;Normale;Buona;;0;0;0;3;12.5726;41.9085;-1;2;Autovettura privata;In marcia / fermata / arresto;Passeggero;F;Illeso;0;;Non accertato;Inesploso
5055923;1;14/09/2020 02:10:00;Strada Urbana;VIA LABICANA;all'intersezione con;VIA DEI NORMANNI;VIA DEI NORMANNI;;;Scontro laterale fra veicoli in marcia;Incrocio;Due carreggiate;Asciutto;Asfaltata;Verticale ed orizzontale;Sereno;Scarso;Buona;;0;0;0;3;12.4991;41.8897;-1;1;Motociclo con passeggero;In marcia / fermata / arresto;Conducente;M;Illeso;0;;;
5055923;1;14/09/2020 02:10:00;Strada Urbana;VIA LABICANA;all'intersezione con;VIA DEI NORMANNI;VIA DEI NORMANNI;;;Scontro laterale fra veicoli in marcia;Incrocio;Due carreggiate;Asciutto;Asfaltata;Verticale ed orizzontale;Sereno;Scarso;Buona;;0;0;0;3;12.4991;41.8897;-1;1;Motociclo con passeggero;In marcia / fermata / arresto;Passeggero;F;Illeso;0;;;
5055923;1;14/09/2020 02:10:00;Strada Urbana;VIA LABICANA;all'intersezione con;VIA DEI NORMANNI;VIA DEI NORMANNI;;;Scontro laterale fra veicoli in marcia;Incrocio;Due carreggiate;Asciutto;Asfaltata;Verticale ed orizzontale;Sereno;Scarso;Buona;;0;0;0;3;12.4991;41.8897;-1;2;Motociclo con passeggero;In marcia / fermata / arresto;Conducente;M;Illeso;0;;;
5055939;20;13/09/2020 04:00:00;Strada Urbana;VIA SAN GODENZO;in prossimit�;;del civico n.;33;;Veicolo in marcia contro veicoli in sosta;Rettilineo;Una carreggiata a senso unico di marcia;Asciutto;Asfaltata;Assente;Sereno;Scarso;Buona;;0;0;0;2;12.4537;41.9618;-1;1;Autovettura privata;In marcia / fermata / arresto;Conducente;M;Illeso;0;;Non accertato;
5055939;20;13/09/2020 04:00:00;Strada Urbana;VIA SAN GODENZO;in prossimit�;;del civico n.;33;;Veicolo in marcia contro veicoli in sosta;Rettilineo;Una carreggiata a senso unico di marcia;Asciutto;Asfaltata;Assente;Sereno;Scarso;Buona;;0;0;0;2;12.4537;41.9618;-1;1;Autovettura privata;In marcia / fermata / arresto;Passeggero;F;Illeso;0;;Non utilizzato;
5055939;20;13/09/2020 04:00:00;Strada Urbana;VIA SAN GODENZO;in prossimit�;;del civico n.;33;;Veicolo in marcia contro veicoli in sosta;Rettilineo;Una carreggiata a senso unico di marcia;Asciutto;Asfaltata;Assente;Sereno;Scarso;Buona;;0;0;0;2;12.4537;41.9618;-1;2;Autovettura privata;Sosta;;;;;;;
5055939;20;13/09/2020 04:00:00;Strada Urbana;VIA SAN GODENZO;in prossimit�;;del civico n.;33;;Veicolo in marcia contro veicoli in sosta;Rettilineo;Una carreggiata a senso unico di marcia;Asciutto;Asfaltata;Assente;Sereno;Scarso;Buona;;0;0;0;2;12.4537;41.9618;-1;3;Quadriciclo;Sosta;;;;;;;
5055939;20;13/09/2020 04:00:00;Strada Urbana;VIA SAN GODENZO;in prossimit�;;del civico n.;33;;Veicolo in marcia contro veicoli in sosta;Rettilineo;Una carreggiata a senso unico di marcia;Asciutto;Asfaltata;Assente;Sereno;Scarso;Buona;;0;0;0;2;12.4537;41.9618;-1;4;Autovettura privata;Sosta;;;;;;;
5055939;20;13/09/2020 04:00:00;Strada Urbana;VIA SAN GODENZO;in prossimit�;;del civico n.;33;;Veicolo in marcia contro veicoli in sosta;Rettilineo;Una carreggiata a senso unico di marcia;Asciutto;Asfaltata;Assente;Sereno;Scarso;Buona;;0;0;0;2;12.4537;41.9618;-1;5;Autovettura privata;Sosta;;;;;;;
5055941;10;13/09/2020 21:20:00;Strada Urbana;VIA DI TORRE SPACCATA;in corrispondenza;;del civico n.;110;;Scontro frontale/laterale DX fra veicoli in marcia;Rettilineo;Una carreggiata a doppio senso;Asciutto;Asfaltata;Verticale ed orizzontale;Sereno;Normale;Buona;;0;0;0;4;12.5859;41.8577;-1;1;Motociclo a solo;In marcia / fermata / arresto;Conducente;M;Illeso;0;;Non accertato;
5055941;10;13/09/2020 21:20:00;Strada Urbana;VIA DI TORRE SPACCATA;in corrispondenza;;del civico n.;110;;Scontro frontale/laterale DX fra veicoli in marcia;Rettilineo;Una carreggiata a doppio senso;Asciutto;Asfaltata;Verticale ed orizzontale;Sereno;Normale;Buona;;0;0;0;4;12.5859;41.8577;-1;1;Motociclo a solo;In marcia / fermata / arresto;Passeggero;M;Illeso;0;;Non accertato;
5055941;10;13/09/2020 21:20:00;Strada Urbana;VIA DI TORRE SPACCATA;in corrispondenza;;del civico n.;110;;Scontro frontale/laterale DX fra veicoli in marcia;Rettilineo;Una carreggiata a doppio senso;Asciutto;Asfaltata;Verticale ed orizzontale;Sereno;Normale;Buona;;0;0;0;4;12.5859;41.8577;-1;2;Autovettura privata;In marcia / fermata / arresto;Conducente;F;Illeso;0;;Non accertato;Inesploso
5055941;10;13/09/2020 21:20:00;Strada Urbana;VIA DI TORRE SPACCATA;in corrispondenza;;del civico n.;110;;Scontro frontale/laterale DX fra veicoli in marcia;Rettilineo;Una carreggiata a doppio senso;Asciutto;Asfaltata;Verticale ed orizzontale;Sereno;Normale;Buona;;0;0;0;4;12.5859;41.8577;-1;2;Autovettura privata;In marcia / fermata / arresto;Passeggero;M;Illeso;0;;Non accertato;Inesploso
5055944;15;14/09/2020 05:00:00;Strada Urbana;VIA PIETRO VENTURI;all'intersezione semaforizzata con;VIA PORTUENSE;VIA PORTUENSE;;;Veicolo in marcia contro ostacolo fisso;Intersezione semaforizzata;Due carreggiate;Asciutto;Asfaltata;Verticale ed orizzontale;Sereno;Scarso;Sufficiente;;0;0;0;1;12.4516;41.8576;-1;1;Autovettura privata;In marcia / fermata / arresto;Conducente;M;Illeso;0;;;
5055956;5;11/09/2020 13:25:00;Strada Urbana;VIA BELMONTE IN SABINA;da specificare;;;;ALT.INVERSIONE DIREZ.TORRACCIA;Scontro laterale fra veicoli in marcia;Rettilineo;Due carreggiate;Asciutto;Asfaltata;Verticale ed orizzontale;Sereno;Normale;Buona;;0;0;0;3;12.6023;41.9542;-1;1;Autovettura privata;In marcia / fermata / arresto;Conducente;F;Illeso;0;;Non accertato;Inesploso
5055956;5;11/09/2020 13:25:00;Strada Urbana;VIA BELMONTE IN SABINA;da specificare;;;;ALT.INVERSIONE DIREZ.TORRACCIA;Scontro laterale fra veicoli in marcia;Rettilineo;Due carreggiate;Asciutto;Asfaltata;Verticale ed orizzontale;Sereno;Normale;Buona;;0;0;0;3;12.6023;41.9542;-1;2;Autovettura privata;In marcia / fermata / arresto;Conducente;M;Illeso;0;;Non accertato;Inesploso
5055956;5;11/09/2020 13:25:00;Strada Urbana;VIA BELMONTE IN SABINA;da specificare;;;;ALT.INVERSIONE DIREZ.TORRACCIA;Scontro laterale fra veicoli in marcia;Rettilineo;Due carreggiate;Asciutto;Asfaltata;Verticale ed orizzontale;Sereno;Normale;Buona;;0;0;0;3;12.6023;41.9542;-1;2;Autovettura privata;In marcia / fermata / arresto;Passeggero;M;Illeso;0;;Non accertato;Inesploso
5055961;6;14/09/2020 06:55:00;Provinciale entro l'abitato;VIA PRENESTINA;in corrispondenza;;del civico n.;362;;Veicolo in marcia contro veicolo fermo;Rettilineo;Pi� di due carreggiate;Asciutto;Asfaltata;Orizzontale;Sereno;Normale;Buona;;0;0;0;2;12.5553;41.8942;-1;1;Autobus di linea;In marcia / fermata / arresto;Conducente;F;Illeso;0;;Non accertato;Inesploso
5055961;6;14/09/2020 06:55:00;Provinciale entro l'abitato;VIA PRENESTINA;in corrispondenza;;del civico n.;362;;Veicolo in marcia contro veicolo fermo;Rettilineo;Pi� di due carreggiate;Asciutto;Asfaltata;Orizzontale;Sereno;Normale;Buona;;0;0;0;2;12.5553;41.8942;-1;2;Autovettura privata;In marcia / fermata / arresto;Conducente;M;Illeso;0;;Non accertato;Inesploso
5055964;2;12/09/2020 14:00:00;Strada Urbana;VIALE REGINA MARGHERITA;all'intersezione semaforizzata con;VIA SALARIA;VIA SALARIA;;;Scontro laterale fra veicoli in marcia;Intersezione semaforizzata;Una carreggiata a doppio senso;Asciutto;Asfaltata;Verticale ed orizzontale;Sereno;Normale;Buona;;1;0;0;3;12.4987;41.9199;-1;1;Autovettura privata;In marcia / fermata / arresto;Conducente;F;Illeso;0;;Non accertato;Inesploso
5055964;2;12/09/2020 14:00:00;Strada Urbana;VIALE REGINA MARGHERITA;all'intersezione semaforizzata con;VIA SALARIA;VIA SALARIA;;;Scontro laterale fra veicoli in marcia;Intersezione semaforizzata;Una carreggiata a doppio senso;Asciutto;Asfaltata;Verticale ed orizzontale;Sereno;Normale;Buona;;1;0;0;3;12.4987;41.9199;-1;1;Autovettura privata;In marcia / fermata / arresto;Passeggero;F;Illeso;0;;Non accertato;Inesploso
5055964;2;12/09/2020 14:00:00;Strada Urbana;VIALE REGINA MARGHERITA;all'intersezione semaforizzata con;VIA SALARIA;VIA SALARIA;;;Scontro laterale fra veicoli in marcia;Intersezione semaforizzata;Una carreggiata a doppio senso;Asciutto;Asfaltata;Verticale ed orizzontale;Sereno;Normale;Buona;;1;0;0;3;12.4987;41.9199;-1;1;Autovettura privata;In marcia / fermata / arresto;Passeggero;F;Illeso;0;;Non accertato;Inesploso
5055964;2;12/09/2020 14:00:00;Strada Urbana;VIALE REGINA MARGHERITA;all'intersezione semaforizzata con;VIA SALARIA;VIA SALARIA;;;Scontro laterale fra veicoli in marcia;Intersezione semaforizzata;Una carreggiata a doppio senso;Asciutto;Asfaltata;Verticale ed orizzontale;Sereno;Normale;Buona;;1;0;0;3;12.4987;41.9199;-1;2;Motociclo a solo;In marcia / fermata / arresto;Conducente;M;Rimandato;0;NON DECEDUTO;Non accertato;
5055967;19;12/09/2020 00:40:00;Strada Urbana;VIA TRIONFALE;da specificare;;;;rotatoria pross. GRA;Veicolo in marcia contro ostacolo fisso;Rotatoria;Una carreggiata a senso unico di marcia;Bagnato (umidit� in atto);Asfaltata;Verticale ed orizzontale;Nuvoloso;Normale;Buona;;1;0;0;1;12.4229;41.9409;-1;1;Autovettura privata;In marcia / fermata / arresto;Conducente;M;Illeso;0;;;
5055967;19;12/09/2020 00:40:00;Strada Urbana;VIA TRIONFALE;da specificare;;;;rotatoria pross. GRA;Veicolo in marcia contro ostacolo fisso;Rotatoria;Una carreggiata a senso unico di marcia;Bagnato (umidit� in atto);Asfaltata;Verticale ed orizzontale;Nuvoloso;Normale;Buona;;1;0;0;1;12.4229;41.9409;-1;1;Autovettura privata;In marcia / fermata / arresto;Passeggero;M;Rifiuta cure immediate;0;NON DECEDUTO;;
5055975;19;11/09/2020 05:37:00;Strada Urbana;VIALE INDRO MONTANELLI;in prossimit�;;del civico n.;f.c. 149;;Veicolo in marcia contro veicolo in sosta;Curva a visuale libera;Una carreggiata a senso unico di marcia;Asciutto;Asfaltata;Verticale;Sereno;Scarso;Buona;;0;0;0;0;12.3978;41.9287;-1;1;Autobus urbano;In marcia / fermata / arresto;;;;;;;
5055975;19;11/09/2020 05:37:00;Strada Urbana;VIALE INDRO MONTANELLI;in prossimit�;;del civico n.;f.c. 149;;Veicolo in marcia contro veicolo in sosta;Curva a visuale libera;Una carreggiata a senso unico di marcia;Asciutto;Asfaltata;Verticale;Sereno;Scarso;Buona;;0;0;0;0;12.3978;41.9287;-1;2;Autovettura privata;Sosta;;;;;;;
5055977;7;13/09/2020 05:30:00;Strada Urbana;VIA PRENESTINA;in corrispondenza;;del civico n.;1049;;Scontro laterale fra veicoli in marcia;Rettilineo;Una carreggiata a doppio senso;Asciutto;Asfaltata;Orizzontale;Sereno;Scarso;Buona;;2;0;0;0;12.6086;41.8938;-1;1;Autovettura privata;In marcia / fermata / arresto;Conducente;M;Rimandato;0;NON DECEDUTO;Non accertato;Inesploso