Protocollo;Gruppo;DataOraIncidente;Localizzazione1;STRADA1;Localizzazione2;STRADA2;Strada02;Chilometrica;DaSpecificare;NaturaIncidente;particolaritastrade;TipoStrada;FondoStradale;Pavimentazione;Segnaletica;CondizioneAtmosferica;Traffico;Visibilita;Illuminazione;NUM_FERITI;NUM_RISERVATA;NUM_MORTI;NUM_ILLESI;Longitudine;Latitudine;Confermato;Progressivo;TipoVeicolo;StatoVeicolo;TipoPersona;Sesso;Tipolesione;Deceduto;DecedutoDopo;CinturaCascoUtilizzato;Airbag;
5055977;7;13/09/2020 05:30:00;Strada Urbana;VIA PRENESTINA;in corrispondenza;;del civico n.;1049;;Scontro laterale fra veicoli in marcia;Rettilineo;Una carreggiata a doppio senso;Asciutto;Asfaltata;Orizzontale;Sereno;Scarso;Buona;;2;0;0;0;12.6086;41.8938;-1;2;Motociclo a solo;In marcia / fermata / arresto;Conducente;M;Rimandato;0;NON DECEDUTO;Non utilizzato;
5055979;7;11/09/2020 07:40:00;Strada Urbana;VIA CASILINA;in corrispondenza;;del civico n.;1013;;Scontro frontale/laterale DX fra veicoli in marcia;Rettilineo;Una carreggiata a doppio senso;Asciutto;Asfaltata;Verticale ed orizzontale;Sereno;Normale;Buona;;1;0;0;1;12.5855;41.87;-1;1;Autovettura privata;In marcia / fermata / arresto;Conducente;F;Illeso;0;;Non accertato;Esploso
5055979;7;11/09/2020 07:40:00;Strada Urbana;VIA CASILINA;in corrispondenza;;del civico n.;1013;;Scontro frontale/laterale DX fra veicoli in marcia;Rettilineo;Una carreggiata a doppio senso;Asciutto;Asfaltata;Verticale ed orizzontale;Sereno;Normale;Buona;;1;0;0;1;12.5855;41.87;-1;2;Motociclo a solo;In marcia / fermata / arresto;Conducente;M;Ricoverato;0;NON DECEDUTO;Utilizzato;
5055981;1;13/09/2020 18:45:00;Strada Urbana;VIA NAZIONALE;in prossimit�;;del civico n.;69;;Veicolo in marcia contro veicolo fermo;Rettilineo;Una carreggiata a senso unico di marcia;Asciutto;In cubetti di porfido;Verticale ed orizzontale;Sereno;Normale;Buona;;0;0;0;2;12.4912;41.8994;-1;1;Autovettura pubblica;In marcia / fermata / arresto;Conducente;M;Illeso;0;;Non accertato;Inesploso
5055981;1;13/09/2020 18:45:00;Strada Urbana;VIA NAZIONALE;in prossimit�;;del civico n.;69;;Veicolo in marcia contro veicolo fermo;Rettilineo;Una carreggiata a senso unico di marcia;Asciutto;In cubetti di porfido;Verticale ed orizzontale;Sereno;Normale;Buona;;0;0;0;2;12.4912;41.8994;-1;2;Ciclomotore;In marcia / fermata / arresto;Conducente;M;Illeso;0;;Non accertato;
5055986;5;11/09/2020 13:40:00;Strada Urbana;VIA TIBURTINA;da specificare;;;;FRONTE CIVICO 781;Scontro laterale fra veicoli in marcia;Rettilineo;Due carreggiate;Asciutto;Asfaltata;Orizzontale;Sereno;Scarso;Buona;;0;0;0;2;12.5578;41.9137;-1;1;Autovettura privata;In marcia / fermata / arresto;Conducente;F;Illeso;0;;;
5055986;5;11/09/2020 13:40:00;Strada Urbana;VIA TIBURTINA;da specificare;;;;FRONTE CIVICO 781;Scontro laterale fra veicoli in marcia;Rettilineo;Due carreggiate;Asciutto;Asfaltata;Orizzontale;Sereno;Scarso;Buona;;0;0;0;2;12.5578;41.9137;-1;2;Autovettura privata;In marcia / fermata / arresto;Conducente;M;Illeso;0;;;
5055989;20;13/09/2020 11:45:00;Strada Urbana;CORSO DI FRANCIA;in corrispondenza;;del civico n.;80;;Tamponamento Multiplo;Rettilineo;Due carreggiate;Asciutto;Asfaltata;Verticale ed orizzontale;Sereno;Normale;Buona;;1;0;0;5;12.4712;41.94;-1;1;Autovettura privata;In marcia / fermata / arresto;Conducente;M;Rimandato;0;NON DECEDUTO;;
5055989;20;13/09/2020 11:45:00;Strada Urbana;CORSO DI FRANCIA;in corrispondenza;;del civico n.;80;;Tamponamento Multiplo;Rettilineo;Due carreggiate;Asciutto;Asfaltata;Verticale ed orizzontale;Sereno;Normale;Buona;;1;0;0;5;12.4712;41.94;-1;2;Altro;In marcia / fermata / arresto;Conducente;M;Illeso;0;;;
5055989;20;13/09/2020 11:45:00;Strada Urbana;CORSO DI FRANCIA;in corrispondenza;;del civico n.;80;;Tamponamento Multiplo;Rettilineo;Due carreggiate;Asciutto;Asfaltata;Verticale ed orizzontale;Sereno;Normale;Buona;;1;0;0;5;12.4712;41.94;-1;2;Altro;In marcia / fermata / arresto;Passeggero;M;Illeso;0;;;
5055989;20;13/09/2020 11:45:00;Strada Urbana;CORSO DI FRANCIA;in corrispondenza;;del civico n.;80;;Tamponamento Multiplo;Rettilineo;Due carreggiate;Asciutto;Asfaltata;Verticale ed orizzontale;Sereno;Normale;Buona;;1;0;0;5;12.4712;41.94;-1;3;Autovettura privata;In marcia / fermata / arresto;Conducente;M;Illeso;0;;;
5055989;20;13/09/2020 11:45:00;Strada Urbana;CORSO DI FRANCIA;in corrispondenza;;del civico n.;80;;Tamponamento Multiplo;Rettilineo;Due carreggiate;Asciutto;Asfaltata;Verticale ed orizzontale;Sereno;Normale;Buona;;1;0;0;5;12.4712;41.94;-1;3;Autovettura privata;In marcia / fermata / arresto;Passeggero;M;Illeso;0;;;
5055989;20;13/09/2020 11:45:00;Strada Urbana;CORSO DI FRANCIA;in corrispondenza;;del civico n.;80;;Tamponamento Multiplo;Rettilineo;Due carreggiate;Asciutto;Asfaltata;Verticale ed orizzontale;Sereno;Normale;Buona;;1;0;0;5;12.4712;41.94;-1;3;Autovettura privata;In marcia / fermata / arresto;Passeggero;F;Illeso;0;;;
5055995;12;12/09/2020 16:50:00;Strada Urbana;VIA VITTORIO VELTRONI;all'intersezione con;VIA OLGA OSSANI;VIA OLGA OSSANI;;;Infortunio per caduta del veicolo;Incrocio;Una carreggiata a senso unico di marcia;Asciutto;Asfaltata;Verticale ed orizzontale;Sereno;Scarso;Buona;;0;0;0;2;12.44;41.7745;-1;1;Autovettura privata;In marcia / fermata / arresto;Conducente;M;Illeso;0;;Utilizzato;
5055995;12;12/09/2020 16:50:00;Strada Urbana;VIA VITTORIO VELTRONI;all'intersezione con;VIA OLGA OSSANI;VIA OLGA OSSANI;;;Infortunio per caduta del veicolo;Incrocio;Una carreggiata a senso unico di marcia;Asciutto;Asfaltata;Verticale ed orizzontale;Sereno;Scarso;Buona;;0;0;0;2;12.44;41.7745;-1;2;Motociclo a solo;In marcia / fermata / arresto;Conducente;M;Illeso;0;;Utilizzato;
5055998;1;13/09/2020 18:25:00;Strada Urbana;VIA DEL CIRCO MASSIMO;all'intersezione con;PIAZZALE UGO LA MALFA;PIAZZALE UGO LA MALFA;;;Scontro frontale/laterale SX fra veicoli in marcia;Incrocio;Una carreggiata a senso unico di marcia;Asciutto;Asfaltata;Verticale ed orizzontale;Sereno;Normale;Buona;;1;0;0;1;12.4852;41.8853;-1;1;Autovettura privata;In marcia / fermata / arresto;Conducente;M;Illeso;0;;;
5055998;1;13/09/2020 18:25:00;Strada Urbana;VIA DEL CIRCO MASSIMO;all'intersezione con;PIAZZALE UGO LA MALFA;PIAZZALE UGO LA MALFA;;;Scontro frontale/laterale SX fra veicoli in marcia;Incrocio;Una carreggiata a senso unico di marcia;Asciutto;Asfaltata;Verticale ed orizzontale;Sereno;Normale;Buona;;1;0;0;1;12.4852;41.8853;-1;2;Motociclo con passeggero;In marcia / fermata / arresto;Conducente;M;Rimandato;0;NON DECEDUTO;;
5056008;5;11/09/2020 17:45:00;Strada Urbana;VIA DI MARCO SIMONE;all'intersezione con;VIA DI CASAL BIANCO;VIA DI CASAL BIANCO;;;Scontro frontale/laterale DX fra veicoli in marcia;Incrocio;Una carreggiata a senso unico di marcia;Asciutto;Asfaltata;Verticale ed orizzontale;Nuvoloso;Intenso;Buona;;0;0;0;3;12.6456;41.9468;-1;1;Autovettura privata;In marcia / fermata / arresto;Conducente;M;Illeso;0;;;
5056008;5;11/09/2020 17:45:00;Strada Urbana;VIA DI MARCO SIMONE;all'intersezione con;VIA DI CASAL BIANCO;VIA DI CASAL BIANCO;;;Scontro frontale/laterale DX fra veicoli in marcia;Incrocio;Una carreggiata a senso unico di marcia;Asciutto;Asfaltata;Verticale ed orizzontale;Nuvoloso;Intenso;Buona;;0;0;0;3;12.6456;41.9468;-1;1;Autovettura privata;In marcia / fermata / arresto;Passeggero;F;Illeso;0;;;
5056008;5;11/09/2020 17:45:00;Strada Urbana;VIA DI MARCO SIMONE;all'intersezione con;VIA DI CASAL BIANCO;VIA DI CASAL BIANCO;;;Scontro frontale/laterale DX fra veicoli in marcia;Incrocio;Una carreggiata a senso unico di marcia;Asciutto;Asfaltata;Verticale ed orizzontale;Nuvoloso;Intenso;Buona;;0;0;0;3;12.6456;41.9468;-1;2;Autovettura privata;In marcia / fermata / arresto;Conducente;M;Illeso;0;;;
5056013;12;11/09/2020 12:50:00;Strada Urbana;VIALE DI VAL FIORITA;all'intersezione semaforizzata con;PIAZZALE FERRUCCIO PARRI;PIAZZALE FERRUCCIO PARRI;;;Tamponamento;Intersezione semaforizzata;Una carreggiata a doppio senso;Asciutto;Asfaltata;Verticale ed orizzontale;Nuvoloso;Normale;Buona;;0;0;0;2;12.4634;41.8373;-1;1;Autovettura privata;In marcia / fermata / arresto;Conducente;F;Illeso;0;;;
5056013;12;11/09/2020 12:50:00;Strada Urbana;VIALE DI VAL FIORITA;all'intersezione semaforizzata con;PIAZZALE FERRUCCIO PARRI;PIAZZALE FERRUCCIO PARRI;;;Tamponamento;Intersezione semaforizzata;Una carreggiata a doppio senso;Asciutto;Asfaltata;Verticale ed orizzontale;Nuvoloso;Normale;Buona;;0;0;0;2;12.4634;41.8373;-1;2;Autovettura privata;In marcia / fermata / arresto;Conducente;M;Illeso;0;;;
5056024;7;12/09/2020 22:30:00;Strada Urbana;VIA DEL GRANO;in corrispondenza;;del civico n.;87;;Veicolo in marcia contro veicolo in sosta;Rettilineo;Una carreggiata a senso unico di marcia;Asciutto;Asfaltata;Assente;Sereno;Scarso;Buona;;2;0;0;1;12.5754;41.8775;-1;1;Autovettura privata;In marcia / fermata / arresto;Conducente;M;Illeso;0;;Non accertato;Esploso
5056024;7;12/09/2020 22:30:00;Strada Urbana;VIA DEL GRANO;in corrispondenza;;del civico n.;87;;Veicolo in marcia contro veicolo in sosta;Rettilineo;Una carreggiata a senso unico di marcia;Asciutto;Asfaltata;Assente;Sereno;Scarso;Buona;;2;0;0;1;12.5754;41.8775;-1;1;Autovettura privata;In marcia / fermata / arresto;Passeggero;M;Ricoverato;0;NON DECEDUTO;Non accertato;Inesploso
5056024;7;12/09/2020 22:30:00;Strada Urbana;VIA DEL GRANO;in corrispondenza;;del civico n.;87;;Veicolo in marcia contro veicolo in sosta;Rettilineo;Una carreggiata a senso unico di marcia;Asciutto;Asfaltata;Assente;Sereno;Scarso;Buona;;2;0;0;1;12.5754;41.8775;-1;1;Autovettura privata;In marcia / fermata / arresto;Passeggero;M;Ricoverato;0;NON DECEDUTO;;
5056024;7;12/09/2020 22:30:00;Strada Urbana;VIA DEL GRANO;in corrispondenza;;del civico n.;87;;Veicolo in marcia contro veicolo in sosta;Rettilineo;Una carreggiata a senso unico di marcia;Asciutto;Asfaltata;Assente;Sereno;Scarso;Buona;;2;0;0;1;12.5754;41.8775;-1;2;Autocarro inferiore 35 q.;Sosta;;;;;;;
5056026;1;12/09/2020 18:05:00;Strada Urbana;VIA CESARE BATTISTI;in corrispondenza;;del civico n.;120;;Scontro laterale fra veicoli in marcia;Rettilineo;Una carreggiata a doppio senso;Asciutto;In cubetti di porfido;Assente;Sereno;Normale;Buona;;3;0;0;0;12.4831;41.8969;-1;1;Motociclo con passeggero;In marcia / fermata / arresto;Conducente;M;Rimandato;0;NON DECEDUTO;Non accertato;
5056026;1;12/09/2020 18:05:00;Strada Urbana;VIA CESARE BATTISTI;in corrispondenza;;del civico n.;120;;Scontro laterale fra veicoli in marcia;Rettilineo;Una carreggiata a doppio senso;Asciutto;In cubetti di porfido;Assente;Sereno;Normale;Buona;;3;0;0;0;12.4831;41.8969;-1;2;Monopattino elettrico;In marcia / fermata / arresto;Conducente;M;Rifiuta cure immediate;0;NON DECEDUTO;Esente;Inesistente
5056026;1;12/09/2020 18:05:00;Strada Urbana;VIA CESARE BATTISTI;in corrispondenza;;del civico n.;120;;Scontro laterale fra veicoli in marcia;Rettilineo;Una carreggiata a doppio senso;Asciutto;In cubetti di porfido;Assente;Sereno;Normale;Buona;;3;0;0;0;12.4831;41.8969;-1;2;Monopattino elettrico;In marcia / fermata / arresto;Passeggero;M;Rifiuta cure immediate;0;NON DECEDUTO;Esente;Inesistente
5056032;19;11/09/2020 07:30:00;Strada Urbana;VIA VITTORIO MONTIGLIO;da specificare;;;;pross. Via Pascucci;Veicolo in marcia contro veicolo in sosta;Rettilineo;Una carreggiata a senso unico di marcia;Asciutto;Asfaltata;Orizzontale;Sereno;Normale;Buona;;0;0;0;2;12.4279;41.9246;-1;1;Autovettura privata;In marcia / fermata / arresto;Conducente;M;Illeso;0;;;
5056032;19;11/09/2020 07:30:00;Strada Urbana;VIA VITTORIO MONTIGLIO;da specificare;;;;pross. Via Pascucci;Veicolo in marcia contro veicolo in sosta;Rettilineo;Una carreggiata a senso unico di marcia;Asciutto;Asfaltata;Orizzontale;Sereno;Normale;Buona;;0;0;0;2;12.4279;41.9246;-1;2;Autovettura privata;In marcia / fermata / arresto;Conducente;F;Illeso;0;;;
5056032;19;11/09/2020 07:30:00;Strada Urbana;VIA VITTORIO MONTIGLIO;da specificare;;;;pross. Via Pascucci;Veicolo in marcia contro veicolo in sosta;Rettilineo;Una carreggiata a senso unico di marcia;Asciutto;Asfaltata;Orizzontale;Sereno;Normale;Buona;;0;0;0;2;12.4279;41.9246;-1;3;Autovettura privata;Sosta;;;;;;;
5056034;5;12/09/2020 10:45:00;Strada Urbana;VIA DI SETTECAMINI;all'intersezione con;VIA QUINTILIOLO;VIA QUINTILIOLO;;;Scontro laterale fra veicoli in marcia;Incrocio;Una carreggiata a senso unico di marcia;Asciutto;Asfaltata;Assente;Sereno;Scarso;Buona;;0;0;0;2;12.6233;41.941;-1;1;Autovettura privata;In marcia / fermata / arresto;Conducente;M;Illeso;0;;;
5056034;5;12/09/2020 10:45:00;Strada Urbana;VIA DI SETTECAMINI;all'intersezione con;VIA QUINTILIOLO;VIA QUINTILIOLO;;;Scontro laterale fra veicoli in marcia;Incrocio;Una carreggiata a senso unico di marcia;Asciutto;Asfaltata;Assente;Sereno;Scarso;Buona;;0;0;0;2;12.6233;41.941;-1;2;Autovettura privata;In marcia / fermata / arresto;Conducente;M;Illeso;0;;;
5056037;19;12/09/2020 03:00:00;Strada Urbana;VIA DI S. CLETO PAPA;in corrispondenza;;del civico n.;35;;Veicolo in marcia contro ostacolo fisso;Rettilineo;Una carreggiata a doppio senso;Bagnato (umidit� in atto);Asfaltata;Verticale;Sereno;Scarso;Buona;;0;0;0;1;12.4227;41.9226;-1;1;Autovettura privata;In marcia / fermata / arresto;Conducente;M;Illeso;0;;Non accertato;Inesploso
5056041;7;12/09/2020 19:20:00;Strada Urbana;VIA MANFREDONIA;in corrispondenza;;del civico n.;16;;Scontro frontale/laterale DX fra veicoli in marcia;Rettilineo;Una carreggiata a senso unico di marcia;Asciutto;Asfaltata;Verticale ed orizzontale;Sereno;Scarso;Buona;;0;0;0;3;12.5768;41.8927;-1;1;Autovettura privata;In marcia / fermata / arresto;Conducente;M;Illeso;0;;Non accertato;Inesploso
5056041;7;12/09/2020 19:20:00;Strada Urbana;VIA MANFREDONIA;in corrispondenza;;del civico n.;16;;Scontro frontale/laterale DX fra veicoli in marcia;Rettilineo;Una carreggiata a senso unico di marcia;Asciutto;Asfaltata;Verticale ed orizzontale;Sereno;Scarso;Buona;;0;0;0;3;12.5768;41.8927;-1;1;Autovettura privata;In marcia / fermata / arresto;Passeggero;F;Illeso;0;;Non accertato;Inesploso
5056041;7;12/09/2020 19:20:00;Strada Urbana;VIA MANFREDONIA;in corrispondenza;;del civico n.;16;;Scontro frontale/laterale DX fra veicoli in marcia;Rettilineo;Una carreggiata a senso unico di marcia;Asciutto;Asfaltata;Verticale ed orizzontale;Sereno;Scarso;Buona;;0;0;0;3;12.5768;41.8927;-1;2;Velocipede;In marcia / fermata / arresto;Conducente;M;Illeso;0;;Esente;
5056048;5;12/09/2020 06:50:00;Strada Urbana;VIA DELLA TENUTA DEL CAVALIERE;da specificare;;;;100 mt.prima ponte di ferro dir.Collatina;Scontro laterale fra veicoli in marcia;Rettilineo;Una carreggiata a doppio senso;Asciutto;Asfaltata;Orizzontale;Sereno;Scarso;Buona;;0;0;0;1;12.6682;41.9276;0;1;Autovettura privata;In marcia / fermata / arresto;Conducente;M;Illeso;0;;Non accertato;Inesploso
5056048;5;12/09/2020 06:50:00;Strada Urbana;VIA DELLA TENUTA DEL CAVALIERE;da specificare;;;;100 mt.prima ponte di ferro dir.Collatina;Scontro laterale fra veicoli in marcia;Rettilineo;Una carreggiata a doppio senso;Asciutto;Asfaltata;Orizzontale;Sereno;Scarso;Buona;;0;0;0;1;12.6682;41.9276;0;2;Autovettura privata;Allontanatosi;;;;;;;
5056054;19;12/09/2020 06:50:00;Strada Urbana;VIA DEI MONTI DI PRIMAVALLE;in corrispondenza;;del civico n.;76;;Scontro frontale/laterale SX fra veicoli in marcia;Rettilineo;Una carreggiata a doppio senso;Asciutto;Asfaltata;Orizzontale;Sereno;Scarso;Sufficiente;;1;0;0;1;12.413;41.9122;-1;1;Autovettura privata;In marcia / fermata / arresto;Conducente;M;Illeso;0;;;
5056054;19;12/09/2020 06:50:00;Strada Urbana;VIA DEI MONTI DI PRIMAVALLE;in corrispondenza;;del civico n.;76;;Scontro frontale/laterale SX fra veicoli in marcia;Rettilineo;Una carreggiata a doppio senso;Asciutto;Asfaltata;Orizzontale;Sereno;Scarso;Sufficiente;;1;0;0;1;12.413;41.9122;-1;2;Motociclo a solo;In marcia / fermata / arresto;Conducente;M;Rimandato;0;NON DECEDUTO;;
5056056;7;12/09/2020 19:48:00;Strada Urbana;VIA PRENESTINA;da specificare;;;;PARCHEGGIO ESSELUNGA;Scontro laterale fra veicoli in marcia;Rettilineo;Una carreggiata a doppio senso;Asciutto;Asfaltata;Verticale ed orizzontale;Sereno;Scarso;Buona;;0;0;0;5;12.5733;41.8981;-1;1;Autovettura privata;In marcia / fermata / arresto;Conducente;F;Illeso;0;;Non accertato;Inesploso
5056056;7;12/09/2020 19:48:00;Strada Urbana;VIA PRENESTINA;da specificare;;;;PARCHEGGIO ESSELUNGA;Scontro laterale fra veicoli in marcia;Rettilineo;Una carreggiata a doppio senso;Asciutto;Asfaltata;Verticale ed orizzontale;Sereno;Scarso;Buona;;0;0;0;5;12.5733;41.8981;-1;1;Autovettura privata;In marcia / fermata / arresto;Passeggero;F;Illeso;0;;Non accertato;Inesploso
5056056;7;12/09/2020 19:48:00;Strada Urbana;VIA PRENESTINA;da specificare;;;;PARCHEGGIO ESSELUNGA;Scontro laterale fra veicoli in marcia;Rettilineo;Una carreggiata a doppio senso;Asciutto;Asfaltata;Verticale ed orizzontale;Sereno;Scarso;Buona;;0;0;0;5;12.5733;41.8981;-1;2;Autovettura privata;In marcia / fermata / arresto;Conducente;M;Illeso;0;;Non accertato;Inesploso
5056056;7;12/09/2020 19:48:00;Strada Urbana;VIA PRENESTINA;da specificare;;;;PARCHEGGIO ESSELUNGA;Scontro laterale fra veicoli in marcia;Rettilineo;Una carreggiata a doppio senso;Asciutto;Asfaltata;Verticale ed orizzontale;Sereno;Scarso;Buona;;0;0;0;5;12.5733;41.8981;-1;2;Autovettura privata;In marcia / fermata / arresto;Passeggero;M;Illeso;0;;Non accertato;Inesploso
5056056;7;12/09/2020 19:48:00;Strada Urbana;VIA PRENESTINA;da specificare;;;;PARCHEGGIO ESSELUNGA;Scontro laterale fra veicoli in marcia;Rettilineo;Una carreggiata a doppio senso;Asciutto;Asfaltata;Verticale ed orizzontale;Sereno;Scarso;Buona;;0;0;0;5;12.5733;41.8981;-1;2;Autovettura privata;In marcia / fermata / arresto;Passeggero;M;Illeso;0;;Non accertato;Inesploso
5056059;19;11/09/2020 18:00:00;Strada Urbana;VIA DELLA PINETA SACCHETTI;da specificare;;;;alt. via sorelle marchisio;Tamponamento;Rettilineo;Due carreggiate;Asciutto;Asfaltata;Orizzontale;Nuvoloso;Normale;Buona;;0;0;0;2;12.4258;41.9255;-1;1;Autovettura privata;In marcia / fermata / arresto;Conducente;M;Illeso;0;;;
5056059;19;11/09/2020 18:00:00;Strada Urbana;VIA DELLA PINETA SACCHETTI;da specificare;;;;alt. via sorelle marchisio;Tamponamento;Rettilineo;Due carreggiate;Asciutto;Asfaltata;Orizzontale;Nuvoloso;Normale;Buona;;0;0;0;2;12.4258;41.9255;-1;2;Quadriciclo leggero;In marcia / fermata / arresto;Conducente;M;Illeso;0;;Non accertato;Inesploso
5056061;5;12/09/2020 11:20:00;Strada Urbana;VIA LUIGI BRUGNATELLI;all'intersezione con;VIA LEOPOLDO PILLA;VIA LEOPOLDO PILLA;;;Investimento di pedone;Incrocio;Una carreggiata a doppio senso;Asciutto;Asfaltata;Verticale ed orizzontale;Sereno;Scarso;Buona;;1;0;0;2;12.5433;41.9243;-1;;;;Pedone;M;Rimandato;0;NON DECEDUTO;;
5056061;5;12/09/2020 11:20:00;Strada Urbana;VIA LUIGI BRUGNATELLI;all'intersezione con;VIA LEOPOLDO PILLA;VIA LEOPOLDO PILLA;;;Investimento di pedone;Incrocio;Una carreggiata a doppio senso;Asciutto;Asfaltata;Verticale ed orizzontale;Sereno;Scarso;Buona;;1;0;0;2;12.5433;41.9243;-1;1;Autovettura privata;In marcia / fermata / arresto;Conducente;F;Illeso;0;;Non accertato;Inesploso
5056061;5;12/09/2020 11:20:00;Strada Urbana;VIA LUIGI BRUGNATELLI;all'intersezione con;VIA LEOPOLDO PILLA;VIA LEOPOLDO PILLA;;;Investimento di pedone;Incrocio;Una carreggiata a doppio senso;Asciutto;Asfaltata;Verticale ed orizzontale;Sereno;Scarso;Buona;;1;0;0;2;12.5433;41.9243;-1;1;Autovettura privata;In marcia / fermata / arresto;Passeggero;M;Illeso;0;;Non accertato;Inesploso
5056084;3;10/09/2020 22:00:00;Strada Urbana;VIA DEI MONTI PARIOLI;da specificare;;;;fronte civico 36;Scontro laterale fra veicoli in marcia;Curva a visuale libera;Una carreggiata a senso unico di marcia;Asciutto;Asfaltata;Orizzontale;Sereno;Scarso;Buona;;0;0;0;1;12.4762;41.9231;0;1;Autovettura privata;In marcia / fermata / arresto;Conducente;F;Illeso;0;;Non accertato;
5056084;3;10/09/2020 22:00:00;Strada Urbana;VIA DEI MONTI PARIOLI;da specificare;;;;fronte civico 36;Scontro laterale fra veicoli in marcia;Curva a visuale libera;Una carreggiata a senso unico di marcia;Asciutto;Asfaltata;Orizzontale;Sereno;Scarso;Buona;;0;0;0;1;12.4762;41.9231;0;2;Autovettura privata;In marcia / fermata / arresto;;;;;;;
5056086;19;12/09/2020 08:40:00;Strada Urbana;VIA TRIONFALE;in prossimit�;;del civico n.;8891;;Tamponamento;Rettilineo;Due carreggiate;Asciutto;Asfaltata;Orizzontale;Sereno;Normale;Buona;;0;0;0;2;12.4216;41.941;-1;1;Autovettura privata;In marcia / fermata / arresto;Conducente;F;Illeso;0;;;Inesploso
5056086;19;12/09/2020 08:40:00;Strada Urbana;VIA TRIONFALE;in prossimit�;;del civico n.;8891;;Tamponamento;Rettilineo;Due carreggiate;Asciutto;Asfaltata;Orizzontale;Sereno;Normale;Buona;;0;0;0;2;12.4216;41.941;-1;2;Autovettura privata;In marcia / fermata / arresto;Conducente;M;Illeso;0;;;Inesploso
5056088;5;12/09/2020 18:30:00;Strada Urbana;VIA DI CASAL BERTONE;in prossimit�;;del civico n.;205;;Tamponamento;Rettilineo;Due carreggiate;Asciutto;Asfaltata;Orizzontale;Sereno;Intenso;Buona;;0;0;0;2;12.5374;41.8989;-1;1;Autovettura privata;In marcia / fermata / arresto;Conducente;M;Illeso;0;;Non accertato;Inesploso
5056088;5;12/09/2020 18:30:00;Strada Urbana;VIA DI CASAL BERTONE;in prossimit�;;del civico n.;205;;Tamponamento;Rettilineo;Due carreggiate;Asciutto;Asfaltata;Orizzontale;Sereno;Intenso;Buona;;0;0;0;2;12.5374;41.8989;-1;2;Autovettura privata;In marcia / fermata / arresto;Conducente;M;Illeso;0;;Non accertato;Inesploso
5056094;19;11/09/2020 10:30:00;Strada Urbana;PIAZZA S. MARIA DELLA PIETA';all'intersezione con;VIA SEBASTIANO VINCI;VIA SEBASTIANO VINCI;;;Tamponamento;Incrocio;Una carreggiata a senso unico di marcia;Asciutto;Asfaltata;Verticale ed orizzontale;Nuvoloso;Normale;Buona;;1;0;0;2;12.4203;41.9393;-1;1;Motociclo a solo;In marcia / fermata / arresto;Conducente;M;Rimandato;0;NON DECEDUTO;;
5056094;19;11/09/2020 10:30:00;Strada Urbana;PIAZZA S. MARIA DELLA PIETA';all'intersezione con;VIA SEBASTIANO VINCI;VIA SEBASTIANO VINCI;;;Tamponamento;Incrocio;Una carreggiata a senso unico di marcia;Asciutto;Asfaltata;Verticale ed orizzontale;Nuvoloso;Normale;Buona;;1;0;0;2;12.4203;41.9393;-1;2;Autovettura privata;In marcia / fermata / arresto;Conducente;F;Illeso;0;;;
5056094;19;11/09/2020 10:30:00;Strada Urbana;PIAZZA S. MARIA DELLA PIETA';all'intersezione con;VIA SEBASTIANO VINCI;VIA SEBASTIANO VINCI;;;Tamponamento;Incrocio;Una carreggiata a senso unico di marcia;Asciutto;Asfaltata;Verticale ed orizzontale;Nuvoloso;Normale;Buona;;1;0;0;2;12.4203;41.9393;-1;2;Autovettura privata;In marcia / fermata / arresto;Passeggero;F;Illeso;0;;;
5056097;2;12/09/2020 19:45:00;Strada Urbana;SOTTOVIA IGNAZIO GUIDI;da specificare;;;;dir. Policlinico alt. uscita via Nomentana;Scontro laterale fra veicoli in marcia;Rettilineo;Due carreggiate;Asciutto;Asfaltata;Orizzontale;Sereno;Normale;Buona;;0;0;0;3;12.5014;41.9096;-1;1;Autovettura privata;In marcia / fermata / arresto;Conducente;M;Illeso;0;;Non accertato;Inesploso
5056097;2;12/09/2020 19:45:00;Strada Urbana;SOTTOVIA IGNAZIO GUIDI;da specificare;;;;dir. Policlinico alt. uscita via Nomentana;Scontro laterale fra veicoli in marcia;Rettilineo;Due carreggiate;Asciutto;Asfaltata;Orizzontale;Sereno;Normale;Buona;;0;0;0;3;12.5014;41.9096;-1;1;Autovettura privata;In marcia / fermata / arresto;Passeggero;F;Illeso;0;;Non accertato;Inesploso
5056097;2;12/09/2020 19:45:00;Strada Urbana;SOTTOVIA IGNAZIO GUIDI;da specificare;;;;dir. Policlinico alt. uscita via Nomentana;Scontro laterale fra veicoli in marcia;Rettilineo;Due carreggiate;Asciutto;Asfaltata;Orizzontale;Sereno;Normale;Buona;;0;0;0;3;12.5014;41.9096;-1;2;Autovettura privata;In marcia / fermata / arresto;Conducente;M;Illeso;0;;Non accertato;Inesploso
5056100;19;12/09/2020 12:00:00;Strada Urbana;VIA DELL'ACQUEDOTTO DEL PESCHIERA;all'intersezione con;VIA DELL'ACQUEDOTTO PAOLO;VIA DELL'ACQUEDOTTO PAOLO;;;Tamponamento;Incrocio;Una carreggiata a senso unico di marcia;Asciutto;Asfaltata;Orizzontale;Sereno;Normale;Buona;;0;0;0;3;12.425;41.9372;-1;1;Autovettura privata;In marcia / fermata / arresto;Conducente;M;Illeso;0;;;