Protocollo;Gruppo;DataOraIncidente;Localizzazione1;STRADA1;Localizzazione2;STRADA2;Strada02;Chilometrica;DaSpecificare;NaturaIncidente;particolaritastrade;TipoStrada;FondoStradale;Pavimentazione;Segnaletica;CondizioneAtmosferica;Traffico;Visibilita;Illuminazione;NUM_FERITI;NUM_RISERVATA;NUM_MORTI;NUM_ILLESI;Longitudine;Latitudine;Confermato;Progressivo;TipoVeicolo;StatoVeicolo;TipoPersona;Sesso;Tipolesione;Deceduto;DecedutoDopo;CinturaCascoUtilizzato;Airbag;
5057413;15;14/09/2020 08:45:00;Strada Urbana;VIA DEL TRULLO;all'intersezione con;VIA DEL MONTE DELLE CAPRE;VIA DEL MONTE DELLE CAPRE;;;Scontro laterale fra veicoli in marcia;Intersezione semaforizzata;Due carreggiate;Asciutto;Asfaltata;Verticale ed orizzontale;Sereno;Normale;Buona;;1;0;0;2;12.4368;41.843;-1;2;Autovettura privata;In marcia / fermata / arresto;Conducente;M;Illeso;0;;Non accertato;Inesploso
5057415;8;14/09/2020 18:45:00;Strada Urbana;PIAZZA LORENZO NOTTOLINI;all'intersezione con;VIALE FRANCESCO CALTAGIRONE;VIALE FRANCESCO CALTAGIRONE;;;Scontro laterale fra veicoli in marcia;Rotatoria;Una carreggiata a senso unico di marcia;Asciutto;Asfaltata;Verticale ed orizzontale;Sereno;Normale;Buona;;3;0;0;0;12.6521;41.9124;-1;1;Autovettura privata;In marcia / fermata / arresto;Conducente;M;Rifiuta cure immediate;0;NON DECEDUTO;Non accertato;Inesploso
5057415;8;14/09/2020 18:45:00;Strada Urbana;PIAZZA LORENZO NOTTOLINI;all'intersezione con;VIALE FRANCESCO CALTAGIRONE;VIALE FRANCESCO CALTAGIRONE;;;Scontro laterale fra veicoli in marcia;Rotatoria;Una carreggiata a senso unico di marcia;Asciutto;Asfaltata;Verticale ed orizzontale;Sereno;Normale;Buona;;3;0;0;0;12.6521;41.9124;-1;2;Motociclo con passeggero;In marcia / fermata / arresto;Conducente;M;Rimandato;0;NON DECEDUTO;Non accertato;
5057415;8;14/09/2020 18:45:00;Strada Urbana;PIAZZA LORENZO NOTTOLINI;all'intersezione con;VIALE FRANCESCO CALTAGIRONE;VIALE FRANCESCO CALTAGIRONE;;;Scontro laterale fra veicoli in marcia;Rotatoria;Una carreggiata a senso unico di marcia;Asciutto;Asfaltata;Verticale ed orizzontale;Sereno;Normale;Buona;;3;0;0;0;12.6521;41.9124;-1;2;Motociclo con passeggero;In marcia / fermata / arresto;Passeggero;M;Rimandato;0;NON DECEDUTO;Non accertato;
5057419;8;14/09/2020 23:30:00;Strada Urbana;VIA DEI PALOSCI;all'intersezione con;VIA MARCELLO ALESSIO;VIA MARCELLO ALESSIO;;;Veicolo in marcia contro ostacolo accidentale;Incrocio;Una carreggiata a senso unico di marcia;Sdrucciolevole (pietrisco);Con buche;Verticale;Sereno;Scarso;Sufficiente;;1;0;0;0;12.6204;41.8469;-1;1;Motociclo a solo;In marcia / fermata / arresto;Conducente;M;Rifiuta cure immediate;0;NON DECEDUTO;Non accertato;
5057421;8;15/09/2020 04:30:00;Strada Urbana;VIA RAOUL CHIODELLI;da specificare;;;;fermata bus ponte di Nona;Scontro frontale/laterale SX fra veicoli in marcia;Rettilineo;Due carreggiate;Asciutto;Strada pavimentata dissestata;Orizzontale;Sereno;Scarso;Sufficiente;;1;0;0;0;12.6622;41.9064;-1;1;Autovettura privata;In marcia / fermata / arresto;;;;;;;
5057421;8;15/09/2020 04:30:00;Strada Urbana;VIA RAOUL CHIODELLI;da specificare;;;;fermata bus ponte di Nona;Scontro frontale/laterale SX fra veicoli in marcia;Rettilineo;Due carreggiate;Asciutto;Strada pavimentata dissestata;Orizzontale;Sereno;Scarso;Sufficiente;;1;0;0;0;12.6622;41.9064;-1;2;Autovettura privata;In marcia / fermata / arresto;Conducente;M;Ricoverato;0;NON DECEDUTO;;
5057422;15;14/09/2020 16:00:00;Strada Urbana;VIA DI MONTE CUCCO;in prossimit�;;del civico n.;131;;Veicolo in marcia contro veicoli in sosta;Rettilineo;Una carreggiata a doppio senso;Asciutto;Asfaltata;Orizzontale;Sereno;Normale;Buona;;1;0;0;1;12.44;41.8414;-1;1;Autovettura privata;In marcia / fermata / arresto;Conducente;M;Rimandato;0;NON DECEDUTO;Non accertato;Inesploso
5057422;15;14/09/2020 16:00:00;Strada Urbana;VIA DI MONTE CUCCO;in prossimit�;;del civico n.;131;;Veicolo in marcia contro veicoli in sosta;Rettilineo;Una carreggiata a doppio senso;Asciutto;Asfaltata;Orizzontale;Sereno;Normale;Buona;;1;0;0;1;12.44;41.8414;-1;1;Autovettura privata;In marcia / fermata / arresto;Passeggero;M;Illeso;0;;Non accertato;Inesploso
5057422;15;14/09/2020 16:00:00;Strada Urbana;VIA DI MONTE CUCCO;in prossimit�;;del civico n.;131;;Veicolo in marcia contro veicoli in sosta;Rettilineo;Una carreggiata a doppio senso;Asciutto;Asfaltata;Orizzontale;Sereno;Normale;Buona;;1;0;0;1;12.44;41.8414;-1;2;Autovettura privata;Sosta;;;;;;;
5057422;15;14/09/2020 16:00:00;Strada Urbana;VIA DI MONTE CUCCO;in prossimit�;;del civico n.;131;;Veicolo in marcia contro veicoli in sosta;Rettilineo;Una carreggiata a doppio senso;Asciutto;Asfaltata;Orizzontale;Sereno;Normale;Buona;;1;0;0;1;12.44;41.8414;-1;3;Autovettura privata;Sosta;;;;;;;
5057423;10;14/09/2020 20:30:00;Strada Urbana;VIA TUSCOLANA;in corrispondenza;;del civico n.;589;;Scontro laterale fra veicoli in marcia;Rettilineo;Due carreggiate;Asciutto;Asfaltata;Verticale ed orizzontale;Sereno;Normale;Sufficiente;;0;0;0;3;12.5488;41.8638;-1;1;Autovettura privata;In marcia / fermata / arresto;Conducente;M;Illeso;0;;Non accertato;Inesploso
5057423;10;14/09/2020 20:30:00;Strada Urbana;VIA TUSCOLANA;in corrispondenza;;del civico n.;589;;Scontro laterale fra veicoli in marcia;Rettilineo;Due carreggiate;Asciutto;Asfaltata;Verticale ed orizzontale;Sereno;Normale;Sufficiente;;0;0;0;3;12.5488;41.8638;-1;2;Trattore stradale;In marcia / fermata / arresto;Conducente;M;Illeso;0;;Non accertato;Inesploso
5057423;10;14/09/2020 20:30:00;Strada Urbana;VIA TUSCOLANA;in corrispondenza;;del civico n.;589;;Scontro laterale fra veicoli in marcia;Rettilineo;Due carreggiate;Asciutto;Asfaltata;Verticale ed orizzontale;Sereno;Normale;Sufficiente;;0;0;0;3;12.5488;41.8638;-1;2;Trattore stradale;In marcia / fermata / arresto;Passeggero;M;Illeso;0;;Non accertato;Inesploso
5057424;17;12/09/2020 15:45:00;Strada Urbana;VIA IGEA;in corrispondenza;;del civico n.;7;;Investimento di pedone;Rettilineo;Una carreggiata a doppio senso;Asciutto;Asfaltata;Verticale ed orizzontale;Sereno;Scarso;Buona;;2;0;0;1;12.4402;41.9343;-1;;;;Pedone;M;Rimandato;0;NON DECEDUTO;;
5057424;17;12/09/2020 15:45:00;Strada Urbana;VIA IGEA;in corrispondenza;;del civico n.;7;;Investimento di pedone;Rettilineo;Una carreggiata a doppio senso;Asciutto;Asfaltata;Verticale ed orizzontale;Sereno;Scarso;Buona;;2;0;0;1;12.4402;41.9343;-1;;;;Pedone;F;Rifiuta cure immediate;0;NON DECEDUTO;;
5057424;17;12/09/2020 15:45:00;Strada Urbana;VIA IGEA;in corrispondenza;;del civico n.;7;;Investimento di pedone;Rettilineo;Una carreggiata a doppio senso;Asciutto;Asfaltata;Verticale ed orizzontale;Sereno;Scarso;Buona;;2;0;0;1;12.4402;41.9343;-1;1;Autovettura privata;In marcia / fermata / arresto;Conducente;M;Illeso;0;;;
5057425;11;14/09/2020 12:40:00;Strada Urbana;VIA CRISTOFORO COLOMBO;all'intersezione semaforizzata con;PIAZZA ELIO RUFINO;PIAZZA ELIO RUFINO;;;Veicolo in marcia contro veicolo fermo;Intersezione semaforizzata;Pi� di due carreggiate;Asciutto;Asfaltata;Verticale ed orizzontale;Sereno;Normale;Buona;;0;0;0;2;12.4966;41.8584;-1;1;Autovettura privata;In marcia / fermata / arresto;Conducente;M;Illeso;0;;;
5057425;11;14/09/2020 12:40:00;Strada Urbana;VIA CRISTOFORO COLOMBO;all'intersezione semaforizzata con;PIAZZA ELIO RUFINO;PIAZZA ELIO RUFINO;;;Veicolo in marcia contro veicolo fermo;Intersezione semaforizzata;Pi� di due carreggiate;Asciutto;Asfaltata;Verticale ed orizzontale;Sereno;Normale;Buona;;0;0;0;2;12.4966;41.8584;-1;2;Autobus turistico;In marcia / fermata / arresto;Conducente;M;Illeso;0;;;
5057430;13;12/09/2020 16:25:00;Strada Urbana;VIA DEL MARE;da specificare;;;;altezza Acilia;Tamponamento;Rettilineo;Una carreggiata a doppio senso;Asciutto;Asfaltata;Assente;Sereno;Normale;Buona;;0;0;0;3;12.4632;41.8403;-1;1;Autovettura privata;In marcia / fermata / arresto;Conducente;M;Illeso;0;;Non accertato;
5057430;13;12/09/2020 16:25:00;Strada Urbana;VIA DEL MARE;da specificare;;;;altezza Acilia;Tamponamento;Rettilineo;Una carreggiata a doppio senso;Asciutto;Asfaltata;Assente;Sereno;Normale;Buona;;0;0;0;3;12.4632;41.8403;-1;1;Autovettura privata;In marcia / fermata / arresto;Passeggero;F;Illeso;0;;Non accertato;
5057430;13;12/09/2020 16:25:00;Strada Urbana;VIA DEL MARE;da specificare;;;;altezza Acilia;Tamponamento;Rettilineo;Una carreggiata a doppio senso;Asciutto;Asfaltata;Assente;Sereno;Normale;Buona;;0;0;0;3;12.4632;41.8403;-1;2;Autovettura privata;In marcia / fermata / arresto;Conducente;M;Illeso;0;;Non accertato;
5057435;13;14/09/2020 13:15:00;Provinciale;VIA LITORANEA;in prossimit�;;della chilometrica;9.6;;Scontro laterale fra veicoli in marcia;Rettilineo;Una carreggiata a doppio senso;Asciutto;Asfaltata;Verticale ed orizzontale;Sereno;Normale;Buona;;1;0;0;4;12.3735;41.6876;-1;1;Autovettura privata;In marcia / fermata / arresto;Conducente;M;Illeso;0;;Non accertato;Inesploso
5057435;13;14/09/2020 13:15:00;Provinciale;VIA LITORANEA;in prossimit�;;della chilometrica;9.6;;Scontro laterale fra veicoli in marcia;Rettilineo;Una carreggiata a doppio senso;Asciutto;Asfaltata;Verticale ed orizzontale;Sereno;Normale;Buona;;1;0;0;4;12.3735;41.6876;-1;1;Autovettura privata;In marcia / fermata / arresto;Passeggero;M;Illeso;0;;Non accertato;Inesploso
5057435;13;14/09/2020 13:15:00;Provinciale;VIA LITORANEA;in prossimit�;;della chilometrica;9.6;;Scontro laterale fra veicoli in marcia;Rettilineo;Una carreggiata a doppio senso;Asciutto;Asfaltata;Verticale ed orizzontale;Sereno;Normale;Buona;;1;0;0;4;12.3735;41.6876;-1;1;Autovettura privata;In marcia / fermata / arresto;Passeggero;M;Illeso;0;;Non accertato;Inesploso
5057435;13;14/09/2020 13:15:00;Provinciale;VIA LITORANEA;in prossimit�;;della chilometrica;9.6;;Scontro laterale fra veicoli in marcia;Rettilineo;Una carreggiata a doppio senso;Asciutto;Asfaltata;Verticale ed orizzontale;Sereno;Normale;Buona;;1;0;0;4;12.3735;41.6876;-1;1;Autovettura privata;In marcia / fermata / arresto;Passeggero;M;Illeso;0;;Non accertato;Inesploso
5057435;13;14/09/2020 13:15:00;Provinciale;VIA LITORANEA;in prossimit�;;della chilometrica;9.6;;Scontro laterale fra veicoli in marcia;Rettilineo;Una carreggiata a doppio senso;Asciutto;Asfaltata;Verticale ed orizzontale;Sereno;Normale;Buona;;1;0;0;4;12.3735;41.6876;-1;2;Autovettura privata;Sosta;;;;;;;
5057435;13;14/09/2020 13:15:00;Provinciale;VIA LITORANEA;in prossimit�;;della chilometrica;9.6;;Scontro laterale fra veicoli in marcia;Rettilineo;Una carreggiata a doppio senso;Asciutto;Asfaltata;Verticale ed orizzontale;Sereno;Normale;Buona;;1;0;0;4;12.3735;41.6876;-1;3;Motociclo a solo;In marcia / fermata / arresto;Conducente;M;Rimandato;0;NON DECEDUTO;Non accertato;
5057438;13;14/09/2020 17:40:00;Strada Urbana;PIAZZA ENRICO MILLO;all'intersezione con;VIA CARLO DEL GRECO;VIA CARLO DEL GRECO;;;Scontro frontale/laterale SX fra veicoli in marcia;Incrocio;Due carreggiate;Asciutto;Asfaltata;Verticale ed orizzontale;Sereno;Normale;Buona;;0;0;0;3;12.2898;41.7324;-1;1;Autocarro inferiore 35 q.;In marcia / fermata / arresto;Conducente;M;Illeso;0;;Non accertato;Inesploso
5057438;13;14/09/2020 17:40:00;Strada Urbana;PIAZZA ENRICO MILLO;all'intersezione con;VIA CARLO DEL GRECO;VIA CARLO DEL GRECO;;;Scontro frontale/laterale SX fra veicoli in marcia;Incrocio;Due carreggiate;Asciutto;Asfaltata;Verticale ed orizzontale;Sereno;Normale;Buona;;0;0;0;3;12.2898;41.7324;-1;1;Autocarro inferiore 35 q.;In marcia / fermata / arresto;Passeggero;F;Illeso;0;;Non accertato;Inesistente
5057438;13;14/09/2020 17:40:00;Strada Urbana;PIAZZA ENRICO MILLO;all'intersezione con;VIA CARLO DEL GRECO;VIA CARLO DEL GRECO;;;Scontro frontale/laterale SX fra veicoli in marcia;Incrocio;Due carreggiate;Asciutto;Asfaltata;Verticale ed orizzontale;Sereno;Normale;Buona;;0;0;0;3;12.2898;41.7324;-1;2;Autovettura privata;In marcia / fermata / arresto;Conducente;F;Illeso;0;;Non accertato;Inesploso
5057456;9;14/09/2020 13:20:00;Strada Urbana;VIA LATINA;da specificare;;;;in prossimit� VIALE METRONIO;Investimento di pedone;Rettilineo;Una carreggiata a doppio senso;Asciutto;Asfaltata;Verticale ed orizzontale;Sereno;Scarso;Sufficiente;;1;0;0;2;12.5027;41.8766;-1;;;;Pedone;M;Rimandato;0;NON DECEDUTO;;
5057456;9;14/09/2020 13:20:00;Strada Urbana;VIA LATINA;da specificare;;;;in prossimit� VIALE METRONIO;Investimento di pedone;Rettilineo;Una carreggiata a doppio senso;Asciutto;Asfaltata;Verticale ed orizzontale;Sereno;Scarso;Sufficiente;;1;0;0;2;12.5027;41.8766;-1;1;Autovettura privata;In marcia / fermata / arresto;Conducente;M;Illeso;0;;Non accertato;Inesploso
5057456;9;14/09/2020 13:20:00;Strada Urbana;VIA LATINA;da specificare;;;;in prossimit� VIALE METRONIO;Investimento di pedone;Rettilineo;Una carreggiata a doppio senso;Asciutto;Asfaltata;Verticale ed orizzontale;Sereno;Scarso;Sufficiente;;1;0;0;2;12.5027;41.8766;-1;1;Autovettura privata;In marcia / fermata / arresto;Passeggero;F;Illeso;0;;Non accertato;Inesploso
5057480;11;15/09/2020 00:30:00;Provinciale entro l'abitato;VIA ARDEATINA;in prossimit�;;del civico n.;1188;;Scontro frontale/laterale SX fra veicoli in marcia;Curva a visuale libera;Una carreggiata a doppio senso;Asciutto;Asfaltata;Orizzontale;Sereno;Scarso;Sufficiente;;1;0;0;2;12.5511;41.7728;-1;1;Autocarro superiore 35 q.;In marcia / fermata / arresto;Conducente;M;Illeso;0;;Non accertato;
5057480;11;15/09/2020 00:30:00;Provinciale entro l'abitato;VIA ARDEATINA;in prossimit�;;del civico n.;1188;;Scontro frontale/laterale SX fra veicoli in marcia;Curva a visuale libera;Una carreggiata a doppio senso;Asciutto;Asfaltata;Orizzontale;Sereno;Scarso;Sufficiente;;1;0;0;2;12.5511;41.7728;-1;1;Autocarro superiore 35 q.;In marcia / fermata / arresto;Passeggero;M;Illeso;0;;Non accertato;
5057480;11;15/09/2020 00:30:00;Provinciale entro l'abitato;VIA ARDEATINA;in prossimit�;;del civico n.;1188;;Scontro frontale/laterale SX fra veicoli in marcia;Curva a visuale libera;Una carreggiata a doppio senso;Asciutto;Asfaltata;Orizzontale;Sereno;Scarso;Sufficiente;;1;0;0;2;12.5511;41.7728;-1;2;Autovettura privata;In marcia / fermata / arresto;Conducente;F;Rimandato;0;NON DECEDUTO;Non accertato;Esploso
5057491;5;14/09/2020 09:40:00;Strada Urbana;VIALE ETTORE FRANCESCHINI;da specificare;;;;altezza Largo Nino Franchellucci;Tamponamento;Rettilineo;Due carreggiate;Asciutto;Asfaltata;Verticale ed orizzontale;Sereno;Intenso;Buona;;1;0;0;1;12.5747;41.9119;-1;1;Autovettura privata;In marcia / fermata / arresto;Conducente;F;Rimandato;0;NON DECEDUTO;Non accertato;Inesploso
5057491;5;14/09/2020 09:40:00;Strada Urbana;VIALE ETTORE FRANCESCHINI;da specificare;;;;altezza Largo Nino Franchellucci;Tamponamento;Rettilineo;Due carreggiate;Asciutto;Asfaltata;Verticale ed orizzontale;Sereno;Intenso;Buona;;1;0;0;1;12.5747;41.9119;-1;2;Autovettura privata;In marcia / fermata / arresto;Conducente;F;Illeso;0;;Non accertato;Inesploso
5057505;20;14/09/2020 14:20:00;Strada Urbana;VIA DI GROTTAROSSA;in prossimit�;;del civico n.;801;;Scontro laterale fra veicoli in marcia;Curva senza visuale libera;Una carreggiata a doppio senso;Asciutto;Asfaltata;Assente;Sereno;Normale;Buona;;0;0;0;3;12.4624;41.9771;-1;1;Autocarro inferiore 35 q.;In marcia / fermata / arresto;Conducente;M;Illeso;0;;Non accertato;Inesploso
5057505;20;14/09/2020 14:20:00;Strada Urbana;VIA DI GROTTAROSSA;in prossimit�;;del civico n.;801;;Scontro laterale fra veicoli in marcia;Curva senza visuale libera;Una carreggiata a doppio senso;Asciutto;Asfaltata;Assente;Sereno;Normale;Buona;;0;0;0;3;12.4624;41.9771;-1;1;Autocarro inferiore 35 q.;In marcia / fermata / arresto;Passeggero;M;Illeso;0;;Non accertato;Inesploso
5057505;20;14/09/2020 14:20:00;Strada Urbana;VIA DI GROTTAROSSA;in prossimit�;;del civico n.;801;;Scontro laterale fra veicoli in marcia;Curva senza visuale libera;Una carreggiata a doppio senso;Asciutto;Asfaltata;Assente;Sereno;Normale;Buona;;0;0;0;3;12.4624;41.9771;-1;2;Autovettura privata;In marcia / fermata / arresto;Conducente;M;Illeso;0;;Non accertato;Inesploso
5057515;10;14/09/2020 22:45:00;Strada Urbana;VIA BERNARDINO ALIMENA;in corrispondenza;;del civico n.;16;;Tamponamento;Rettilineo;Una carreggiata a doppio senso;Asciutto;Asfaltata;Verticale ed orizzontale;Sereno;Normale;Sufficiente;;0;0;0;2;12.5986;41.8483;-1;1;Autovettura privata;In marcia / fermata / arresto;Conducente;M;Illeso;0;;Non accertato;Inesploso
5057515;10;14/09/2020 22:45:00;Strada Urbana;VIA BERNARDINO ALIMENA;in corrispondenza;;del civico n.;16;;Tamponamento;Rettilineo;Una carreggiata a doppio senso;Asciutto;Asfaltata;Verticale ed orizzontale;Sereno;Normale;Sufficiente;;0;0;0;2;12.5986;41.8483;-1;1;Autovettura privata;In marcia / fermata / arresto;Passeggero;M;Illeso;0;;Non accertato;Inesploso
5057515;10;14/09/2020 22:45:00;Strada Urbana;VIA BERNARDINO ALIMENA;in corrispondenza;;del civico n.;16;;Tamponamento;Rettilineo;Una carreggiata a doppio senso;Asciutto;Asfaltata;Verticale ed orizzontale;Sereno;Normale;Sufficiente;;0;0;0;2;12.5986;41.8483;-1;2;Autovettura privata;Allontanatosi;;;;;;;
5057531;5;14/09/2020 11:10:00;Strada Urbana;VIALE PALMIRO TOGLIATTI;all'intersezione semaforizzata con;VIALE ETTORE FRANCESCHINI;VIALE ETTORE FRANCESCHINI;;;Scontro frontale/laterale SX fra veicoli in marcia;Incrocio;Due carreggiate;Asciutto;Asfaltata;Verticale ed orizzontale;Sereno;Normale;Buona;;1;0;0;2;12.5725;41.9104;-1;1;Autovettura privata;In marcia / fermata / arresto;Conducente;M;Rimandato;0;NON DECEDUTO;Non accertato;Inesploso
5057531;5;14/09/2020 11:10:00;Strada Urbana;VIALE PALMIRO TOGLIATTI;all'intersezione semaforizzata con;VIALE ETTORE FRANCESCHINI;VIALE ETTORE FRANCESCHINI;;;Scontro frontale/laterale SX fra veicoli in marcia;Incrocio;Due carreggiate;Asciutto;Asfaltata;Verticale ed orizzontale;Sereno;Normale;Buona;;1;0;0;2;12.5725;41.9104;-1;1;Autovettura privata;In marcia / fermata / arresto;Passeggero;F;Illeso;0;;Non accertato;Inesploso
5057531;5;14/09/2020 11:10:00;Strada Urbana;VIALE PALMIRO TOGLIATTI;all'intersezione semaforizzata con;VIALE ETTORE FRANCESCHINI;VIALE ETTORE FRANCESCHINI;;;Scontro frontale/laterale SX fra veicoli in marcia;Incrocio;Due carreggiate;Asciutto;Asfaltata;Verticale ed orizzontale;Sereno;Normale;Buona;;1;0;0;2;12.5725;41.9104;-1;2;Autocarro inferiore 35 q.;In marcia / fermata / arresto;Conducente;M;Illeso;0;;Non accertato;Inesploso
5057561;18;14/09/2020 16:40:00;Strada Urbana;VIA PIO IX;all'intersezione con;VIA SILVESTRO II;VIA SILVESTRO II;;;Scontro frontale/laterale DX fra veicoli in marcia;Incrocio;Una carreggiata a senso unico di marcia;Asciutto;Asfaltata;Verticale ed orizzontale;Sereno;Scarso;Buona;;0;0;0;5;12.4238;41.9067;-1;1;Autovettura privata;In marcia / fermata / arresto;Conducente;M;Illeso;0;;Non accertato;Inesploso
5057561;18;14/09/2020 16:40:00;Strada Urbana;VIA PIO IX;all'intersezione con;VIA SILVESTRO II;VIA SILVESTRO II;;;Scontro frontale/laterale DX fra veicoli in marcia;Incrocio;Una carreggiata a senso unico di marcia;Asciutto;Asfaltata;Verticale ed orizzontale;Sereno;Scarso;Buona;;0;0;0;5;12.4238;41.9067;-1;1;Autovettura privata;In marcia / fermata / arresto;Passeggero;F;Illeso;0;;Non accertato;Inesploso
5057561;18;14/09/2020 16:40:00;Strada Urbana;VIA PIO IX;all'intersezione con;VIA SILVESTRO II;VIA SILVESTRO II;;;Scontro frontale/laterale DX fra veicoli in marcia;Incrocio;Una carreggiata a senso unico di marcia;Asciutto;Asfaltata;Verticale ed orizzontale;Sereno;Scarso;Buona;;0;0;0;5;12.4238;41.9067;-1;2;Autovettura privata;In marcia / fermata / arresto;Conducente;M;Illeso;0;;Non accertato;Inesploso
5057561;18;14/09/2020 16:40:00;Strada Urbana;VIA PIO IX;all'intersezione con;VIA SILVESTRO II;VIA SILVESTRO II;;;Scontro frontale/laterale DX fra veicoli in marcia;Incrocio;Una carreggiata a senso unico di marcia;Asciutto;Asfaltata;Verticale ed orizzontale;Sereno;Scarso;Buona;;0;0;0;5;12.4238;41.9067;-1;2;Autovettura privata;In marcia / fermata / arresto;Passeggero;F;Illeso;0;;Non accertato;Inesploso
5057561;18;14/09/2020 16:40:00;Strada Urbana;VIA PIO IX;all'intersezione con;VIA SILVESTRO II;VIA SILVESTRO II;;;Scontro frontale/laterale DX fra veicoli in marcia;Incrocio;Una carreggiata a senso unico di marcia;Asciutto;Asfaltata;Verticale ed orizzontale;Sereno;Scarso;Buona;;0;0;0;5;12.4238;41.9067;-1;2;Autovettura privata;In marcia / fermata / arresto;Passeggero;M;Illeso;0;;Non accertato;Inesploso
5057577;19;14/09/2020 12:00:00;Strada Urbana;VIA TRIONFALE;in prossimit�;;del civico n.;11400;;Scontro laterale fra veicoli in marcia;Rettilineo;Una carreggiata a doppio senso;Asciutto;Asfaltata;Verticale ed orizzontale;Sereno;Normale;Buona;;0;0;0;3;12.4099;41.961;-1;1;Autovettura privata;In marcia / fermata / arresto;Conducente;F;Illeso;0;;Non accertato;Inesploso
5057577;19;14/09/2020 12:00:00;Strada Urbana;VIA TRIONFALE;in prossimit�;;del civico n.;11400;;Scontro laterale fra veicoli in marcia;Rettilineo;Una carreggiata a doppio senso;Asciutto;Asfaltata;Verticale ed orizzontale;Sereno;Normale;Buona;;0;0;0;3;12.4099;41.961;-1;1;Autovettura privata;In marcia / fermata / arresto;Passeggero;M;Illeso;0;;Non accertato;Inesploso
5057577;19;14/09/2020 12:00:00;Strada Urbana;VIA TRIONFALE;in prossimit�;;del civico n.;11400;;Scontro laterale fra veicoli in marcia;Rettilineo;Una carreggiata a doppio senso;Asciutto;Asfaltata;Verticale ed orizzontale;Sereno;Normale;Buona;;0;0;0;3;12.4099;41.961;-1;2;Motociclo a solo;In marcia / fermata / arresto;Conducente;M;Illeso;0;;Non accertato;
5057602;5;14/09/2020 14:55:00;Strada Urbana;VIA EUGENIO CHECCHI;in prossimit�;;del civico n.;10;;Tamponamento;Rettilineo;Una carreggiata a senso unico di marcia;Asciutto;Asfaltata;Orizzontale;Sereno;Normale;Buona;;0;0;0;3;12.5443;41.9091;-1;1;Autovettura privata;In marcia / fermata / arresto;Conducente;M;Illeso;0;;;
5057602;5;14/09/2020 14:55:00;Strada Urbana;VIA EUGENIO CHECCHI;in prossimit�;;del civico n.;10;;Tamponamento;Rettilineo;Una carreggiata a senso unico di marcia;Asciutto;Asfaltata;Orizzontale;Sereno;Normale;Buona;;0;0;0;3;12.5443;41.9091;-1;2;Autovettura privata;In marcia / fermata / arresto;Conducente;M;Illeso;0;;;
5057602;5;14/09/2020 14:55:00;Strada Urbana;VIA EUGENIO CHECCHI;in prossimit�;;del civico n.;10;;Tamponamento;Rettilineo;Una carreggiata a senso unico di marcia;Asciutto;Asfaltata;Orizzontale;Sereno;Normale;Buona;;0;0;0;3;12.5443;41.9091;-1;2;Autovettura privata;In marcia / fermata / arresto;Passeggero;M;Illeso;0;;;
5057605;4;14/09/2020 07:55:00;Strada Urbana;VIA GIUSEPPE DE SANTIS;da specificare;;;;area parcheggio di fronte al civico 19 ;Veicolo in marcia contro ostacolo fisso;Rettilineo;Una carreggiata a senso unico di marcia;Asciutto;Asfaltata;Assente;Sereno;Normale;Buona;;0;0;0;4;12.539;41.9655;-1;1;Autovettura privata;In marcia / fermata / arresto;Conducente;M;Illeso;0;;;
5057605;4;14/09/2020 07:55:00;Strada Urbana;VIA GIUSEPPE DE SANTIS;da specificare;;;;area parcheggio di fronte al civico 19 ;Veicolo in marcia contro ostacolo fisso;Rettilineo;Una carreggiata a senso unico di marcia;Asciutto;Asfaltata;Assente;Sereno;Normale;Buona;;0;0;0;4;12.539;41.9655;-1;1;Autovettura privata;In marcia / fermata / arresto;Passeggero;M;Illeso;0;;;
5057605;4;14/09/2020 07:55:00;Strada Urbana;VIA GIUSEPPE DE SANTIS;da specificare;;;;area parcheggio di fronte al civico 19 ;Veicolo in marcia contro ostacolo fisso;Rettilineo;Una carreggiata a senso unico di marcia;Asciutto;Asfaltata;Assente;Sereno;Normale;Buona;;0;0;0;4;12.539;41.9655;-1;1;Autovettura privata;In marcia / fermata / arresto;Passeggero;F;Illeso;0;;;
5057605;4;14/09/2020 07:55:00;Strada Urbana;VIA GIUSEPPE DE SANTIS;da specificare;;;;area parcheggio di fronte al civico 19 ;Veicolo in marcia contro ostacolo fisso;Rettilineo;Una carreggiata a senso unico di marcia;Asciutto;Asfaltata;Assente;Sereno;Normale;Buona;;0;0;0;4;12.539;41.9655;-1;1;Autovettura privata;In marcia / fermata / arresto;Passeggero;F;Illeso;0;;;
5057608;19;14/09/2020 16:55:00;Strada Urbana;VIA TRIONFALE;in prossimit�;;del civico n.;8211;;Tamponamento;Rettilineo;Una carreggiata a senso unico di marcia;Asciutto;Asfaltata;Orizzontale;Sereno;Intenso;Buona;;0;0;0;2;12.4279;41.9373;-1;1;Autovettura privata;In marcia / fermata / arresto;Conducente;F;Illeso;0;;;