Protocollo;Gruppo;DataOraIncidente;Localizzazione1;STRADA1;Localizzazione2;STRADA2;Strada02;Chilometrica;DaSpecificare;NaturaIncidente;particolaritastrade;TipoStrada;FondoStradale;Pavimentazione;Segnaletica;CondizioneAtmosferica;Traffico;Visibilita;Illuminazione;NUM_FERITI;NUM_RISERVATA;NUM_MORTI;NUM_ILLESI;Longitudine;Latitudine;Confermato;Progressivo;TipoVeicolo;StatoVeicolo;TipoPersona;Sesso;Tipolesione;Deceduto;DecedutoDopo;CinturaCascoUtilizzato;Airbag;
5060661;20;16/09/2020 09:55:00;Strada Urbana;LUNGOTEVERE MARESCIALLO DIAZ;all'intersezione semaforizzata con;LARGO MARESCIALLO DIAZ;LARGO MARESCIALLO DIAZ;;;Investimento di pedone;Intersezione semaforizzata;Una carreggiata a doppio senso;Asciutto;Asfaltata;Verticale ed orizzontale;Sereno;Normale;Buona;;2;0;0;7;12.4653;41.9365;-1;1;Autobus di linea;In marcia / fermata / arresto;Passeggero;F;Illeso;0;;Non accertato;Inesistente
5060661;20;16/09/2020 09:55:00;Strada Urbana;LUNGOTEVERE MARESCIALLO DIAZ;all'intersezione semaforizzata con;LARGO MARESCIALLO DIAZ;LARGO MARESCIALLO DIAZ;;;Investimento di pedone;Intersezione semaforizzata;Una carreggiata a doppio senso;Asciutto;Asfaltata;Verticale ed orizzontale;Sereno;Normale;Buona;;2;0;0;7;12.4653;41.9365;-1;1;Autobus di linea;In marcia / fermata / arresto;Passeggero;M;Illeso;0;;Non accertato;Inesistente
5060720;13;16/09/2020 16:00:00;Strada Urbana;VIA OSTIENSE;all'intersezione semaforizzata con;VIA DELLE AZZORRE;VIA DELLE AZZORRE;;;Scontro frontale/laterale DX fra veicoli in marcia;Intersezione semaforizzata;Una carreggiata a doppio senso;Asciutto;Asfaltata;Verticale ed orizzontale;Sereno;Normale;Buona;;0;0;0;2;12.2904;41.7469;-1;1;Autocarro inferiore 35 q.;In marcia / fermata / arresto;Conducente;M;Illeso;0;;Non accertato;Inesploso
5060720;13;16/09/2020 16:00:00;Strada Urbana;VIA OSTIENSE;all'intersezione semaforizzata con;VIA DELLE AZZORRE;VIA DELLE AZZORRE;;;Scontro frontale/laterale DX fra veicoli in marcia;Intersezione semaforizzata;Una carreggiata a doppio senso;Asciutto;Asfaltata;Verticale ed orizzontale;Sereno;Normale;Buona;;0;0;0;2;12.2904;41.7469;-1;2;Autovettura privata;In marcia / fermata / arresto;Conducente;F;Illeso;0;;Non accertato;Inesploso
5060721;18;16/09/2020 12:30:00;Strada Urbana;CIRCONVALLAZIONE AURELIA;in corrispondenza;;del civico n.;39;;Scontro laterale fra veicoli in marcia;Rettilineo;Due carreggiate;Asciutto;Asfaltata;Verticale ed orizzontale;Sereno;Normale;Buona;;1;0;0;0;12.4285;41.8971;0;1;Veicolo ignoto perch� FUGA;Allontanatosi;;;;;;;
5060721;18;16/09/2020 12:30:00;Strada Urbana;CIRCONVALLAZIONE AURELIA;in corrispondenza;;del civico n.;39;;Scontro laterale fra veicoli in marcia;Rettilineo;Due carreggiate;Asciutto;Asfaltata;Verticale ed orizzontale;Sereno;Normale;Buona;;1;0;0;0;12.4285;41.8971;0;2;Motociclo a solo;In marcia / fermata / arresto;Conducente;M;Rimandato;0;NON DECEDUTO;Non accertato;
5060721;18;16/09/2020 12:30:00;Strada Urbana;CIRCONVALLAZIONE AURELIA;in corrispondenza;;del civico n.;39;;Scontro laterale fra veicoli in marcia;Rettilineo;Due carreggiate;Asciutto;Asfaltata;Verticale ed orizzontale;Sereno;Normale;Buona;;1;0;0;0;12.4285;41.8971;0;3;Autovettura privata;Sosta;;;;;;;
5060757;10;16/09/2020 12:50:00;Strada Urbana;VIA DI TORRE SPACCATA;all'intersezione con;VIA TUSCOLANA;VIA TUSCOLANA;;;Scontro laterale fra veicoli in marcia;Intersezione semaforizzata;Una carreggiata a doppio senso;Asciutto;Asfaltata;Verticale ed orizzontale;Sereno;Normale;Buona;;1;0;0;1;12.5832;41.8584;-1;1;Motociclo a solo;In marcia / fermata / arresto;Conducente;M;Rimandato;0;NON DECEDUTO;;
5060757;10;16/09/2020 12:50:00;Strada Urbana;VIA DI TORRE SPACCATA;all'intersezione con;VIA TUSCOLANA;VIA TUSCOLANA;;;Scontro laterale fra veicoli in marcia;Intersezione semaforizzata;Una carreggiata a doppio senso;Asciutto;Asfaltata;Verticale ed orizzontale;Sereno;Normale;Buona;;1;0;0;1;12.5832;41.8584;-1;2;Autovettura privata;In marcia / fermata / arresto;Conducente;F;Illeso;0;;;
5060792;1;16/09/2020 09:00:00;Strada Urbana;SALITA DI S. GREGORIO;da specificare;;;;interno Parco Comunale;Veicolo in marcia contro veicolo in sosta;Rettilineo;Una carreggiata a senso unico alternato;Asciutto;In cubetti di porfido;Assente;Sereno;Scarso;Buona;;0;0;0;1;12.4898;41.8856;-1;1;Autovettura privata;In marcia / fermata / arresto;Conducente;M;Illeso;0;;Non accertato;Inesploso
5060792;1;16/09/2020 09:00:00;Strada Urbana;SALITA DI S. GREGORIO;da specificare;;;;interno Parco Comunale;Veicolo in marcia contro veicolo in sosta;Rettilineo;Una carreggiata a senso unico alternato;Asciutto;In cubetti di porfido;Assente;Sereno;Scarso;Buona;;0;0;0;1;12.4898;41.8856;-1;2;Autovettura privata;Sosta;;;;;;;
5060858;6;16/09/2020 17:30:00;Strada Urbana;VIA ETTORE GIOVENALE;in prossimit�;;del civico n.;62;;Veicolo in marcia contro veicolo in sosta;Rettilineo;Due carreggiate;Asciutto;Asfaltata;Verticale ed orizzontale;Sereno;Scarso;Buona;;0;0;0;0;12.5318;41.8893;-1;1;Autocarro inferiore 35 q.;In marcia / fermata / arresto;;;;;;;
5060858;6;16/09/2020 17:30:00;Strada Urbana;VIA ETTORE GIOVENALE;in prossimit�;;del civico n.;62;;Veicolo in marcia contro veicolo in sosta;Rettilineo;Due carreggiate;Asciutto;Asfaltata;Verticale ed orizzontale;Sereno;Scarso;Buona;;0;0;0;0;12.5318;41.8893;-1;2;Autovettura privata;Sosta;;;;;;;
5060880;1;16/09/2020 11:00:00;Strada Urbana;VICOLO DEI CENCI;all'intersezione con;VIA DELL'ARCO DE' CENCI;VIA DELL'ARCO DE' CENCI;;;Veicolo in marcia contro veicolo in sosta;Incrocio;Una carreggiata a doppio senso;Asciutto;Acciotolata;Assente;Sereno;Scarso;Buona;;0;0;0;1;12.4759;41.893;-1;1;Autovettura privata;In marcia / fermata / arresto;Conducente;M;Illeso;0;;;
5060880;1;16/09/2020 11:00:00;Strada Urbana;VICOLO DEI CENCI;all'intersezione con;VIA DELL'ARCO DE' CENCI;VIA DELL'ARCO DE' CENCI;;;Veicolo in marcia contro veicolo in sosta;Incrocio;Una carreggiata a doppio senso;Asciutto;Acciotolata;Assente;Sereno;Scarso;Buona;;0;0;0;1;12.4759;41.893;-1;2;Autovettura privata;Sosta;;;;;;;
5060896;17;15/09/2020 12:15:00;Strada Urbana;VIA RUFFINI;in prossimit�;;del civico n.;10;;Veicolo in marcia contro veicolo in sosta;Rettilineo;Una carreggiata a senso unico di marcia;Asciutto;Asfaltata;Verticale ed orizzontale;Sereno;Normale;Sufficiente;;0;0;0;1;12.4657;41.9164;-1;1;Autovettura privata;In marcia / fermata / arresto;Conducente;F;Illeso;0;;Non accertato;Inesploso
5060896;17;15/09/2020 12:15:00;Strada Urbana;VIA RUFFINI;in prossimit�;;del civico n.;10;;Veicolo in marcia contro veicolo in sosta;Rettilineo;Una carreggiata a senso unico di marcia;Asciutto;Asfaltata;Verticale ed orizzontale;Sereno;Normale;Sufficiente;;0;0;0;1;12.4657;41.9164;-1;2;Autovettura privata;Sosta;;;;;;;
5060921;15;16/09/2020 13:35:00;Strada Urbana;VIA DELLA MAGLIANA;all'intersezione con;VIA LUIGI DASTI;VIA LUIGI DASTI;;;Scontro frontale/laterale DX fra veicoli in marcia;Incrocio;Una carreggiata a doppio senso;Asciutto;Asfaltata;Verticale ed orizzontale;Sereno;Normale;Buona;;0;0;0;3;12.4196;41.8317;-1;1;Autovettura privata;In marcia / fermata / arresto;Conducente;M;Illeso;0;;Non accertato;Inesploso
5060921;15;16/09/2020 13:35:00;Strada Urbana;VIA DELLA MAGLIANA;all'intersezione con;VIA LUIGI DASTI;VIA LUIGI DASTI;;;Scontro frontale/laterale DX fra veicoli in marcia;Incrocio;Una carreggiata a doppio senso;Asciutto;Asfaltata;Verticale ed orizzontale;Sereno;Normale;Buona;;0;0;0;3;12.4196;41.8317;-1;2;Autovettura privata;In marcia / fermata / arresto;Conducente;M;Illeso;0;;Non accertato;Inesploso
5060921;15;16/09/2020 13:35:00;Strada Urbana;VIA DELLA MAGLIANA;all'intersezione con;VIA LUIGI DASTI;VIA LUIGI DASTI;;;Scontro frontale/laterale DX fra veicoli in marcia;Incrocio;Una carreggiata a doppio senso;Asciutto;Asfaltata;Verticale ed orizzontale;Sereno;Normale;Buona;;0;0;0;3;12.4196;41.8317;-1;2;Autovettura privata;In marcia / fermata / arresto;Passeggero;M;Illeso;0;;Non accertato;Inesploso
5061146;9;16/09/2020 18:30:00;Strada Urbana;PIAZZA RAGUSA;in prossimit�;;del civico n.;3;;Scontro laterale fra veicoli in marcia;Rotatoria;Una carreggiata a senso unico di marcia;Asciutto;Asfaltata;Verticale ed orizzontale;Sereno;Normale;Buona;;1;0;0;1;12.5232;41.8818;-1;1;Autovettura privata;In marcia / fermata / arresto;Conducente;M;Illeso;0;;Non accertato;Inesploso
5061146;9;16/09/2020 18:30:00;Strada Urbana;PIAZZA RAGUSA;in prossimit�;;del civico n.;3;;Scontro laterale fra veicoli in marcia;Rotatoria;Una carreggiata a senso unico di marcia;Asciutto;Asfaltata;Verticale ed orizzontale;Sereno;Normale;Buona;;1;0;0;1;12.5232;41.8818;-1;2;Motociclo a solo;In marcia / fermata / arresto;Conducente;M;Rimandato;0;NON DECEDUTO;Non accertato;
5061151;9;16/09/2020 19:10:00;Strada Urbana;VIA TUSCOLANA;in prossimit�;;del civico n.;432;;Scontro laterale fra veicoli in marcia;Rettilineo;Due carreggiate;Asciutto;Asfaltata;Verticale ed orizzontale;Sereno;Intenso;Buona;;0;0;0;4;12.534;41.8715;-1;1;Autocarro inferiore 35 q.;In marcia / fermata / arresto;Conducente;M;Illeso;0;;Non accertato;Inesploso
5061151;9;16/09/2020 19:10:00;Strada Urbana;VIA TUSCOLANA;in prossimit�;;del civico n.;432;;Scontro laterale fra veicoli in marcia;Rettilineo;Due carreggiate;Asciutto;Asfaltata;Verticale ed orizzontale;Sereno;Intenso;Buona;;0;0;0;4;12.534;41.8715;-1;2;Autovettura privata;In marcia / fermata / arresto;Conducente;M;Illeso;0;;Non accertato;Inesploso
5061151;9;16/09/2020 19:10:00;Strada Urbana;VIA TUSCOLANA;in prossimit�;;del civico n.;432;;Scontro laterale fra veicoli in marcia;Rettilineo;Due carreggiate;Asciutto;Asfaltata;Verticale ed orizzontale;Sereno;Intenso;Buona;;0;0;0;4;12.534;41.8715;-1;2;Autovettura privata;In marcia / fermata / arresto;Passeggero;F;Illeso;0;;Non accertato;Inesploso
5061151;9;16/09/2020 19:10:00;Strada Urbana;VIA TUSCOLANA;in prossimit�;;del civico n.;432;;Scontro laterale fra veicoli in marcia;Rettilineo;Due carreggiate;Asciutto;Asfaltata;Verticale ed orizzontale;Sereno;Intenso;Buona;;0;0;0;4;12.534;41.8715;-1;2;Autovettura privata;In marcia / fermata / arresto;Passeggero;F;Illeso;0;;Non accertato;Inesploso
5061156;8;16/09/2020 11:30:00;Strada Urbana;VIA DI TOR BELLA MONACA;in corrispondenza;;del civico n.;353;;Scontro laterale fra veicoli in marcia;Rettilineo;Una carreggiata a senso unico di marcia;Asciutto;Asfaltata;Orizzontale;Sereno;Normale;Buona;;2;0;0;2;12.6268;41.8776;-1;1;Autovettura privata;In marcia / fermata / arresto;Conducente;M;Ricoverato;0;NON DECEDUTO;Non accertato;
5061156;8;16/09/2020 11:30:00;Strada Urbana;VIA DI TOR BELLA MONACA;in corrispondenza;;del civico n.;353;;Scontro laterale fra veicoli in marcia;Rettilineo;Una carreggiata a senso unico di marcia;Asciutto;Asfaltata;Orizzontale;Sereno;Normale;Buona;;2;0;0;2;12.6268;41.8776;-1;2;Autovettura privata;In marcia / fermata / arresto;Conducente;M;Rifiuta cure immediate;0;NON DECEDUTO;;
5061156;8;16/09/2020 11:30:00;Strada Urbana;VIA DI TOR BELLA MONACA;in corrispondenza;;del civico n.;353;;Scontro laterale fra veicoli in marcia;Rettilineo;Una carreggiata a senso unico di marcia;Asciutto;Asfaltata;Orizzontale;Sereno;Normale;Buona;;2;0;0;2;12.6268;41.8776;-1;3;Autovettura privata;In marcia / fermata / arresto;Conducente;F;Illeso;0;;;
5061156;8;16/09/2020 11:30:00;Strada Urbana;VIA DI TOR BELLA MONACA;in corrispondenza;;del civico n.;353;;Scontro laterale fra veicoli in marcia;Rettilineo;Una carreggiata a senso unico di marcia;Asciutto;Asfaltata;Orizzontale;Sereno;Normale;Buona;;2;0;0;2;12.6268;41.8776;-1;4;Autovettura privata;In marcia / fermata / arresto;Conducente;M;Illeso;0;;;
5061159;8;16/09/2020 10:20:00;Strada Urbana;VIA SICULIANA;all'intersezione con;VIA VILLABATE;VIA VILLABATE;;;Scontro laterale fra veicoli in marcia;Intersezione stradale segnalata;Una carreggiata a doppio senso;Asciutto;Asfaltata;Verticale ed orizzontale;Sereno;Normale;Buona;;1;0;0;2;12.6537;41.8716;-1;1;Autovettura privata;In marcia / fermata / arresto;Conducente;M;Illeso;0;;;
5061159;8;16/09/2020 10:20:00;Strada Urbana;VIA SICULIANA;all'intersezione con;VIA VILLABATE;VIA VILLABATE;;;Scontro laterale fra veicoli in marcia;Intersezione stradale segnalata;Una carreggiata a doppio senso;Asciutto;Asfaltata;Verticale ed orizzontale;Sereno;Normale;Buona;;1;0;0;2;12.6537;41.8716;-1;2;Autovettura privata;In marcia / fermata / arresto;Conducente;M;Illeso;0;;;
5061159;8;16/09/2020 10:20:00;Strada Urbana;VIA SICULIANA;all'intersezione con;VIA VILLABATE;VIA VILLABATE;;;Scontro laterale fra veicoli in marcia;Intersezione stradale segnalata;Una carreggiata a doppio senso;Asciutto;Asfaltata;Verticale ed orizzontale;Sereno;Normale;Buona;;1;0;0;2;12.6537;41.8716;-1;2;Autovettura privata;In marcia / fermata / arresto;Passeggero;F;Rifiuta cure immediate;0;NON DECEDUTO;;
5061160;8;16/09/2020 08:40:00;Strada Urbana;VIA CASILINA;in corrispondenza;;del civico n.;1670;;Scontro laterale fra veicoli in marcia;Rettilineo;Una carreggiata a doppio senso;Asciutto;Asfaltata;Verticale ed orizzontale;Sereno;Intenso;Buona;;0;0;0;2;12.6464;41.8624;-1;1;Autovettura privata;In marcia / fermata / arresto;Conducente;F;Illeso;0;;Non accertato;Inesploso
5061160;8;16/09/2020 08:40:00;Strada Urbana;VIA CASILINA;in corrispondenza;;del civico n.;1670;;Scontro laterale fra veicoli in marcia;Rettilineo;Una carreggiata a doppio senso;Asciutto;Asfaltata;Verticale ed orizzontale;Sereno;Intenso;Buona;;0;0;0;2;12.6464;41.8624;-1;2;Autocarro superiore 35 q.;In marcia / fermata / arresto;Conducente;M;Illeso;0;;Non accertato;Inesploso
5061161;8;16/09/2020 14:00:00;Strada Urbana;VIA PRENESTINA;da specificare;;;;fronte civico 1141;Tamponamento Multiplo;Rettilineo;Una carreggiata a doppio senso;Asciutto;Asfaltata;Verticale ed orizzontale;Sereno;Intenso;Buona;;2;0;0;1;12.6155;41.8933;-1;1;Autovettura privata;In marcia / fermata / arresto;Conducente;M;Rifiuta cure immediate;0;NON DECEDUTO;;
5061161;8;16/09/2020 14:00:00;Strada Urbana;VIA PRENESTINA;da specificare;;;;fronte civico 1141;Tamponamento Multiplo;Rettilineo;Una carreggiata a doppio senso;Asciutto;Asfaltata;Verticale ed orizzontale;Sereno;Intenso;Buona;;2;0;0;1;12.6155;41.8933;-1;2;Autovettura privata;In marcia / fermata / arresto;Conducente;M;Illeso;0;;;
5061161;8;16/09/2020 14:00:00;Strada Urbana;VIA PRENESTINA;da specificare;;;;fronte civico 1141;Tamponamento Multiplo;Rettilineo;Una carreggiata a doppio senso;Asciutto;Asfaltata;Verticale ed orizzontale;Sereno;Intenso;Buona;;2;0;0;1;12.6155;41.8933;-1;3;Autovettura privata;In marcia / fermata / arresto;Conducente;M;Rifiuta cure immediate;0;NON DECEDUTO;;
5061161;8;16/09/2020 14:00:00;Strada Urbana;VIA PRENESTINA;da specificare;;;;fronte civico 1141;Tamponamento Multiplo;Rettilineo;Una carreggiata a doppio senso;Asciutto;Asfaltata;Verticale ed orizzontale;Sereno;Intenso;Buona;;2;0;0;1;12.6155;41.8933;-1;4;Autovettura privata;In marcia / fermata / arresto;;;;;;;
5061164;8;16/09/2020 19:50:00;Strada Urbana;VIA CASILINA;da specificare;;;;fr. civ. 1776;Tamponamento Multiplo;Rettilineo;Una carreggiata a doppio senso;Asciutto;Asfaltata;Orizzontale;Sereno;Intenso;Buona;;0;0;0;3;12.6212;41.8626;-1;1;Autovettura privata;In marcia / fermata / arresto;Conducente;M;Illeso;0;;;
5061164;8;16/09/2020 19:50:00;Strada Urbana;VIA CASILINA;da specificare;;;;fr. civ. 1776;Tamponamento Multiplo;Rettilineo;Una carreggiata a doppio senso;Asciutto;Asfaltata;Orizzontale;Sereno;Intenso;Buona;;0;0;0;3;12.6212;41.8626;-1;2;Autovettura privata;In marcia / fermata / arresto;Conducente;F;Illeso;0;;;
5061164;8;16/09/2020 19:50:00;Strada Urbana;VIA CASILINA;da specificare;;;;fr. civ. 1776;Tamponamento Multiplo;Rettilineo;Una carreggiata a doppio senso;Asciutto;Asfaltata;Orizzontale;Sereno;Intenso;Buona;;0;0;0;3;12.6212;41.8626;-1;3;Autovettura privata;In marcia / fermata / arresto;Conducente;M;Illeso;0;;;
5061165;8;16/09/2020 18:40:00;Strada Urbana;VIA POLENSE;all'intersezione con;VIA TIVOLESE;VIA TIVOLESE;;;Scontro frontale/laterale SX fra veicoli in marcia;Intersezione stradale segnalata;Una carreggiata a doppio senso;Asciutto;Asfaltata;Verticale ed orizzontale;Nuvoloso;Normale;Buona;;2;0;0;0;12.7544;41.9273;-1;1;Autovettura privata;In marcia / fermata / arresto;Conducente;M;Rimandato;0;NON DECEDUTO;Non accertato;Inesploso
5061165;8;16/09/2020 18:40:00;Strada Urbana;VIA POLENSE;all'intersezione con;VIA TIVOLESE;VIA TIVOLESE;;;Scontro frontale/laterale SX fra veicoli in marcia;Intersezione stradale segnalata;Una carreggiata a doppio senso;Asciutto;Asfaltata;Verticale ed orizzontale;Nuvoloso;Normale;Buona;;2;0;0;0;12.7544;41.9273;-1;2;Autovettura privata;In marcia / fermata / arresto;Conducente;M;Rimandato;0;NON DECEDUTO;Non accertato;Inesploso
5061277;10;16/09/2020 21:40:00;Strada Urbana;VIA TUSCOLANA;in corrispondenza;;del civico n.;1157;;Tamponamento;Rettilineo;Una carreggiata a senso unico di marcia;Asciutto;Asfaltata;Verticale ed orizzontale;Sereno;Scarso;Sufficiente;;0;0;0;3;12.5869;41.841;-1;1;Autovettura privata;In marcia / fermata / arresto;Conducente;M;Illeso;0;;Non accertato;Inesploso
5061277;10;16/09/2020 21:40:00;Strada Urbana;VIA TUSCOLANA;in corrispondenza;;del civico n.;1157;;Tamponamento;Rettilineo;Una carreggiata a senso unico di marcia;Asciutto;Asfaltata;Verticale ed orizzontale;Sereno;Scarso;Sufficiente;;0;0;0;3;12.5869;41.841;-1;1;Autovettura privata;In marcia / fermata / arresto;Passeggero;M;Illeso;0;;Non accertato;Inesploso
5061277;10;16/09/2020 21:40:00;Strada Urbana;VIA TUSCOLANA;in corrispondenza;;del civico n.;1157;;Tamponamento;Rettilineo;Una carreggiata a senso unico di marcia;Asciutto;Asfaltata;Verticale ed orizzontale;Sereno;Scarso;Sufficiente;;0;0;0;3;12.5869;41.841;-1;2;Autovettura privata;In marcia / fermata / arresto;Conducente;M;Illeso;0;;Non accertato;Inesploso
5061290;15;17/09/2020 03:30:00;Strada Urbana;VIA LUIGI ANGELONI;da specificare;;;;prossimit� Via PIERO COLONNA;Veicolo in marcia contro veicoli in sosta;Rettilineo;Una carreggiata a senso unico di marcia;Asciutto;Asfaltata;Orizzontale;Sereno;Scarso;Buona;;0;0;0;0;12.45;41.8548;-1;1;Autovettura privata;In marcia / fermata / arresto;;;;;;;
5061290;15;17/09/2020 03:30:00;Strada Urbana;VIA LUIGI ANGELONI;da specificare;;;;prossimit� Via PIERO COLONNA;Veicolo in marcia contro veicoli in sosta;Rettilineo;Una carreggiata a senso unico di marcia;Asciutto;Asfaltata;Orizzontale;Sereno;Scarso;Buona;;0;0;0;0;12.45;41.8548;-1;2;Autovettura privata;Sosta;;;;;;;
5061290;15;17/09/2020 03:30:00;Strada Urbana;VIA LUIGI ANGELONI;da specificare;;;;prossimit� Via PIERO COLONNA;Veicolo in marcia contro veicoli in sosta;Rettilineo;Una carreggiata a senso unico di marcia;Asciutto;Asfaltata;Orizzontale;Sereno;Scarso;Buona;;0;0;0;0;12.45;41.8548;-1;3;Autovettura privata;Sosta;;;;;;;
5061290;15;17/09/2020 03:30:00;Strada Urbana;VIA LUIGI ANGELONI;da specificare;;;;prossimit� Via PIERO COLONNA;Veicolo in marcia contro veicoli in sosta;Rettilineo;Una carreggiata a senso unico di marcia;Asciutto;Asfaltata;Orizzontale;Sereno;Scarso;Buona;;0;0;0;0;12.45;41.8548;-1;4;Autovettura privata;Sosta;;;;;;;
5061290;15;17/09/2020 03:30:00;Strada Urbana;VIA LUIGI ANGELONI;da specificare;;;;prossimit� Via PIERO COLONNA;Veicolo in marcia contro veicoli in sosta;Rettilineo;Una carreggiata a senso unico di marcia;Asciutto;Asfaltata;Orizzontale;Sereno;Scarso;Buona;;0;0;0;0;12.45;41.8548;-1;5;Autovettura privata;Sosta;;;;;;;
5061292;18;16/09/2020 14:15:00;Statale;VIA AURELIA;da specificare;;;;KM 18.300 DIR. CIVITAVECCHIA;Veicolo in marcia contro veicolo fermo;Rettilineo;Due carreggiate;Asciutto;Asfaltata;Verticale ed orizzontale;Sereno;Normale;Buona;;1;0;0;1;12.3092;41.8874;-1;1;Velocipede;In marcia / fermata / arresto;Conducente;M;Rimandato;0;NON DECEDUTO;Esente;
5061292;18;16/09/2020 14:15:00;Statale;VIA AURELIA;da specificare;;;;KM 18.300 DIR. CIVITAVECCHIA;Veicolo in marcia contro veicolo fermo;Rettilineo;Due carreggiate;Asciutto;Asfaltata;Verticale ed orizzontale;Sereno;Normale;Buona;;1;0;0;1;12.3092;41.8874;-1;2;Autovettura privata;In marcia / fermata / arresto;Conducente;F;Illeso;0;;;
5061335;12;16/09/2020 20:50:00;Strada Urbana;VIA OSTIENSE;all'intersezione semaforizzata con;VIA DELL'IPPICA;VIA DELL'IPPICA;;;Scontro frontale/laterale SX fra veicoli in marcia;Intersezione semaforizzata;Una carreggiata a doppio senso;Asciutto;Asfaltata;Verticale ed orizzontale;Sereno;Normale;Insufficiente;;1;0;0;2;12.4364;41.8199;-1;1;Autovettura privata;In marcia / fermata / arresto;Conducente;M;Illeso;0;;Non accertato;Esploso
5061335;12;16/09/2020 20:50:00;Strada Urbana;VIA OSTIENSE;all'intersezione semaforizzata con;VIA DELL'IPPICA;VIA DELL'IPPICA;;;Scontro frontale/laterale SX fra veicoli in marcia;Intersezione semaforizzata;Una carreggiata a doppio senso;Asciutto;Asfaltata;Verticale ed orizzontale;Sereno;Normale;Insufficiente;;1;0;0;2;12.4364;41.8199;-1;1;Autovettura privata;In marcia / fermata / arresto;Passeggero;F;Rimandato;0;NON DECEDUTO;Utilizzato;Esploso
5061335;12;16/09/2020 20:50:00;Strada Urbana;VIA OSTIENSE;all'intersezione semaforizzata con;VIA DELL'IPPICA;VIA DELL'IPPICA;;;Scontro frontale/laterale SX fra veicoli in marcia;Intersezione semaforizzata;Una carreggiata a doppio senso;Asciutto;Asfaltata;Verticale ed orizzontale;Sereno;Normale;Insufficiente;;1;0;0;2;12.4364;41.8199;-1;2;Autovettura privata;In marcia / fermata / arresto;Conducente;M;Illeso;0;;Non accertato;Esploso
5061352;18;16/09/2020 18:30:00;Strada Urbana;VIA NOSTRA SIGNORA DI LOURDES;all'intersezione semaforizzata con;VIA ANDREA ALCIATO;VIA ANDREA ALCIATO;;;Investimento di pedone;Intersezione semaforizzata;Una carreggiata a doppio senso;Asciutto;Asfaltata;Verticale;Sereno;Normale;Buona;;2;0;0;0;12.4274;41.9037;-1;;;;Pedone;M;Rimandato;0;NON DECEDUTO;;
5061352;18;16/09/2020 18:30:00;Strada Urbana;VIA NOSTRA SIGNORA DI LOURDES;all'intersezione semaforizzata con;VIA ANDREA ALCIATO;VIA ANDREA ALCIATO;;;Investimento di pedone;Intersezione semaforizzata;Una carreggiata a doppio senso;Asciutto;Asfaltata;Verticale;Sereno;Normale;Buona;;2;0;0;0;12.4274;41.9037;-1;1;Motociclo a solo;In marcia / fermata / arresto;Conducente;M;Rifiuta cure immediate;0;NON DECEDUTO;Non accertato;
5061352;18;16/09/2020 18:30:00;Strada Urbana;VIA NOSTRA SIGNORA DI LOURDES;all'intersezione semaforizzata con;VIA ANDREA ALCIATO;VIA ANDREA ALCIATO;;;Investimento di pedone;Intersezione semaforizzata;Una carreggiata a doppio senso;Asciutto;Asfaltata;Verticale;Sereno;Normale;Buona;;2;0;0;0;12.4274;41.9037;-1;2;Autovettura privata;Sosta;;;;;;;
5061357;6;17/09/2020 07:10:00;Statale entro l'abitato;VIA CASILINA;in corrispondenza;;del civico n.;777;;Scontro laterale fra veicoli in marcia;Rettilineo;Due carreggiate;Asciutto;Asfaltata;Orizzontale;Sereno;Intenso;Buona;;1;0;0;1;12.5582;41.8755;-1;1;Autovettura privata;In marcia / fermata / arresto;Conducente;M;Illeso;0;;Non accertato;Inesploso
5061357;6;17/09/2020 07:10:00;Statale entro l'abitato;VIA CASILINA;in corrispondenza;;del civico n.;777;;Scontro laterale fra veicoli in marcia;Rettilineo;Due carreggiate;Asciutto;Asfaltata;Orizzontale;Sereno;Intenso;Buona;;1;0;0;1;12.5582;41.8755;-1;2;Velocipede;In marcia / fermata / arresto;Conducente;M;Rimandato;0;NON DECEDUTO;Esente;
5061383;1;17/09/2020 00:50:00;Strada Urbana;VIA MERULANA;all'intersezione con;VIA BUONARROTI;VIA BUONARROTI;;;Scontro laterale fra veicoli in marcia;Incrocio;Una carreggiata a doppio senso;Asciutto;Asfaltata;Verticale ed orizzontale;Nuvoloso;Normale;Buona;;0;0;0;2;12.5016;41.8927;-1;1;Autovettura privata;In marcia / fermata / arresto;Conducente;M;Illeso;0;;Non accertato;Inesploso
5061383;1;17/09/2020 00:50:00;Strada Urbana;VIA MERULANA;all'intersezione con;VIA BUONARROTI;VIA BUONARROTI;;;Scontro laterale fra veicoli in marcia;Incrocio;Una carreggiata a doppio senso;Asciutto;Asfaltata;Verticale ed orizzontale;Nuvoloso;Normale;Buona;;0;0;0;2;12.5016;41.8927;-1;2;Autovettura privata;In marcia / fermata / arresto;Conducente;M;Illeso;0;;Non accertato;Inesploso
5061383;1;17/09/2020 00:50:00;Strada Urbana;VIA MERULANA;all'intersezione con;VIA BUONARROTI;VIA BUONARROTI;;;Scontro laterale fra veicoli in marcia;Incrocio;Una carreggiata a doppio senso;Asciutto;Asfaltata;Verticale ed orizzontale;Nuvoloso;Normale;Buona;;0;0;0;2;12.5016;41.8927;-1;3;Monopattino elettrico;Sosta;;;;;;;