Protocollo;Gruppo;DataOraIncidente;Localizzazione1;STRADA1;Localizzazione2;STRADA2;Strada02;Chilometrica;DaSpecificare;NaturaIncidente;particolaritastrade;TipoStrada;FondoStradale;Pavimentazione;Segnaletica;CondizioneAtmosferica;Traffico;Visibilita;Illuminazione;NUM_FERITI;NUM_RISERVATA;NUM_MORTI;NUM_ILLESI;Longitudine;Latitudine;Confermato;Progressivo;TipoVeicolo;StatoVeicolo;TipoPersona;Sesso;Tipolesione;Deceduto;DecedutoDopo;CinturaCascoUtilizzato;Airbag;
5061383;1;17/09/2020 00:50:00;Strada Urbana;VIA MERULANA;all'intersezione con;VIA BUONARROTI;VIA BUONARROTI;;;Scontro laterale fra veicoli in marcia;Incrocio;Una carreggiata a doppio senso;Asciutto;Asfaltata;Verticale ed orizzontale;Nuvoloso;Normale;Buona;;0;0;0;2;12.5016;41.8927;-1;4;Monopattino elettrico;Sosta;;;;;;;
5061386;20;16/09/2020 18:00:00;Strada Urbana;VIA FLAMINIA NUOVA;in corrispondenza;;del civico n.;280;;Tamponamento Multiplo;Curva a visuale libera;Una carreggiata a doppio senso;Asciutto;Asfaltata;Verticale ed orizzontale;Nuvoloso;Intenso;Buona;;0;0;0;3;12.4739;41.9527;-1;1;Autovettura privata;In marcia / fermata / arresto;Conducente;F;Illeso;0;;Non accertato;Inesploso
5061386;20;16/09/2020 18:00:00;Strada Urbana;VIA FLAMINIA NUOVA;in corrispondenza;;del civico n.;280;;Tamponamento Multiplo;Curva a visuale libera;Una carreggiata a doppio senso;Asciutto;Asfaltata;Verticale ed orizzontale;Nuvoloso;Intenso;Buona;;0;0;0;3;12.4739;41.9527;-1;2;Autovettura privata;In marcia / fermata / arresto;Conducente;M;Illeso;0;;Non accertato;Inesploso
5061386;20;16/09/2020 18:00:00;Strada Urbana;VIA FLAMINIA NUOVA;in corrispondenza;;del civico n.;280;;Tamponamento Multiplo;Curva a visuale libera;Una carreggiata a doppio senso;Asciutto;Asfaltata;Verticale ed orizzontale;Nuvoloso;Intenso;Buona;;0;0;0;3;12.4739;41.9527;-1;3;Autovettura privata;In marcia / fermata / arresto;Conducente;M;Illeso;0;;Non accertato;Inesploso
5061430;19;16/09/2020 09:30:00;Strada Urbana;VIA PIEVE DI CADORE;in prossimit�;;del civico n.;49;;Tamponamento;Rettilineo;Una carreggiata a senso unico di marcia;Asciutto;Asfaltata;Verticale ed orizzontale;Sereno;Scarso;Buona;;1;0;0;2;12.4336;41.9378;-1;1;Autovettura privata;In marcia / fermata / arresto;Conducente;M;Illeso;0;;Non accertato;Inesploso
5061430;19;16/09/2020 09:30:00;Strada Urbana;VIA PIEVE DI CADORE;in prossimit�;;del civico n.;49;;Tamponamento;Rettilineo;Una carreggiata a senso unico di marcia;Asciutto;Asfaltata;Verticale ed orizzontale;Sereno;Scarso;Buona;;1;0;0;2;12.4336;41.9378;-1;1;Autovettura privata;In marcia / fermata / arresto;Passeggero;F;Illeso;0;;Non accertato;Inesploso
5061430;19;16/09/2020 09:30:00;Strada Urbana;VIA PIEVE DI CADORE;in prossimit�;;del civico n.;49;;Tamponamento;Rettilineo;Una carreggiata a senso unico di marcia;Asciutto;Asfaltata;Verticale ed orizzontale;Sereno;Scarso;Buona;;1;0;0;2;12.4336;41.9378;-1;2;Motociclo a solo;In marcia / fermata / arresto;Conducente;M;Rimandato;0;NON DECEDUTO;Non accertato;
5061459;7;16/09/2020 15:06:00;Strada Urbana;VIA COLLATINA;all'intersezione con;VIALE GIORGIO DE CHIRICO;VIALE GIORGIO DE CHIRICO;;;Scontro frontale fra veicoli in marcia;Incrocio;Una carreggiata a doppio senso;Asciutto;Asfaltata;Verticale ed orizzontale;Sereno;Normale;Buona;;1;0;0;1;12.5849;41.9035;-1;1;Autovettura privata;In marcia / fermata / arresto;Conducente;M;Rimandato;0;NON DECEDUTO;Non accertato;Inesistente
5061459;7;16/09/2020 15:06:00;Strada Urbana;VIA COLLATINA;all'intersezione con;VIALE GIORGIO DE CHIRICO;VIALE GIORGIO DE CHIRICO;;;Scontro frontale fra veicoli in marcia;Incrocio;Una carreggiata a doppio senso;Asciutto;Asfaltata;Verticale ed orizzontale;Sereno;Normale;Buona;;1;0;0;1;12.5849;41.9035;-1;2;Autovettura privata;In marcia / fermata / arresto;Conducente;M;Illeso;0;;;
5061460;16;16/09/2020 06:35:00;Strada Urbana;CIRCONVALLAZIONE GIANICOLENSE;in prossimit�;;del civico n.;143/D;;Veicolo in marcia contro veicoli in sosta;Rettilineo;Pi� di due carreggiate;Asciutto;Asfaltata;Verticale ed orizzontale;Sereno;Scarso;Buona;;1;0;0;0;12.4478;41.8734;-1;1;Autovettura privata;In marcia / fermata / arresto;Conducente;M;Rimandato;0;NON DECEDUTO;Non accertato;
5061460;16;16/09/2020 06:35:00;Strada Urbana;CIRCONVALLAZIONE GIANICOLENSE;in prossimit�;;del civico n.;143/D;;Veicolo in marcia contro veicoli in sosta;Rettilineo;Pi� di due carreggiate;Asciutto;Asfaltata;Verticale ed orizzontale;Sereno;Scarso;Buona;;1;0;0;0;12.4478;41.8734;-1;2;Autovettura privata;Sosta;;;;;;;
5061460;16;16/09/2020 06:35:00;Strada Urbana;CIRCONVALLAZIONE GIANICOLENSE;in prossimit�;;del civico n.;143/D;;Veicolo in marcia contro veicoli in sosta;Rettilineo;Pi� di due carreggiate;Asciutto;Asfaltata;Verticale ed orizzontale;Sereno;Scarso;Buona;;1;0;0;0;12.4478;41.8734;-1;3;Autovettura privata;Sosta;;;;;;;
5061460;16;16/09/2020 06:35:00;Strada Urbana;CIRCONVALLAZIONE GIANICOLENSE;in prossimit�;;del civico n.;143/D;;Veicolo in marcia contro veicoli in sosta;Rettilineo;Pi� di due carreggiate;Asciutto;Asfaltata;Verticale ed orizzontale;Sereno;Scarso;Buona;;1;0;0;0;12.4478;41.8734;-1;4;Autovettura privata;Sosta;;;;;;;
5061460;16;16/09/2020 06:35:00;Strada Urbana;CIRCONVALLAZIONE GIANICOLENSE;in prossimit�;;del civico n.;143/D;;Veicolo in marcia contro veicoli in sosta;Rettilineo;Pi� di due carreggiate;Asciutto;Asfaltata;Verticale ed orizzontale;Sereno;Scarso;Buona;;1;0;0;0;12.4478;41.8734;-1;5;Autovettura privata;Sosta;;;;;;;
5061463;18;16/09/2020 18:00:00;Strada Urbana;VIA BALDO DEGLI UBALDI;in corrispondenza;;del civico n.;378;;Veicolo in marcia contro ostacolo fisso;Curva senza visuale libera;Due carreggiate;Asciutto;Asfaltata;Verticale ed orizzontale;Sereno;Normale;Buona;;1;0;0;0;12.441;41.9023;-1;1;Motociclo a solo;In marcia / fermata / arresto;Conducente;M;Rimandato;0;NON DECEDUTO;;
5061471;19;16/09/2020 12:20:00;Strada Urbana;VIA CARLO LIVI;all'intersezione con;VIA ANDREA VERGA;VIA ANDREA VERGA;;;Scontro frontale/laterale SX fra veicoli in marcia;Incrocio;Una carreggiata a senso unico di marcia;Asciutto;Asfaltata;Verticale ed orizzontale;Sereno;Scarso;Buona;;0;0;0;3;12.4186;41.9359;-1;1;Autovettura privata;In marcia / fermata / arresto;Conducente;F;Illeso;0;;Non accertato;Inesploso
5061471;19;16/09/2020 12:20:00;Strada Urbana;VIA CARLO LIVI;all'intersezione con;VIA ANDREA VERGA;VIA ANDREA VERGA;;;Scontro frontale/laterale SX fra veicoli in marcia;Incrocio;Una carreggiata a senso unico di marcia;Asciutto;Asfaltata;Verticale ed orizzontale;Sereno;Scarso;Buona;;0;0;0;3;12.4186;41.9359;-1;1;Autovettura privata;In marcia / fermata / arresto;Passeggero;F;Illeso;0;;Non accertato;Inesploso
5061471;19;16/09/2020 12:20:00;Strada Urbana;VIA CARLO LIVI;all'intersezione con;VIA ANDREA VERGA;VIA ANDREA VERGA;;;Scontro frontale/laterale SX fra veicoli in marcia;Incrocio;Una carreggiata a senso unico di marcia;Asciutto;Asfaltata;Verticale ed orizzontale;Sereno;Scarso;Buona;;0;0;0;3;12.4186;41.9359;-1;2;Autovettura privata;In marcia / fermata / arresto;Conducente;M;Illeso;0;;Non accertato;Inesploso
5061482;5;16/09/2020 07:30:00;Strada Urbana;VIA RUBELLIA;in corrispondenza;;del civico n.;33;;Scontro laterale fra veicoli in marcia;Curva a visuale libera;Una carreggiata a senso unico di marcia;Asciutto;Asfaltata;Verticale ed orizzontale;Sereno;Normale;Buona;;0;0;0;2;12.6231;41.94;-1;1;Autovettura privata;In marcia / fermata / arresto;Conducente;M;Illeso;0;;;
5061482;5;16/09/2020 07:30:00;Strada Urbana;VIA RUBELLIA;in corrispondenza;;del civico n.;33;;Scontro laterale fra veicoli in marcia;Curva a visuale libera;Una carreggiata a senso unico di marcia;Asciutto;Asfaltata;Verticale ed orizzontale;Sereno;Normale;Buona;;0;0;0;2;12.6231;41.94;-1;2;Autobus di linea;In marcia / fermata / arresto;Conducente;M;Illeso;0;;;
5061490;12;16/09/2020 22:30:00;Provinciale entro l'abitato;VIA LAURENTINA;da specificare;;;;dir. Roma ALT. rotatoria V.G.Gutemberg;Veicolo in marcia contro ostacolo fisso;Rotatoria;Due carreggiate;Asciutto;Asfaltata;Verticale ed orizzontale;Sereno;Scarso;Insufficiente;;0;0;0;2;12.4868;41.7714;-1;1;Autovettura privata;In marcia / fermata / arresto;Conducente;M;Illeso;0;;;
5061490;12;16/09/2020 22:30:00;Provinciale entro l'abitato;VIA LAURENTINA;da specificare;;;;dir. Roma ALT. rotatoria V.G.Gutemberg;Veicolo in marcia contro ostacolo fisso;Rotatoria;Due carreggiate;Asciutto;Asfaltata;Verticale ed orizzontale;Sereno;Scarso;Insufficiente;;0;0;0;2;12.4868;41.7714;-1;1;Autovettura privata;In marcia / fermata / arresto;Passeggero;F;Illeso;0;;;
5061492;5;16/09/2020 08:00:00;Strada Urbana;VIA DEI RADAR;in prossimit�;;del palo luce n.;20;;Scontro frontale fra veicoli in marcia;Curva senza visuale libera;Una carreggiata a doppio senso;Asciutto;Asfaltata;Verticale ed orizzontale;Sereno;Scarso;Buona;;0;0;0;2;12.6119;41.9369;-1;1;Autovettura privata;In marcia / fermata / arresto;Conducente;M;Illeso;0;;Non accertato;Inesploso
5061492;5;16/09/2020 08:00:00;Strada Urbana;VIA DEI RADAR;in prossimit�;;del palo luce n.;20;;Scontro frontale fra veicoli in marcia;Curva senza visuale libera;Una carreggiata a doppio senso;Asciutto;Asfaltata;Verticale ed orizzontale;Sereno;Scarso;Buona;;0;0;0;2;12.6119;41.9369;-1;2;Autocarro inferiore 35 q.;In marcia / fermata / arresto;Conducente;M;Illeso;0;;Non accertato;Inesploso
5061496;19;16/09/2020 14:30:00;Strada Urbana;VIA IPOGEO DEGLI OTTAVI;in prossimit�;;del civico n.;f.c. 54;;Tamponamento Multiplo;Rettilineo;Una carreggiata a doppio senso;Asciutto;Asfaltata;Verticale;Sereno;Scarso;Buona;;0;0;0;3;12.4035;41.9656;-1;1;Autovettura privata;In marcia / fermata / arresto;Conducente;F;Illeso;0;;;Inesploso
5061496;19;16/09/2020 14:30:00;Strada Urbana;VIA IPOGEO DEGLI OTTAVI;in prossimit�;;del civico n.;f.c. 54;;Tamponamento Multiplo;Rettilineo;Una carreggiata a doppio senso;Asciutto;Asfaltata;Verticale;Sereno;Scarso;Buona;;0;0;0;3;12.4035;41.9656;-1;2;Autovettura privata;In marcia / fermata / arresto;Conducente;M;Illeso;0;;;Inesploso
5061496;19;16/09/2020 14:30:00;Strada Urbana;VIA IPOGEO DEGLI OTTAVI;in prossimit�;;del civico n.;f.c. 54;;Tamponamento Multiplo;Rettilineo;Una carreggiata a doppio senso;Asciutto;Asfaltata;Verticale;Sereno;Scarso;Buona;;0;0;0;3;12.4035;41.9656;-1;3;Autovettura privata;In marcia / fermata / arresto;Conducente;M;Illeso;0;;;Inesploso
5061507;5;16/09/2020 08:45:00;Strada Urbana;VIA RECANATI;all'intersezione con;VIA LORETO;VIA LORETO;;;Scontro frontale/laterale SX fra veicoli in marcia;Incrocio;Due carreggiate;Asciutto;Asfaltata;Verticale ed orizzontale;Sereno;Intenso;Buona;;1;0;0;2;12.5846;41.939;-1;1;Autovettura privata;In marcia / fermata / arresto;Conducente;M;Illeso;0;;Non accertato;Inesploso
5061507;5;16/09/2020 08:45:00;Strada Urbana;VIA RECANATI;all'intersezione con;VIA LORETO;VIA LORETO;;;Scontro frontale/laterale SX fra veicoli in marcia;Incrocio;Due carreggiate;Asciutto;Asfaltata;Verticale ed orizzontale;Sereno;Intenso;Buona;;1;0;0;2;12.5846;41.939;-1;2;Autovettura privata;In marcia / fermata / arresto;Conducente;M;Illeso;0;;;
5061507;5;16/09/2020 08:45:00;Strada Urbana;VIA RECANATI;all'intersezione con;VIA LORETO;VIA LORETO;;;Scontro frontale/laterale SX fra veicoli in marcia;Incrocio;Due carreggiate;Asciutto;Asfaltata;Verticale ed orizzontale;Sereno;Intenso;Buona;;1;0;0;2;12.5846;41.939;-1;2;Autovettura privata;In marcia / fermata / arresto;Passeggero;F;Rimandato;0;NON DECEDUTO;Non accertato;Inesploso
5061507;5;16/09/2020 08:45:00;Strada Urbana;VIA RECANATI;all'intersezione con;VIA LORETO;VIA LORETO;;;Scontro frontale/laterale SX fra veicoli in marcia;Incrocio;Due carreggiate;Asciutto;Asfaltata;Verticale ed orizzontale;Sereno;Intenso;Buona;;1;0;0;2;12.5846;41.939;-1;3;Autovettura privata;Allontanatosi;;;;;;;
5061515;4;16/09/2020 11:40:00;Strada Urbana;VIA VAL SENIO;all'intersezione con;VIA VALLE DI CORIO;VIA VALLE DI CORIO;;;Scontro frontale/laterale SX fra veicoli in marcia;Intersezione stradale segnalata;Una carreggiata a senso unico di marcia;Asciutto;Asfaltata;Verticale ed orizzontale;Sereno;Normale;Buona;;0;0;0;2;12.5273;41.9402;-1;1;Autovettura privata;In marcia / fermata / arresto;Conducente;F;Illeso;0;;;
5061515;4;16/09/2020 11:40:00;Strada Urbana;VIA VAL SENIO;all'intersezione con;VIA VALLE DI CORIO;VIA VALLE DI CORIO;;;Scontro frontale/laterale SX fra veicoli in marcia;Intersezione stradale segnalata;Una carreggiata a senso unico di marcia;Asciutto;Asfaltata;Verticale ed orizzontale;Sereno;Normale;Buona;;0;0;0;2;12.5273;41.9402;-1;2;Autovettura privata;In marcia / fermata / arresto;Conducente;M;Illeso;0;;;
5061521;19;16/09/2020 19:30:00;Strada Urbana;VIA SANGEMINI;in corrispondenza;;del civico n.;100;;Veicolo in marcia contro veicolo in sosta;Rettilineo;Una carreggiata a doppio senso;Asciutto;Asfaltata;Verticale;Sereno;Normale;Buona;;0;0;0;2;12.4396;41.9348;-1;1;Autovettura privata;Sosta;Passeggero;M;Illeso;0;;;
5061521;19;16/09/2020 19:30:00;Strada Urbana;VIA SANGEMINI;in corrispondenza;;del civico n.;100;;Veicolo in marcia contro veicolo in sosta;Rettilineo;Una carreggiata a doppio senso;Asciutto;Asfaltata;Verticale;Sereno;Normale;Buona;;0;0;0;2;12.4396;41.9348;-1;2;Autovettura privata;In marcia / fermata / arresto;Conducente;M;Illeso;0;;;Inesploso
5061525;13;16/09/2020 01:30:00;Strada Urbana;VIA MEZZOCORONA;in corrispondenza;;del civico n.;25;;Veicolo in marcia contro veicoli in sosta;Rettilineo;Una carreggiata a doppio senso;Asciutto;Asfaltata;Assente;Sereno;Normale;Sufficiente;;0;0;0;1;;;0;1;Autovettura privata;Sosta;;;;;;;
5061525;13;16/09/2020 01:30:00;Strada Urbana;VIA MEZZOCORONA;in corrispondenza;;del civico n.;25;;Veicolo in marcia contro veicoli in sosta;Rettilineo;Una carreggiata a doppio senso;Asciutto;Asfaltata;Assente;Sereno;Normale;Sufficiente;;0;0;0;1;;;0;2;Autovettura privata;Sosta;;;;;;;
5061525;13;16/09/2020 01:30:00;Strada Urbana;VIA MEZZOCORONA;in corrispondenza;;del civico n.;25;;Veicolo in marcia contro veicoli in sosta;Rettilineo;Una carreggiata a doppio senso;Asciutto;Asfaltata;Assente;Sereno;Normale;Sufficiente;;0;0;0;1;;;0;3;Autovettura privata;Sosta;;;;;;;
5061525;13;16/09/2020 01:30:00;Strada Urbana;VIA MEZZOCORONA;in corrispondenza;;del civico n.;25;;Veicolo in marcia contro veicoli in sosta;Rettilineo;Una carreggiata a doppio senso;Asciutto;Asfaltata;Assente;Sereno;Normale;Sufficiente;;0;0;0;1;;;0;4;Autovettura privata;In marcia / fermata / arresto;Conducente;F;Illeso;0;;Non accertato;
5061537;5;16/09/2020 09:10:00;Strada Urbana;PIAZZALE GIOVANNI SPADOLINI;da specificare;;;;via beniamino andreatta altezza civico 31;Scontro frontale/laterale SX fra veicoli in marcia;Rettilineo;Una carreggiata a doppio senso;Asciutto;Asfaltata;Verticale ed orizzontale;Sereno;Normale;Buona;;0;0;0;2;12.5331;41.9125;-1;1;Autovettura privata;In marcia / fermata / arresto;Conducente;M;Illeso;0;;;
5061537;5;16/09/2020 09:10:00;Strada Urbana;PIAZZALE GIOVANNI SPADOLINI;da specificare;;;;via beniamino andreatta altezza civico 31;Scontro frontale/laterale SX fra veicoli in marcia;Rettilineo;Una carreggiata a doppio senso;Asciutto;Asfaltata;Verticale ed orizzontale;Sereno;Normale;Buona;;0;0;0;2;12.5331;41.9125;-1;2;Autovettura privata;In marcia / fermata / arresto;Conducente;F;Illeso;0;;;
5061539;13;16/09/2020 11:25:00;Strada Urbana;PIAZZALE CRISTOFORO COLOMBO;all'intersezione con;VIA CRISTOFORO COLOMBO;VIA CRISTOFORO COLOMBO;;;Scontro frontale/laterale DX fra veicoli in marcia;Incrocio;Pi� di due carreggiate;Asciutto;Asfaltata;Verticale ed orizzontale;Sereno;Normale;Buona;;2;0;0;1;12.318;41.7139;-1;1;Velocipede;In marcia / fermata / arresto;Conducente;M;Rimandato;0;NON DECEDUTO;Esente;
5061539;13;16/09/2020 11:25:00;Strada Urbana;PIAZZALE CRISTOFORO COLOMBO;all'intersezione con;VIA CRISTOFORO COLOMBO;VIA CRISTOFORO COLOMBO;;;Scontro frontale/laterale DX fra veicoli in marcia;Incrocio;Pi� di due carreggiate;Asciutto;Asfaltata;Verticale ed orizzontale;Sereno;Normale;Buona;;2;0;0;1;12.318;41.7139;-1;2;Motociclo con passeggero;In marcia / fermata / arresto;Conducente;M;Rimandato;0;NON DECEDUTO;Non accertato;
5061539;13;16/09/2020 11:25:00;Strada Urbana;PIAZZALE CRISTOFORO COLOMBO;all'intersezione con;VIA CRISTOFORO COLOMBO;VIA CRISTOFORO COLOMBO;;;Scontro frontale/laterale DX fra veicoli in marcia;Incrocio;Pi� di due carreggiate;Asciutto;Asfaltata;Verticale ed orizzontale;Sereno;Normale;Buona;;2;0;0;1;12.318;41.7139;-1;2;Motociclo con passeggero;In marcia / fermata / arresto;Passeggero;F;Illeso;0;;Utilizzato;
5061541;4;16/09/2020 12:45:00;Provinciale entro l'abitato;VIA NOMENTANA;in prossimit�;;del civico n.;550;;Investimento di pedone;Rettilineo;Una carreggiata a doppio senso;Asciutto;Asfaltata;Verticale ed orizzontale;Sereno;Normale;Buona;;1;0;0;1;12.539;41.9365;-1;;;;Pedone;M;Rimandato;0;NON DECEDUTO;;
5061541;4;16/09/2020 12:45:00;Provinciale entro l'abitato;VIA NOMENTANA;in prossimit�;;del civico n.;550;;Investimento di pedone;Rettilineo;Una carreggiata a doppio senso;Asciutto;Asfaltata;Verticale ed orizzontale;Sereno;Normale;Buona;;1;0;0;1;12.539;41.9365;-1;1;Autovettura privata;In marcia / fermata / arresto;Conducente;M;Illeso;0;;Non accertato;Inesploso
5061542;6;16/09/2020 19:05:00;Strada Urbana;LARGO PRENESTE;all'intersezione semaforizzata con;VIA PRENESTINA;VIA PRENESTINA;;;Scontro laterale fra veicoli in marcia;Incrocio;Pi� di due carreggiate;Asciutto;Asfaltata;Verticale ed orizzontale;Sereno;Normale;Buona;;0;0;0;3;12.542;41.8927;-1;1;Vettura tranviaria;In marcia / fermata / arresto;Conducente;M;Illeso;0;;Esente;
5061542;6;16/09/2020 19:05:00;Strada Urbana;LARGO PRENESTE;all'intersezione semaforizzata con;VIA PRENESTINA;VIA PRENESTINA;;;Scontro laterale fra veicoli in marcia;Incrocio;Pi� di due carreggiate;Asciutto;Asfaltata;Verticale ed orizzontale;Sereno;Normale;Buona;;0;0;0;3;12.542;41.8927;-1;2;Autovettura privata;In marcia / fermata / arresto;Conducente;M;Illeso;0;;;
5061542;6;16/09/2020 19:05:00;Strada Urbana;LARGO PRENESTE;all'intersezione semaforizzata con;VIA PRENESTINA;VIA PRENESTINA;;;Scontro laterale fra veicoli in marcia;Incrocio;Pi� di due carreggiate;Asciutto;Asfaltata;Verticale ed orizzontale;Sereno;Normale;Buona;;0;0;0;3;12.542;41.8927;-1;2;Autovettura privata;In marcia / fermata / arresto;Passeggero;F;Illeso;0;;;
5061547;4;16/09/2020 14:50:00;Statale entro l'abitato;VIA SALARIA;da specificare;;;;altezza via dei prati fiscali;Scontro laterale fra veicoli in marcia;Rettilineo;Due carreggiate;Asciutto;Asfaltata;Verticale ed orizzontale;Sereno;Normale;Buona;;1;0;0;1;13.0816;42.4174;-1;1;Autovettura privata;In marcia / fermata / arresto;Conducente;M;Illeso;0;;;
5061547;4;16/09/2020 14:50:00;Statale entro l'abitato;VIA SALARIA;da specificare;;;;altezza via dei prati fiscali;Scontro laterale fra veicoli in marcia;Rettilineo;Due carreggiate;Asciutto;Asfaltata;Verticale ed orizzontale;Sereno;Normale;Buona;;1;0;0;1;13.0816;42.4174;-1;2;Motociclo a solo;In marcia / fermata / arresto;Conducente;M;Rifiuta cure immediate;0;NON DECEDUTO;;
5061548;5;16/09/2020 12:30:00;Strada Urbana;PIAZZA RICCARDO BALSAMO CRIVELLI;da specificare;;;;altezza civico 2;Scontro laterale fra veicoli in marcia;Rettilineo;Una carreggiata a doppio senso;Asciutto;Asfaltata;Assente;Sereno;Normale;Buona;;0;0;0;2;12.5507;41.9053;-1;1;Autovettura privata;In marcia / fermata / arresto;Conducente;M;Illeso;0;;Non accertato;Inesploso
5061548;5;16/09/2020 12:30:00;Strada Urbana;PIAZZA RICCARDO BALSAMO CRIVELLI;da specificare;;;;altezza civico 2;Scontro laterale fra veicoli in marcia;Rettilineo;Una carreggiata a doppio senso;Asciutto;Asfaltata;Assente;Sereno;Normale;Buona;;0;0;0;2;12.5507;41.9053;-1;2;Autovettura privata;In marcia / fermata / arresto;Conducente;F;Illeso;0;;Non accertato;Inesploso
5061550;12;16/09/2020 15:55:00;Regionale;VIA PONTINA;in corrispondenza;;della chilometrica;16;;Veicolo in marcia contro ostacolo accidentale;Rettilineo;Due carreggiate;Asciutto;Asfaltata;Verticale ed orizzontale;Sereno;Normale;Buona;;0;0;0;2;12.4427;41.7706;-1;1;Autovettura privata;In marcia / fermata / arresto;Conducente;M;Illeso;0;;Non accertato;Inesploso
5061550;12;16/09/2020 15:55:00;Regionale;VIA PONTINA;in corrispondenza;;della chilometrica;16;;Veicolo in marcia contro ostacolo accidentale;Rettilineo;Due carreggiate;Asciutto;Asfaltata;Verticale ed orizzontale;Sereno;Normale;Buona;;0;0;0;2;12.4427;41.7706;-1;1;Autovettura privata;In marcia / fermata / arresto;Passeggero;F;Illeso;0;;Non accertato;Inesploso
5061557;5;16/09/2020 12:45:00;Strada Urbana;VIA DI CASAL BIANCO;da specificare;;;;altezza via A. Bertolucci ;Scontro frontale/laterale DX fra veicoli in marcia;Rettilineo;Una carreggiata a doppio senso;Asciutto;Asfaltata;Verticale ed orizzontale;Sereno;Normale;Buona;;1;0;0;3;12.6312;41.9427;-1;1;Autovettura privata;In marcia / fermata / arresto;Conducente;F;Rimandato;0;NON DECEDUTO;Non accertato;Inesploso
5061557;5;16/09/2020 12:45:00;Strada Urbana;VIA DI CASAL BIANCO;da specificare;;;;altezza via A. Bertolucci ;Scontro frontale/laterale DX fra veicoli in marcia;Rettilineo;Una carreggiata a doppio senso;Asciutto;Asfaltata;Verticale ed orizzontale;Sereno;Normale;Buona;;1;0;0;3;12.6312;41.9427;-1;2;Autovettura privata;In marcia / fermata / arresto;Conducente;F;Illeso;0;;Non accertato;Esploso
5061557;5;16/09/2020 12:45:00;Strada Urbana;VIA DI CASAL BIANCO;da specificare;;;;altezza via A. Bertolucci ;Scontro frontale/laterale DX fra veicoli in marcia;Rettilineo;Una carreggiata a doppio senso;Asciutto;Asfaltata;Verticale ed orizzontale;Sereno;Normale;Buona;;1;0;0;3;12.6312;41.9427;-1;3;Autovettura privata;In marcia / fermata / arresto;Conducente;M;Illeso;0;;Non accertato;Inesploso
5061557;5;16/09/2020 12:45:00;Strada Urbana;VIA DI CASAL BIANCO;da specificare;;;;altezza via A. Bertolucci ;Scontro frontale/laterale DX fra veicoli in marcia;Rettilineo;Una carreggiata a doppio senso;Asciutto;Asfaltata;Verticale ed orizzontale;Sereno;Normale;Buona;;1;0;0;3;12.6312;41.9427;-1;3;Autovettura privata;In marcia / fermata / arresto;Passeggero;M;Illeso;0;;Non accertato;Inesploso
5061559;7;17/09/2020 02:30:00;Strada Urbana;VIA CONTE DI CARMAGNOLA;all'intersezione con;VIA MUZIO ATTENDOLO;VIA MUZIO ATTENDOLO;;;Scontro frontale/laterale SX fra veicoli in marcia;Incrocio;Una carreggiata a senso unico di marcia;Asciutto;Asfaltata;Verticale ed orizzontale;Sereno;Normale;Sufficiente;;1;0;0;1;12.5357;41.8903;-1;1;Autovettura privata;In marcia / fermata / arresto;Conducente;F;Illeso;0;;;
5061559;7;17/09/2020 02:30:00;Strada Urbana;VIA CONTE DI CARMAGNOLA;all'intersezione con;VIA MUZIO ATTENDOLO;VIA MUZIO ATTENDOLO;;;Scontro frontale/laterale SX fra veicoli in marcia;Incrocio;Una carreggiata a senso unico di marcia;Asciutto;Asfaltata;Verticale ed orizzontale;Sereno;Normale;Sufficiente;;1;0;0;1;12.5357;41.8903;-1;2;Autovettura privata;In marcia / fermata / arresto;Conducente;M;Rimandato;0;NON DECEDUTO;Non accertato;Esploso
5061559;7;17/09/2020 02:30:00;Strada Urbana;VIA CONTE DI CARMAGNOLA;all'intersezione con;VIA MUZIO ATTENDOLO;VIA MUZIO ATTENDOLO;;;Scontro frontale/laterale SX fra veicoli in marcia;Incrocio;Una carreggiata a senso unico di marcia;Asciutto;Asfaltata;Verticale ed orizzontale;Sereno;Normale;Sufficiente;;1;0;0;1;12.5357;41.8903;-1;3;Autovettura privata;Sosta;;;;;;;
5061559;7;17/09/2020 02:30:00;Strada Urbana;VIA CONTE DI CARMAGNOLA;all'intersezione con;VIA MUZIO ATTENDOLO;VIA MUZIO ATTENDOLO;;;Scontro frontale/laterale SX fra veicoli in marcia;Incrocio;Una carreggiata a senso unico di marcia;Asciutto;Asfaltata;Verticale ed orizzontale;Sereno;Normale;Sufficiente;;1;0;0;1;12.5357;41.8903;-1;4;Autovettura privata;Sosta;;;;;;;
5061575;10;16/09/2020 17:55:00;Strada Urbana;VIA DEGLI OPIMIANI;all'intersezione con;VIALE OPITA OPPIO;VIALE OPITA OPPIO;;;Scontro laterale fra veicoli in marcia;Incrocio;Una carreggiata a doppio senso;Asciutto;Asfaltata;Verticale ed orizzontale;Sereno;Normale;Buona;;0;0;0;2;12.5498;41.861;-1;1;Autovettura privata;In marcia / fermata / arresto;Conducente;M;Illeso;0;;Non accertato;Inesploso
5061575;10;16/09/2020 17:55:00;Strada Urbana;VIA DEGLI OPIMIANI;all'intersezione con;VIALE OPITA OPPIO;VIALE OPITA OPPIO;;;Scontro laterale fra veicoli in marcia;Incrocio;Una carreggiata a doppio senso;Asciutto;Asfaltata;Verticale ed orizzontale;Sereno;Normale;Buona;;0;0;0;2;12.5498;41.861;-1;2;Autocarro inferiore 35 q.;In marcia / fermata / arresto;Conducente;M;Illeso;0;;Non accertato;Inesploso