Protocollo;Gruppo;DataOraIncidente;Localizzazione1;STRADA1;Localizzazione2;STRADA2;Strada02;Chilometrica;DaSpecificare;NaturaIncidente;particolaritastrade;TipoStrada;FondoStradale;Pavimentazione;Segnaletica;CondizioneAtmosferica;Traffico;Visibilita;Illuminazione;NUM_FERITI;NUM_RISERVATA;NUM_MORTI;NUM_ILLESI;Longitudine;Latitudine;Confermato;Progressivo;TipoVeicolo;StatoVeicolo;TipoPersona;Sesso;Tipolesione;Deceduto;DecedutoDopo;CinturaCascoUtilizzato;Airbag;
5062050;12;17/09/2020 09:00:00;Strada Urbana;VIA DI VALLERANO;da specificare;;;;prossimit� civico 165, dir. via Pontina;Tamponamento Multiplo;Rettilineo;Una carreggiata a doppio senso;Asciutto;Asfaltata;Verticale;Sereno;Intenso;Buona;;0;0;0;4;12.4657;41.7865;-1;2;Autovettura privata;In marcia / fermata / arresto;Passeggero;M;Illeso;0;;;
5062050;12;17/09/2020 09:00:00;Strada Urbana;VIA DI VALLERANO;da specificare;;;;prossimit� civico 165, dir. via Pontina;Tamponamento Multiplo;Rettilineo;Una carreggiata a doppio senso;Asciutto;Asfaltata;Verticale;Sereno;Intenso;Buona;;0;0;0;4;12.4657;41.7865;-1;3;Autocarro inferiore 35 q.;In marcia / fermata / arresto;Conducente;M;Illeso;0;;;
5062054;17;15/09/2020 13:45:00;Strada Urbana;VIALE DELLE MILIZIE;all'intersezione semaforizzata con;LARGO TRIONFALE;LARGO TRIONFALE;;;Scontro laterale fra veicoli in marcia;Intersezione semaforizzata;Pi� di due carreggiate;Asciutto;Asfaltata;Verticale ed orizzontale;Sereno;Normale;Buona;;1;0;0;2;12.4549;41.9104;-1;1;Autovettura privata;In marcia / fermata / arresto;Conducente;F;Illeso;0;;Non accertato;
5062054;17;15/09/2020 13:45:00;Strada Urbana;VIALE DELLE MILIZIE;all'intersezione semaforizzata con;LARGO TRIONFALE;LARGO TRIONFALE;;;Scontro laterale fra veicoli in marcia;Intersezione semaforizzata;Pi� di due carreggiate;Asciutto;Asfaltata;Verticale ed orizzontale;Sereno;Normale;Buona;;1;0;0;2;12.4549;41.9104;-1;2;Motociclo con passeggero;In marcia / fermata / arresto;Conducente;M;Illeso;0;;Non accertato;
5062054;17;15/09/2020 13:45:00;Strada Urbana;VIALE DELLE MILIZIE;all'intersezione semaforizzata con;LARGO TRIONFALE;LARGO TRIONFALE;;;Scontro laterale fra veicoli in marcia;Intersezione semaforizzata;Pi� di due carreggiate;Asciutto;Asfaltata;Verticale ed orizzontale;Sereno;Normale;Buona;;1;0;0;2;12.4549;41.9104;-1;2;Motociclo con passeggero;In marcia / fermata / arresto;Passeggero;F;Rimandato;0;NON DECEDUTO;Non accertato;
5062059;3;16/09/2020 08:42:00;Strada Urbana;LARGO RODOLFO LANCIANI;in prossimit�;;del civico n.;18;;Scontro frontale/laterale DX fra veicoli in marcia;Rettilineo;Una carreggiata a senso unico di marcia;Asciutto;Asfaltata;Verticale ed orizzontale;Sereno;Normale;Buona;;0;0;0;2;12.5262;41.9212;-1;1;Autovettura privata;In marcia / fermata / arresto;Conducente;F;Illeso;0;;;
5062059;3;16/09/2020 08:42:00;Strada Urbana;LARGO RODOLFO LANCIANI;in prossimit�;;del civico n.;18;;Scontro frontale/laterale DX fra veicoli in marcia;Rettilineo;Una carreggiata a senso unico di marcia;Asciutto;Asfaltata;Verticale ed orizzontale;Sereno;Normale;Buona;;0;0;0;2;12.5262;41.9212;-1;2;Autovettura privata;In marcia / fermata / arresto;Conducente;F;Illeso;0;;;
5062110;9;17/09/2020 08:00:00;Strada Urbana;VIA LA SPEZIA;da specificare;;;;fronte civico 10A;Scontro frontale fra veicoli in marcia;Rettilineo;Una carreggiata a doppio senso;Asciutto;Asfaltata;Verticale ed orizzontale;Sereno;Intenso;Buona;;0;0;0;5;12.5153;41.8863;-1;1;Autovettura privata;In marcia / fermata / arresto;Conducente;M;Illeso;0;;Non accertato;Inesploso
5062110;9;17/09/2020 08:00:00;Strada Urbana;VIA LA SPEZIA;da specificare;;;;fronte civico 10A;Scontro frontale fra veicoli in marcia;Rettilineo;Una carreggiata a doppio senso;Asciutto;Asfaltata;Verticale ed orizzontale;Sereno;Intenso;Buona;;0;0;0;5;12.5153;41.8863;-1;1;Autovettura privata;In marcia / fermata / arresto;Passeggero;M;Illeso;0;;;
5062110;9;17/09/2020 08:00:00;Strada Urbana;VIA LA SPEZIA;da specificare;;;;fronte civico 10A;Scontro frontale fra veicoli in marcia;Rettilineo;Una carreggiata a doppio senso;Asciutto;Asfaltata;Verticale ed orizzontale;Sereno;Intenso;Buona;;0;0;0;5;12.5153;41.8863;-1;1;Autovettura privata;In marcia / fermata / arresto;Passeggero;F;Illeso;0;;Non accertato;Inesploso
5062110;9;17/09/2020 08:00:00;Strada Urbana;VIA LA SPEZIA;da specificare;;;;fronte civico 10A;Scontro frontale fra veicoli in marcia;Rettilineo;Una carreggiata a doppio senso;Asciutto;Asfaltata;Verticale ed orizzontale;Sereno;Intenso;Buona;;0;0;0;5;12.5153;41.8863;-1;1;Autovettura privata;In marcia / fermata / arresto;Passeggero;F;Illeso;0;;;
5062110;9;17/09/2020 08:00:00;Strada Urbana;VIA LA SPEZIA;da specificare;;;;fronte civico 10A;Scontro frontale fra veicoli in marcia;Rettilineo;Una carreggiata a doppio senso;Asciutto;Asfaltata;Verticale ed orizzontale;Sereno;Intenso;Buona;;0;0;0;5;12.5153;41.8863;-1;2;Motociclo a solo;In marcia / fermata / arresto;Conducente;M;Illeso;0;;Non accertato;
5062110;9;17/09/2020 08:00:00;Strada Urbana;VIA LA SPEZIA;da specificare;;;;fronte civico 10A;Scontro frontale fra veicoli in marcia;Rettilineo;Una carreggiata a doppio senso;Asciutto;Asfaltata;Verticale ed orizzontale;Sereno;Intenso;Buona;;0;0;0;5;12.5153;41.8863;-1;3;Autovettura privata;Sosta;;;;;;;
5062183;17;15/09/2020 16:40:00;Strada Urbana;VIA GIULIO VENTICINQUE;in prossimit�;;del civico n.;35;;Veicolo in marcia contro veicolo in sosta;Rettilineo;Una carreggiata a senso unico di marcia;Asciutto;Asfaltata;Verticale ed orizzontale;Sereno;Scarso;Buona;;0;0;0;0;12.447;41.9083;-1;1;Motociclo a solo;Sosta;;;;;;;
5062183;17;15/09/2020 16:40:00;Strada Urbana;VIA GIULIO VENTICINQUE;in prossimit�;;del civico n.;35;;Veicolo in marcia contro veicolo in sosta;Rettilineo;Una carreggiata a senso unico di marcia;Asciutto;Asfaltata;Verticale ed orizzontale;Sereno;Scarso;Buona;;0;0;0;0;12.447;41.9083;-1;2;Autovettura privata;Allontanatosi;;;;;;;
5062215;12;16/09/2020 11:25:00;Strada Urbana;VIALE CAMILLO SABATINI;in prossimit�;;del civico n.;111;;Veicolo in marcia contro ostacolo fisso;Rettilineo;Una carreggiata a doppio senso;Asciutto;Asfaltata;Verticale ed orizzontale;Sereno;Scarso;Buona;;0;0;0;1;12.4415;41.8193;-1;1;Autoarticolato;In marcia / fermata / arresto;Conducente;M;Illeso;0;;Utilizzato;Inesploso
5062225;1;17/09/2020 09:45:00;Strada Urbana;VIA MARCO AURELIO;in corrispondenza;;del civico n.;11;;Scontro frontale/laterale DX fra veicoli in marcia;Rettilineo;Una carreggiata a senso unico di marcia;Asciutto;Asfaltata;Verticale ed orizzontale;Sereno;Scarso;Buona;;1;0;0;1;12.4944;41.8884;-1;1;Motociclo a solo;In marcia / fermata / arresto;Conducente;F;Rimandato;0;NON DECEDUTO;Non accertato;
5062225;1;17/09/2020 09:45:00;Strada Urbana;VIA MARCO AURELIO;in corrispondenza;;del civico n.;11;;Scontro frontale/laterale DX fra veicoli in marcia;Rettilineo;Una carreggiata a senso unico di marcia;Asciutto;Asfaltata;Verticale ed orizzontale;Sereno;Scarso;Buona;;1;0;0;1;12.4944;41.8884;-1;2;Autovettura privata;In marcia / fermata / arresto;Conducente;M;Illeso;0;;Non accertato;Inesploso
5062252;16;16/09/2020 20:15:00;Strada Urbana;PIAZZA DI DONNA OLIMPIA;all'intersezione con;VIA DI DONNA OLIMPIA;VIA DI DONNA OLIMPIA;;;Tamponamento;Incrocio;Una carreggiata a senso unico di marcia;Asciutto;Asfaltata;Verticale ed orizzontale;Sereno;Normale;Buona;;0;0;0;2;12.4525;41.8776;-1;1;Motociclo a solo;In marcia / fermata / arresto;Conducente;M;Illeso;0;;;
5062252;16;16/09/2020 20:15:00;Strada Urbana;PIAZZA DI DONNA OLIMPIA;all'intersezione con;VIA DI DONNA OLIMPIA;VIA DI DONNA OLIMPIA;;;Tamponamento;Incrocio;Una carreggiata a senso unico di marcia;Asciutto;Asfaltata;Verticale ed orizzontale;Sereno;Normale;Buona;;0;0;0;2;12.4525;41.8776;-1;2;Autovettura privata;In marcia / fermata / arresto;Conducente;M;Illeso;0;;;
5062269;16;16/09/2020 21:40:00;;VIALE DEI COLLI PORTUENSI;in corrispondenza;;del civico n.;518;;Veicolo in marcia contro ostacolo fisso;;;;;;;;;;0;0;0;1;12.4433;41.8629;0;1;Motociclo a solo;In marcia / fermata / arresto;Conducente;M;Illeso;0;;;
5062289;1;15/09/2020 12:55:00;Strada Urbana;PIAZZA DI S. GIOVANNI IN LATERANO;all'intersezione semaforizzata con;VIA MERULANA;VIA MERULANA;;;Scontro laterale fra veicoli in marcia;Incrocio;Pi� di due carreggiate;Asciutto;Asfaltata;Verticale ed orizzontale;Sereno;Normale;Buona;;0;0;0;3;12.5068;41.8869;-1;1;Autovettura privata;In marcia / fermata / arresto;Conducente;M;Illeso;0;;;
5062289;1;15/09/2020 12:55:00;Strada Urbana;PIAZZA DI S. GIOVANNI IN LATERANO;all'intersezione semaforizzata con;VIA MERULANA;VIA MERULANA;;;Scontro laterale fra veicoli in marcia;Incrocio;Pi� di due carreggiate;Asciutto;Asfaltata;Verticale ed orizzontale;Sereno;Normale;Buona;;0;0;0;3;12.5068;41.8869;-1;1;Autovettura privata;In marcia / fermata / arresto;Passeggero;M;Illeso;0;;;
5062289;1;15/09/2020 12:55:00;Strada Urbana;PIAZZA DI S. GIOVANNI IN LATERANO;all'intersezione semaforizzata con;VIA MERULANA;VIA MERULANA;;;Scontro laterale fra veicoli in marcia;Incrocio;Pi� di due carreggiate;Asciutto;Asfaltata;Verticale ed orizzontale;Sereno;Normale;Buona;;0;0;0;3;12.5068;41.8869;-1;2;Autocarro inferiore 35 q.;In marcia / fermata / arresto;Conducente;M;Illeso;0;;;
5062303;17;16/09/2020 00:50:00;Strada Urbana;VIALE DEI BASTIONI DI MICHELANGELO;in corrispondenza;;del civico n.;9;;Scontro laterale fra veicoli in marcia;Rettilineo;Una carreggiata a doppio senso;Asciutto;Asfaltata;Verticale ed orizzontale;Nuvoloso;Scarso;Sufficiente;;0;0;0;1;12.4562;41.9064;-1;1;Autovettura privata;In marcia / fermata / arresto;Conducente;M;Illeso;0;;;
5062303;17;16/09/2020 00:50:00;Strada Urbana;VIALE DEI BASTIONI DI MICHELANGELO;in corrispondenza;;del civico n.;9;;Scontro laterale fra veicoli in marcia;Rettilineo;Una carreggiata a doppio senso;Asciutto;Asfaltata;Verticale ed orizzontale;Nuvoloso;Scarso;Sufficiente;;0;0;0;1;12.4562;41.9064;-1;2;Autovettura privata;Allontanatosi;;;;;;;
5062374;12;16/09/2020 16:05:00;Regionale;VIA PONTINA;da specificare;;;;km 16 Direzione Roma;Veicolo in marcia contro ostacolo fisso;Rettilineo;Due carreggiate;Asciutto;Asfaltata;Verticale ed orizzontale;Sereno;Intenso;Buona;;0;0;0;3;12.4423;41.7701;-1;1;Autovettura privata;In marcia / fermata / arresto;Conducente;M;Illeso;0;;Non accertato;Inesploso
5062374;12;16/09/2020 16:05:00;Regionale;VIA PONTINA;da specificare;;;;km 16 Direzione Roma;Veicolo in marcia contro ostacolo fisso;Rettilineo;Due carreggiate;Asciutto;Asfaltata;Verticale ed orizzontale;Sereno;Intenso;Buona;;0;0;0;3;12.4423;41.7701;-1;1;Autovettura privata;In marcia / fermata / arresto;Passeggero;F;Illeso;0;;Utilizzato;Inesploso
5062374;12;16/09/2020 16:05:00;Regionale;VIA PONTINA;da specificare;;;;km 16 Direzione Roma;Veicolo in marcia contro ostacolo fisso;Rettilineo;Due carreggiate;Asciutto;Asfaltata;Verticale ed orizzontale;Sereno;Intenso;Buona;;0;0;0;3;12.4423;41.7701;-1;1;Autovettura privata;In marcia / fermata / arresto;Passeggero;F;Illeso;0;;Utilizzato;Inesploso
5062389;17;16/09/2020 08:30:00;Strada Urbana;VIA PLINIO;in corrispondenza;;del civico n.;44;;Veicolo in marcia contro veicoli in sosta;Rettilineo;Una carreggiata a senso unico di marcia;Asciutto;Asfaltata;Verticale ed orizzontale;Sereno;Scarso;Buona;;0;0;0;0;12.4646;41.9073;-1;1;Autovettura privata;Sosta;;;;;;;
5062389;17;16/09/2020 08:30:00;Strada Urbana;VIA PLINIO;in corrispondenza;;del civico n.;44;;Veicolo in marcia contro veicoli in sosta;Rettilineo;Una carreggiata a senso unico di marcia;Asciutto;Asfaltata;Verticale ed orizzontale;Sereno;Scarso;Buona;;0;0;0;0;12.4646;41.9073;-1;2;Autovettura privata;Sosta;;;;;;;
5062500;6;17/09/2020 16:10:00;Strada Urbana;VIA DI TOR PIGNATTARA;in prossimit�;;del civico n.;15;;Veicolo in marcia contro ostacolo accidentale;Rettilineo;Una carreggiata a doppio senso;Asciutto;Asfaltata;Verticale ed orizzontale;Sereno;Normale;Buona;;0;0;0;2;12.5422;41.8797;-1;1;Autovettura privata;In marcia / fermata / arresto;Conducente;M;Illeso;0;;Non accertato;Inesploso
5062500;6;17/09/2020 16:10:00;Strada Urbana;VIA DI TOR PIGNATTARA;in prossimit�;;del civico n.;15;;Veicolo in marcia contro ostacolo accidentale;Rettilineo;Una carreggiata a doppio senso;Asciutto;Asfaltata;Verticale ed orizzontale;Sereno;Normale;Buona;;0;0;0;2;12.5422;41.8797;-1;1;Autovettura privata;In marcia / fermata / arresto;Passeggero;M;Illeso;0;;Non accertato;Inesploso
5062546;12;17/09/2020 14:10:00;Regionale;VIA PONTINA NUOVA;da specificare;;;;dir. GRA altezza civ 710 di Via C. Colombo ;Tamponamento Multiplo;Rettilineo;Pi� di due carreggiate;Asciutto;Asfaltata;Verticale ed orizzontale;Sereno;Intenso;Buona;;1;0;0;3;12.4622;41.8165;-1;1;Autovettura privata;In marcia / fermata / arresto;Conducente;M;Rimandato;0;NON DECEDUTO;Utilizzato;Inesploso
5062546;12;17/09/2020 14:10:00;Regionale;VIA PONTINA NUOVA;da specificare;;;;dir. GRA altezza civ 710 di Via C. Colombo ;Tamponamento Multiplo;Rettilineo;Pi� di due carreggiate;Asciutto;Asfaltata;Verticale ed orizzontale;Sereno;Intenso;Buona;;1;0;0;3;12.4622;41.8165;-1;1;Autovettura privata;In marcia / fermata / arresto;Passeggero;M;Illeso;0;;Utilizzato;Inesploso
5062546;12;17/09/2020 14:10:00;Regionale;VIA PONTINA NUOVA;da specificare;;;;dir. GRA altezza civ 710 di Via C. Colombo ;Tamponamento Multiplo;Rettilineo;Pi� di due carreggiate;Asciutto;Asfaltata;Verticale ed orizzontale;Sereno;Intenso;Buona;;1;0;0;3;12.4622;41.8165;-1;2;Autovettura privata;In marcia / fermata / arresto;Conducente;M;Illeso;0;;Utilizzato;Inesploso
5062546;12;17/09/2020 14:10:00;Regionale;VIA PONTINA NUOVA;da specificare;;;;dir. GRA altezza civ 710 di Via C. Colombo ;Tamponamento Multiplo;Rettilineo;Pi� di due carreggiate;Asciutto;Asfaltata;Verticale ed orizzontale;Sereno;Intenso;Buona;;1;0;0;3;12.4622;41.8165;-1;3;Autovettura privata;In marcia / fermata / arresto;Conducente;F;Illeso;0;;Utilizzato;Inesploso
5062703;17;16/09/2020 18:15:00;Strada Urbana;LUNGOTEVERE MARESCIALLO CADORNA;da specificare;;;;altezza Ponte della Musica;Scontro laterale fra veicoli in marcia;Rettilineo;Una carreggiata a senso unico di marcia;Asciutto;Asfaltata;Verticale ed orizzontale;Sereno;Intenso;Buona;;0;0;0;2;12.4582;41.9279;-1;1;Autovettura privata;In marcia / fermata / arresto;Conducente;M;Illeso;0;;;
5062703;17;16/09/2020 18:15:00;Strada Urbana;LUNGOTEVERE MARESCIALLO CADORNA;da specificare;;;;altezza Ponte della Musica;Scontro laterale fra veicoli in marcia;Rettilineo;Una carreggiata a senso unico di marcia;Asciutto;Asfaltata;Verticale ed orizzontale;Sereno;Intenso;Buona;;0;0;0;2;12.4582;41.9279;-1;2;Autovettura privata;In marcia / fermata / arresto;Conducente;M;Illeso;0;;;
5062730;20;17/09/2020 12:10:00;Strada Urbana;VIA CLAUZETTO;in corrispondenza;;del civico n.;61;;Scontro laterale fra veicoli in marcia;Rotatoria;Una carreggiata a senso unico di marcia;Asciutto;Asfaltata;Verticale;Sereno;Scarso;Buona;;0;0;0;2;12.4802;41.9973;-1;1;Autovettura privata;In marcia / fermata / arresto;Conducente;M;Illeso;0;;Non accertato;
5062730;20;17/09/2020 12:10:00;Strada Urbana;VIA CLAUZETTO;in corrispondenza;;del civico n.;61;;Scontro laterale fra veicoli in marcia;Rotatoria;Una carreggiata a senso unico di marcia;Asciutto;Asfaltata;Verticale;Sereno;Scarso;Buona;;0;0;0;2;12.4802;41.9973;-1;2;Autovettura privata;In marcia / fermata / arresto;Conducente;M;Illeso;0;;Non accertato;
5062765;20;17/09/2020 16:50:00;Strada Urbana;PIAZZA DEI GIUOCHI DELFICI;all'intersezione con;VIA DI VIGNA STELLUTI;VIA DI VIGNA STELLUTI;;;Tamponamento;Rotatoria;Una carreggiata a senso unico di marcia;Asciutto;Asfaltata;Verticale ed orizzontale;Sereno;Normale;Buona;;0;0;0;2;12.4628;41.9483;-1;1;Autovettura privata;In marcia / fermata / arresto;Conducente;M;Illeso;0;;Non accertato;Inesploso
5062765;20;17/09/2020 16:50:00;Strada Urbana;PIAZZA DEI GIUOCHI DELFICI;all'intersezione con;VIA DI VIGNA STELLUTI;VIA DI VIGNA STELLUTI;;;Tamponamento;Rotatoria;Una carreggiata a senso unico di marcia;Asciutto;Asfaltata;Verticale ed orizzontale;Sereno;Normale;Buona;;0;0;0;2;12.4628;41.9483;-1;2;Motociclo a solo;In marcia / fermata / arresto;Conducente;M;Illeso;0;;Non accertato;
5062786;16;17/09/2020 10:00:00;Strada Urbana;VIA DELLA PISANA;in prossimit�;;del civico n.;118;;Infortunio per sola frenata improvvisa;Rettilineo;Una carreggiata a doppio senso;Asciutto;Asfaltata;Verticale ed orizzontale;Sereno;Normale;Buona;;0;0;0;3;12.4183;41.8825;-1;;;;Pedone;F;Illeso;0;;;
5062786;16;17/09/2020 10:00:00;Strada Urbana;VIA DELLA PISANA;in prossimit�;;del civico n.;118;;Infortunio per sola frenata improvvisa;Rettilineo;Una carreggiata a doppio senso;Asciutto;Asfaltata;Verticale ed orizzontale;Sereno;Normale;Buona;;0;0;0;3;12.4183;41.8825;-1;1;Motociclo a solo;In marcia / fermata / arresto;Conducente;F;Illeso;0;;Non accertato;
5062786;16;17/09/2020 10:00:00;Strada Urbana;VIA DELLA PISANA;in prossimit�;;del civico n.;118;;Infortunio per sola frenata improvvisa;Rettilineo;Una carreggiata a doppio senso;Asciutto;Asfaltata;Verticale ed orizzontale;Sereno;Normale;Buona;;0;0;0;3;12.4183;41.8825;-1;1;Motociclo a solo;In marcia / fermata / arresto;Passeggero;F;Illeso;0;;Non accertato;
5062805;16;17/09/2020 11:45:00;Strada Urbana;VIA DI DONNA OLIMPIA;in prossimit�;;del civico n.;288;;Veicolo in marcia contro veicolo in sosta;Rettilineo;Una carreggiata a doppio senso;Asciutto;Asfaltata;Verticale ed orizzontale;Sereno;Normale;Buona;;0;0;0;1;12.4573;41.8735;-1;1;Autovettura privata;Sosta;;;;;;;
5062805;16;17/09/2020 11:45:00;Strada Urbana;VIA DI DONNA OLIMPIA;in prossimit�;;del civico n.;288;;Veicolo in marcia contro veicolo in sosta;Rettilineo;Una carreggiata a doppio senso;Asciutto;Asfaltata;Verticale ed orizzontale;Sereno;Normale;Buona;;0;0;0;1;12.4573;41.8735;-1;2;Autovettura privata;In marcia / fermata / arresto;Conducente;F;Illeso;0;;Non accertato;
5062838;10;17/09/2020 19:30:00;Strada Urbana;VIA DI QUARTO RUBBIE;in corrispondenza;;del civico n.;94;;Veicolo in marcia contro ostacolo fisso;Rettilineo;Una carreggiata a doppio senso;Asciutto;Sterrata;Assente;Sereno;Normale;Buona;;0;0;0;1;12.6349;41.8126;-1;1;Autovettura privata;In marcia / fermata / arresto;Conducente;M;Illeso;0;;Non accertato;Inesploso
5062924;10;17/09/2020 20:45:00;Strada Urbana;VIA NARNI;in prossimit�;;del palo luce n.;12;;Ribaltamento senza urto contro ostacolo fisso;Pendenza;Una carreggiata a doppio senso;Asciutto;Bitumata;Assente;Sereno;Normale;Sufficiente;;1;0;0;1;12.5286;41.8786;-1;1;Motociclo a solo;In marcia / fermata / arresto;Conducente;M;Rimandato;0;NON DECEDUTO;Non accertato;
5062924;10;17/09/2020 20:45:00;Strada Urbana;VIA NARNI;in prossimit�;;del palo luce n.;12;;Ribaltamento senza urto contro ostacolo fisso;Pendenza;Una carreggiata a doppio senso;Asciutto;Bitumata;Assente;Sereno;Normale;Sufficiente;;1;0;0;1;12.5286;41.8786;-1;1;Motociclo a solo;In marcia / fermata / arresto;Passeggero;F;Illeso;0;;Non accertato;
5063097;11;17/09/2020 08:15:00;Strada Urbana;VIALE ERMINIO SPALLA;all'intersezione semaforizzata con;VIA DELL'AUTOMOBILISMO;VIA DELL'AUTOMOBILISMO;;;Scontro frontale/laterale DX fra veicoli in marcia;Incrocio;Pi� di due carreggiate;Asciutto;Asfaltata;Verticale ed orizzontale;Sereno;Scarso;Buona;;1;0;0;1;12.5079;41.8324;-1;1;Ciclomotore;In marcia / fermata / arresto;Conducente;F;Illeso;0;;Non accertato;
5063097;11;17/09/2020 08:15:00;Strada Urbana;VIALE ERMINIO SPALLA;all'intersezione semaforizzata con;VIA DELL'AUTOMOBILISMO;VIA DELL'AUTOMOBILISMO;;;Scontro frontale/laterale DX fra veicoli in marcia;Incrocio;Pi� di due carreggiate;Asciutto;Asfaltata;Verticale ed orizzontale;Sereno;Scarso;Buona;;1;0;0;1;12.5079;41.8324;-1;2;Motociclo a solo;In marcia / fermata / arresto;Conducente;F;Rimandato;0;NON DECEDUTO;Non accertato;
5063140;8;17/09/2020 09:00:00;Strada Urbana;VIA CASILINA;in prossimit�;;del civico n.;1746;;Tamponamento Multiplo;Rettilineo;Una carreggiata a doppio senso;Asciutto;Asfaltata;Verticale ed orizzontale;Sereno;Normale;Buona;;2;0;0;2;12.6647;41.864;-1;1;Autovettura privata;In marcia / fermata / arresto;Conducente;F;Ricoverato;0;NON DECEDUTO;;
5063140;8;17/09/2020 09:00:00;Strada Urbana;VIA CASILINA;in prossimit�;;del civico n.;1746;;Tamponamento Multiplo;Rettilineo;Una carreggiata a doppio senso;Asciutto;Asfaltata;Verticale ed orizzontale;Sereno;Normale;Buona;;2;0;0;2;12.6647;41.864;-1;2;Autovettura privata;In marcia / fermata / arresto;Conducente;M;Ricoverato;0;NON DECEDUTO;;
5063140;8;17/09/2020 09:00:00;Strada Urbana;VIA CASILINA;in prossimit�;;del civico n.;1746;;Tamponamento Multiplo;Rettilineo;Una carreggiata a doppio senso;Asciutto;Asfaltata;Verticale ed orizzontale;Sereno;Normale;Buona;;2;0;0;2;12.6647;41.864;-1;3;Autovettura privata;In marcia / fermata / arresto;Conducente;M;Illeso;0;;;
5063140;8;17/09/2020 09:00:00;Strada Urbana;VIA CASILINA;in prossimit�;;del civico n.;1746;;Tamponamento Multiplo;Rettilineo;Una carreggiata a doppio senso;Asciutto;Asfaltata;Verticale ed orizzontale;Sereno;Normale;Buona;;2;0;0;2;12.6647;41.864;-1;3;Autovettura privata;In marcia / fermata / arresto;Passeggero;M;Illeso;0;;;
5063145;8;17/09/2020 09:00:00;Strada Urbana;VIA BUSCEMI;in corrispondenza;;del civico n.;44;;Scontro frontale/laterale DX fra veicoli in marcia;Rettilineo;Una carreggiata a doppio senso;Asciutto;Asfaltata;Verticale;Sereno;Normale;Buona;;0;0;0;3;12.6557;41.8653;-1;1;Autovettura privata;In marcia / fermata / arresto;Conducente;F;Illeso;0;;Non accertato;Inesploso
5063145;8;17/09/2020 09:00:00;Strada Urbana;VIA BUSCEMI;in corrispondenza;;del civico n.;44;;Scontro frontale/laterale DX fra veicoli in marcia;Rettilineo;Una carreggiata a doppio senso;Asciutto;Asfaltata;Verticale;Sereno;Normale;Buona;;0;0;0;3;12.6557;41.8653;-1;1;Autovettura privata;In marcia / fermata / arresto;Passeggero;M;Illeso;0;;Non accertato;Inesploso
5063145;8;17/09/2020 09:00:00;Strada Urbana;VIA BUSCEMI;in corrispondenza;;del civico n.;44;;Scontro frontale/laterale DX fra veicoli in marcia;Rettilineo;Una carreggiata a doppio senso;Asciutto;Asfaltata;Verticale;Sereno;Normale;Buona;;0;0;0;3;12.6557;41.8653;-1;2;Autovettura privata;In marcia / fermata / arresto;Conducente;F;Illeso;0;;Non accertato;Inesploso
5063155;15;17/09/2020 15:50:00;Strada Urbana;VIA PORTUENSE;all'intersezione con;VIA DEL TRULLO;VIA DEL TRULLO;;;Tamponamento Multiplo;Incrocio;Due carreggiate;Asciutto;Asfaltata;Verticale ed orizzontale;Sereno;Normale;Buona;;3;0;0;5;12.414;41.8469;-1;1;Autovettura privata;In marcia / fermata / arresto;Conducente;M;Illeso;0;;Non accertato;Inesploso
5063155;15;17/09/2020 15:50:00;Strada Urbana;VIA PORTUENSE;all'intersezione con;VIA DEL TRULLO;VIA DEL TRULLO;;;Tamponamento Multiplo;Incrocio;Due carreggiate;Asciutto;Asfaltata;Verticale ed orizzontale;Sereno;Normale;Buona;;3;0;0;5;12.414;41.8469;-1;1;Autovettura privata;In marcia / fermata / arresto;Passeggero;F;Illeso;0;;Non accertato;Inesploso
5063155;15;17/09/2020 15:50:00;Strada Urbana;VIA PORTUENSE;all'intersezione con;VIA DEL TRULLO;VIA DEL TRULLO;;;Tamponamento Multiplo;Incrocio;Due carreggiate;Asciutto;Asfaltata;Verticale ed orizzontale;Sereno;Normale;Buona;;3;0;0;5;12.414;41.8469;-1;1;Autovettura privata;In marcia / fermata / arresto;Passeggero;M;Illeso;0;;Non accertato;Inesploso
5063155;15;17/09/2020 15:50:00;Strada Urbana;VIA PORTUENSE;all'intersezione con;VIA DEL TRULLO;VIA DEL TRULLO;;;Tamponamento Multiplo;Incrocio;Due carreggiate;Asciutto;Asfaltata;Verticale ed orizzontale;Sereno;Normale;Buona;;3;0;0;5;12.414;41.8469;-1;1;Autovettura privata;In marcia / fermata / arresto;Passeggero;F;Illeso;0;;Non accertato;Inesploso
5063155;15;17/09/2020 15:50:00;Strada Urbana;VIA PORTUENSE;all'intersezione con;VIA DEL TRULLO;VIA DEL TRULLO;;;Tamponamento Multiplo;Incrocio;Due carreggiate;Asciutto;Asfaltata;Verticale ed orizzontale;Sereno;Normale;Buona;;3;0;0;5;12.414;41.8469;-1;2;Autovettura privata;In marcia / fermata / arresto;Conducente;M;Illeso;0;;Non accertato;Inesploso
5063155;15;17/09/2020 15:50:00;Strada Urbana;VIA PORTUENSE;all'intersezione con;VIA DEL TRULLO;VIA DEL TRULLO;;;Tamponamento Multiplo;Incrocio;Due carreggiate;Asciutto;Asfaltata;Verticale ed orizzontale;Sereno;Normale;Buona;;3;0;0;5;12.414;41.8469;-1;2;Autovettura privata;In marcia / fermata / arresto;Passeggero;M;Rimandato;0;NON DECEDUTO;Non accertato;Inesploso