Protocollo;Gruppo;DataOraIncidente;Localizzazione1;STRADA1;Localizzazione2;STRADA2;Strada02;Chilometrica;DaSpecificare;NaturaIncidente;particolaritastrade;TipoStrada;FondoStradale;Pavimentazione;Segnaletica;CondizioneAtmosferica;Traffico;Visibilita;Illuminazione;NUM_FERITI;NUM_RISERVATA;NUM_MORTI;NUM_ILLESI;Longitudine;Latitudine;Confermato;Progressivo;TipoVeicolo;StatoVeicolo;TipoPersona;Sesso;Tipolesione;Deceduto;DecedutoDopo;CinturaCascoUtilizzato;Airbag;
5063155;15;17/09/2020 15:50:00;Strada Urbana;VIA PORTUENSE;all'intersezione con;VIA DEL TRULLO;VIA DEL TRULLO;;;Tamponamento Multiplo;Incrocio;Due carreggiate;Asciutto;Asfaltata;Verticale ed orizzontale;Sereno;Normale;Buona;;3;0;0;5;12.414;41.8469;-1;3;Autovettura privata;In marcia / fermata / arresto;Conducente;M;Rimandato;0;NON DECEDUTO;Non accertato;Esploso
5063155;15;17/09/2020 15:50:00;Strada Urbana;VIA PORTUENSE;all'intersezione con;VIA DEL TRULLO;VIA DEL TRULLO;;;Tamponamento Multiplo;Incrocio;Due carreggiate;Asciutto;Asfaltata;Verticale ed orizzontale;Sereno;Normale;Buona;;3;0;0;5;12.414;41.8469;-1;3;Autovettura privata;In marcia / fermata / arresto;Passeggero;F;Rimandato;0;NON DECEDUTO;Non accertato;Inesploso
5063156;17;16/09/2020 19:00:00;Strada Urbana;LUNGOTEVERE DELLE ARMI;all'intersezione con;VIA GIUSEPPE MONTANELLI;VIA GIUSEPPE MONTANELLI;;;Veicolo in marcia contro veicoli in sosta;Incrocio;Una carreggiata a senso unico di marcia;Asciutto;Asfaltata;Verticale ed orizzontale;Sereno;Normale;Sufficiente;;0;0;0;1;12.4696;41.9171;-1;1;Autovettura privata;In marcia / fermata / arresto;Conducente;M;Illeso;0;;;
5063156;17;16/09/2020 19:00:00;Strada Urbana;LUNGOTEVERE DELLE ARMI;all'intersezione con;VIA GIUSEPPE MONTANELLI;VIA GIUSEPPE MONTANELLI;;;Veicolo in marcia contro veicoli in sosta;Incrocio;Una carreggiata a senso unico di marcia;Asciutto;Asfaltata;Verticale ed orizzontale;Sereno;Normale;Sufficiente;;0;0;0;1;12.4696;41.9171;-1;2;Autovettura privata;Sosta;;;;;;;
5063156;17;16/09/2020 19:00:00;Strada Urbana;LUNGOTEVERE DELLE ARMI;all'intersezione con;VIA GIUSEPPE MONTANELLI;VIA GIUSEPPE MONTANELLI;;;Veicolo in marcia contro veicoli in sosta;Incrocio;Una carreggiata a senso unico di marcia;Asciutto;Asfaltata;Verticale ed orizzontale;Sereno;Normale;Sufficiente;;0;0;0;1;12.4696;41.9171;-1;3;Autovettura privata;Sosta;;;;;;;
5063165;8;17/09/2020 12:00:00;Strada Urbana;VIA CASILINA;in corrispondenza;;del civico n.;1038;;Scontro frontale/laterale DX fra veicoli in marcia;Rettilineo;Una carreggiata a doppio senso;Asciutto;Asfaltata;Verticale ed orizzontale;Sereno;Normale;Buona;;0;0;0;3;12.5881;41.8677;-1;1;Autovettura privata;In marcia / fermata / arresto;Conducente;M;Illeso;0;;Non accertato;Inesploso
5063165;8;17/09/2020 12:00:00;Strada Urbana;VIA CASILINA;in corrispondenza;;del civico n.;1038;;Scontro frontale/laterale DX fra veicoli in marcia;Rettilineo;Una carreggiata a doppio senso;Asciutto;Asfaltata;Verticale ed orizzontale;Sereno;Normale;Buona;;0;0;0;3;12.5881;41.8677;-1;2;Autovettura privata;In marcia / fermata / arresto;Conducente;M;Illeso;0;;Non accertato;Inesploso
5063165;8;17/09/2020 12:00:00;Strada Urbana;VIA CASILINA;in corrispondenza;;del civico n.;1038;;Scontro frontale/laterale DX fra veicoli in marcia;Rettilineo;Una carreggiata a doppio senso;Asciutto;Asfaltata;Verticale ed orizzontale;Sereno;Normale;Buona;;0;0;0;3;12.5881;41.8677;-1;2;Autovettura privata;In marcia / fermata / arresto;Passeggero;M;Illeso;0;;Non accertato;Inesploso
5063170;17;16/09/2020 09:00:00;Strada Urbana;VIA TERENZIO;in corrispondenza;;del civico n.;29/E;;Veicolo in marcia contro veicolo arresto;Rettilineo;Una carreggiata a senso unico di marcia;Asciutto;Asfaltata;Verticale ed orizzontale;Sereno;Normale;Buona;;1;0;0;1;12.4633;41.9062;-1;1;Autovettura privata;In marcia / fermata / arresto;Conducente;F;Rimandato;0;NON DECEDUTO;Non accertato;
5063170;17;16/09/2020 09:00:00;Strada Urbana;VIA TERENZIO;in corrispondenza;;del civico n.;29/E;;Veicolo in marcia contro veicolo arresto;Rettilineo;Una carreggiata a senso unico di marcia;Asciutto;Asfaltata;Verticale ed orizzontale;Sereno;Normale;Buona;;1;0;0;1;12.4633;41.9062;-1;2;Autocarro inferiore 35 q.;In marcia / fermata / arresto;Conducente;M;Illeso;0;;Non accertato;
5063171;15;17/09/2020 14:05:00;Strada Urbana;VIA DELLA PISANA;in prossimit�;;del civico n.;974;;Tamponamento Multiplo;Rettilineo;Una carreggiata a doppio senso;Asciutto;Asfaltata;Orizzontale;Sereno;Normale;Buona;;2;0;0;1;12.3911;41.8552;-1;1;Autovettura privata;In marcia / fermata / arresto;Conducente;M;Rimandato;0;NON DECEDUTO;Non accertato;Inesploso
5063171;15;17/09/2020 14:05:00;Strada Urbana;VIA DELLA PISANA;in prossimit�;;del civico n.;974;;Tamponamento Multiplo;Rettilineo;Una carreggiata a doppio senso;Asciutto;Asfaltata;Orizzontale;Sereno;Normale;Buona;;2;0;0;1;12.3911;41.8552;-1;2;Autovettura privata;In marcia / fermata / arresto;Conducente;M;Rimandato;0;NON DECEDUTO;Non accertato;Inesploso
5063171;15;17/09/2020 14:05:00;Strada Urbana;VIA DELLA PISANA;in prossimit�;;del civico n.;974;;Tamponamento Multiplo;Rettilineo;Una carreggiata a doppio senso;Asciutto;Asfaltata;Orizzontale;Sereno;Normale;Buona;;2;0;0;1;12.3911;41.8552;-1;3;Autovettura privata;In marcia / fermata / arresto;Conducente;F;Illeso;0;;Non accertato;Inesploso
5063174;8;17/09/2020 13:25:00;Strada Urbana;VIA CASILINA;in corrispondenza;;del civico n.;2187;;Scontro laterale fra veicoli in marcia;Rettilineo;Una carreggiata a doppio senso;Asciutto;Asfaltata;Verticale ed orizzontale;Sereno;Intenso;Buona;;1;0;0;1;12.6992;41.8649;-1;1;Autovettura privata;In marcia / fermata / arresto;Conducente;M;Illeso;0;;Non accertato;Inesploso
5063174;8;17/09/2020 13:25:00;Strada Urbana;VIA CASILINA;in corrispondenza;;del civico n.;2187;;Scontro laterale fra veicoli in marcia;Rettilineo;Una carreggiata a doppio senso;Asciutto;Asfaltata;Verticale ed orizzontale;Sereno;Intenso;Buona;;1;0;0;1;12.6992;41.8649;-1;2;Motociclo a solo;In marcia / fermata / arresto;Conducente;M;Ricoverato;0;NON DECEDUTO;Non accertato;
5063182;8;17/09/2020 16:50:00;Strada Urbana;VIA COLLATINA;in prossimit�;;del palo luce n.;488;;Scontro frontale/laterale SX fra veicoli in marcia;Rettilineo;Una carreggiata a doppio senso;Asciutto;Asfaltata;Verticale ed orizzontale;Sereno;Intenso;Buona;;3;0;0;5;12.6108;41.9058;-1;1;Autovettura privata;In marcia / fermata / arresto;Conducente;M;Illeso;0;;;
5063182;8;17/09/2020 16:50:00;Strada Urbana;VIA COLLATINA;in prossimit�;;del palo luce n.;488;;Scontro frontale/laterale SX fra veicoli in marcia;Rettilineo;Una carreggiata a doppio senso;Asciutto;Asfaltata;Verticale ed orizzontale;Sereno;Intenso;Buona;;3;0;0;5;12.6108;41.9058;-1;1;Autovettura privata;In marcia / fermata / arresto;Passeggero;M;Illeso;0;;Non accertato;
5063182;8;17/09/2020 16:50:00;Strada Urbana;VIA COLLATINA;in prossimit�;;del palo luce n.;488;;Scontro frontale/laterale SX fra veicoli in marcia;Rettilineo;Una carreggiata a doppio senso;Asciutto;Asfaltata;Verticale ed orizzontale;Sereno;Intenso;Buona;;3;0;0;5;12.6108;41.9058;-1;1;Autovettura privata;In marcia / fermata / arresto;Passeggero;F;Illeso;0;;;
5063182;8;17/09/2020 16:50:00;Strada Urbana;VIA COLLATINA;in prossimit�;;del palo luce n.;488;;Scontro frontale/laterale SX fra veicoli in marcia;Rettilineo;Una carreggiata a doppio senso;Asciutto;Asfaltata;Verticale ed orizzontale;Sereno;Intenso;Buona;;3;0;0;5;12.6108;41.9058;-1;1;Autovettura privata;In marcia / fermata / arresto;Passeggero;M;Rimandato;0;NON DECEDUTO;;
5063182;8;17/09/2020 16:50:00;Strada Urbana;VIA COLLATINA;in prossimit�;;del palo luce n.;488;;Scontro frontale/laterale SX fra veicoli in marcia;Rettilineo;Una carreggiata a doppio senso;Asciutto;Asfaltata;Verticale ed orizzontale;Sereno;Intenso;Buona;;3;0;0;5;12.6108;41.9058;-1;2;Autovettura privata;In marcia / fermata / arresto;Conducente;M;Illeso;0;;;
5063182;8;17/09/2020 16:50:00;Strada Urbana;VIA COLLATINA;in prossimit�;;del palo luce n.;488;;Scontro frontale/laterale SX fra veicoli in marcia;Rettilineo;Una carreggiata a doppio senso;Asciutto;Asfaltata;Verticale ed orizzontale;Sereno;Intenso;Buona;;3;0;0;5;12.6108;41.9058;-1;2;Autovettura privata;In marcia / fermata / arresto;Passeggero;M;Illeso;0;;;
5063182;8;17/09/2020 16:50:00;Strada Urbana;VIA COLLATINA;in prossimit�;;del palo luce n.;488;;Scontro frontale/laterale SX fra veicoli in marcia;Rettilineo;Una carreggiata a doppio senso;Asciutto;Asfaltata;Verticale ed orizzontale;Sereno;Intenso;Buona;;3;0;0;5;12.6108;41.9058;-1;3;Autovettura privata;In marcia / fermata / arresto;Conducente;M;Rimandato;0;NON DECEDUTO;;
5063182;8;17/09/2020 16:50:00;Strada Urbana;VIA COLLATINA;in prossimit�;;del palo luce n.;488;;Scontro frontale/laterale SX fra veicoli in marcia;Rettilineo;Una carreggiata a doppio senso;Asciutto;Asfaltata;Verticale ed orizzontale;Sereno;Intenso;Buona;;3;0;0;5;12.6108;41.9058;-1;4;Autovettura privata;In marcia / fermata / arresto;Conducente;M;Rimandato;0;NON DECEDUTO;;
5063217;8;17/09/2020 17:30:00;Strada Urbana;VIA SELLIA;da specificare;;;;Via Torrenova da Sibari;Veicolo in marcia contro ostacolo accidentale;Rettilineo;Una carreggiata a doppio senso;Asciutto;Con buche;Verticale;Sereno;Scarso;Buona;;1;0;0;0;12.6833;41.8723;-1;1;Motociclo a solo;In marcia / fermata / arresto;Conducente;M;Rimandato;0;NON DECEDUTO;;
5063227;8;17/09/2020 15:15:00;Strada Urbana;VIA PRENESTINA;in corrispondenza;;del civico n.;1141;;Scontro frontale/laterale SX fra veicoli in marcia;Rettilineo;Una carreggiata a doppio senso;Asciutto;Asfaltata;Verticale ed orizzontale;Sereno;Normale;Buona;;2;0;0;1;12.6246;41.893;-1;1;Autocarro inferiore 35 q.;In marcia / fermata / arresto;Conducente;M;Illeso;0;;;
5063227;8;17/09/2020 15:15:00;Strada Urbana;VIA PRENESTINA;in corrispondenza;;del civico n.;1141;;Scontro frontale/laterale SX fra veicoli in marcia;Rettilineo;Una carreggiata a doppio senso;Asciutto;Asfaltata;Verticale ed orizzontale;Sereno;Normale;Buona;;2;0;0;1;12.6246;41.893;-1;2;Motociclo con passeggero;In marcia / fermata / arresto;Conducente;M;Rimandato;0;NON DECEDUTO;;
5063227;8;17/09/2020 15:15:00;Strada Urbana;VIA PRENESTINA;in corrispondenza;;del civico n.;1141;;Scontro frontale/laterale SX fra veicoli in marcia;Rettilineo;Una carreggiata a doppio senso;Asciutto;Asfaltata;Verticale ed orizzontale;Sereno;Normale;Buona;;2;0;0;1;12.6246;41.893;-1;2;Motociclo con passeggero;In marcia / fermata / arresto;Passeggero;F;Rimandato;0;NON DECEDUTO;;
5063233;18;17/09/2020 20:30:00;Strada Urbana;VIA DI BOCCEA;in corrispondenza;;del civico n.;120;;Veicolo in marcia contro veicoli in sosta;Rettilineo;Una carreggiata a doppio senso;Asciutto;Asfaltata;Verticale ed orizzontale;Sereno;Scarso;Sufficiente;;0;0;0;1;12.4249;41.9024;-1;1;Autovettura privata;In marcia / fermata / arresto;Conducente;M;Illeso;0;;;
5063233;18;17/09/2020 20:30:00;Strada Urbana;VIA DI BOCCEA;in corrispondenza;;del civico n.;120;;Veicolo in marcia contro veicoli in sosta;Rettilineo;Una carreggiata a doppio senso;Asciutto;Asfaltata;Verticale ed orizzontale;Sereno;Scarso;Sufficiente;;0;0;0;1;12.4249;41.9024;-1;2;Motociclo a solo;Sosta;;;;;;;
5063233;18;17/09/2020 20:30:00;Strada Urbana;VIA DI BOCCEA;in corrispondenza;;del civico n.;120;;Veicolo in marcia contro veicoli in sosta;Rettilineo;Una carreggiata a doppio senso;Asciutto;Asfaltata;Verticale ed orizzontale;Sereno;Scarso;Sufficiente;;0;0;0;1;12.4249;41.9024;-1;3;Motociclo a solo;Sosta;;;;;;;
5063233;18;17/09/2020 20:30:00;Strada Urbana;VIA DI BOCCEA;in corrispondenza;;del civico n.;120;;Veicolo in marcia contro veicoli in sosta;Rettilineo;Una carreggiata a doppio senso;Asciutto;Asfaltata;Verticale ed orizzontale;Sereno;Scarso;Sufficiente;;0;0;0;1;12.4249;41.9024;-1;4;Motociclo a solo;Sosta;;;;;;;
5063233;18;17/09/2020 20:30:00;Strada Urbana;VIA DI BOCCEA;in corrispondenza;;del civico n.;120;;Veicolo in marcia contro veicoli in sosta;Rettilineo;Una carreggiata a doppio senso;Asciutto;Asfaltata;Verticale ed orizzontale;Sereno;Scarso;Sufficiente;;0;0;0;1;12.4249;41.9024;-1;5;Motociclo a solo;Sosta;;;;;;;
5063240;8;17/09/2020 20:55:00;Strada Urbana;VIA DON PRIMO MAZZOLARI;in prossimit�;;del civico n.;169;;Veicolo in marcia contro veicolo in sosta;Rettilineo;Una carreggiata a doppio senso;Asciutto;Asfaltata;Verticale ed orizzontale;Sereno;Normale;Buona;;1;0;0;0;12.6739;41.8941;-1;1;Motociclo a solo;In marcia / fermata / arresto;Conducente;M;Rimandato;0;NON DECEDUTO;;
5063240;8;17/09/2020 20:55:00;Strada Urbana;VIA DON PRIMO MAZZOLARI;in prossimit�;;del civico n.;169;;Veicolo in marcia contro veicolo in sosta;Rettilineo;Una carreggiata a doppio senso;Asciutto;Asfaltata;Verticale ed orizzontale;Sereno;Normale;Buona;;1;0;0;0;12.6739;41.8941;-1;2;Autovettura privata;Sosta;;;;;;;
5063284;19;17/09/2020 13:10:00;Strada Urbana;VIA DI CASAL DEL MARMO;all'intersezione con;VIA ROCCO PAGLIARA;VIA ROCCO PAGLIARA;;;Scontro laterale fra veicoli in marcia;Incrocio;Una carreggiata a doppio senso;Asciutto;Asfaltata;Orizzontale;Sereno;Normale;Buona;;1;0;0;1;12.389;41.9421;-1;1;Motociclo a solo;In marcia / fermata / arresto;Conducente;F;Rimandato;0;NON DECEDUTO;;
5063284;19;17/09/2020 13:10:00;Strada Urbana;VIA DI CASAL DEL MARMO;all'intersezione con;VIA ROCCO PAGLIARA;VIA ROCCO PAGLIARA;;;Scontro laterale fra veicoli in marcia;Incrocio;Una carreggiata a doppio senso;Asciutto;Asfaltata;Orizzontale;Sereno;Normale;Buona;;1;0;0;1;12.389;41.9421;-1;2;Autovettura privata;In marcia / fermata / arresto;Conducente;M;Illeso;0;;;
5063298;10;17/09/2020 12:20:00;Altra strada;VIA RANUCCIO BIANCHI BANDINELLI;da specificare;;;;rampa di immissione per CIRC. ORIENTALE;Tamponamento;Rettilineo;Una carreggiata a doppio senso;Asciutto;Asfaltata;Verticale ed orizzontale;Sereno;Normale;Buona;;0;0;0;3;12.5812;41.8221;-1;1;Autovettura privata;In marcia / fermata / arresto;Conducente;F;Illeso;0;;Non accertato;Inesploso
5063298;10;17/09/2020 12:20:00;Altra strada;VIA RANUCCIO BIANCHI BANDINELLI;da specificare;;;;rampa di immissione per CIRC. ORIENTALE;Tamponamento;Rettilineo;Una carreggiata a doppio senso;Asciutto;Asfaltata;Verticale ed orizzontale;Sereno;Normale;Buona;;0;0;0;3;12.5812;41.8221;-1;2;Autovettura privata;In marcia / fermata / arresto;Conducente;F;Illeso;0;;Non accertato;Inesploso
5063298;10;17/09/2020 12:20:00;Altra strada;VIA RANUCCIO BIANCHI BANDINELLI;da specificare;;;;rampa di immissione per CIRC. ORIENTALE;Tamponamento;Rettilineo;Una carreggiata a doppio senso;Asciutto;Asfaltata;Verticale ed orizzontale;Sereno;Normale;Buona;;0;0;0;3;12.5812;41.8221;-1;2;Autovettura privata;In marcia / fermata / arresto;Passeggero;M;Illeso;0;;Non accertato;Inesploso
5063319;11;17/09/2020 16:15:00;Strada Urbana;VIALE FERDINANDO BALDELLI;all'intersezione semaforizzata con;VIA TULLIO LEVI CIVITA;VIA TULLIO LEVI CIVITA;;;Scontro frontale fra veicoli in marcia;Intersezione semaforizzata;Due carreggiate;Asciutto;Asfaltata;Verticale ed orizzontale;Sereno;Normale;Buona;;0;0;0;2;12.474;41.8573;-1;1;Autovettura privata;In marcia / fermata / arresto;Conducente;F;Illeso;0;;Non accertato;Inesploso
5063319;11;17/09/2020 16:15:00;Strada Urbana;VIALE FERDINANDO BALDELLI;all'intersezione semaforizzata con;VIA TULLIO LEVI CIVITA;VIA TULLIO LEVI CIVITA;;;Scontro frontale fra veicoli in marcia;Intersezione semaforizzata;Due carreggiate;Asciutto;Asfaltata;Verticale ed orizzontale;Sereno;Normale;Buona;;0;0;0;2;12.474;41.8573;-1;1;Autovettura privata;In marcia / fermata / arresto;Passeggero;F;Illeso;0;;Non accertato;Inesploso
5063319;11;17/09/2020 16:15:00;Strada Urbana;VIALE FERDINANDO BALDELLI;all'intersezione semaforizzata con;VIA TULLIO LEVI CIVITA;VIA TULLIO LEVI CIVITA;;;Scontro frontale fra veicoli in marcia;Intersezione semaforizzata;Due carreggiate;Asciutto;Asfaltata;Verticale ed orizzontale;Sereno;Normale;Buona;;0;0;0;2;12.474;41.8573;-1;2;Autocarro inferiore 35 q.;In marcia / fermata / arresto;;;;;;;
5063331;20;17/09/2020 19:15:00;Strada Urbana;VIA FLAMINIA NUOVA;in prossimit�;;del palo luce n.;40;;Tamponamento Multiplo;Rettilineo;Una carreggiata a doppio senso;Asciutto;Asfaltata;Verticale ed orizzontale;Sereno;Intenso;Sufficiente;;0;0;0;5;12.4764;41.9545;-1;1;Autovettura privata;In marcia / fermata / arresto;Conducente;M;Illeso;0;;Non accertato;Inesploso
5063331;20;17/09/2020 19:15:00;Strada Urbana;VIA FLAMINIA NUOVA;in prossimit�;;del palo luce n.;40;;Tamponamento Multiplo;Rettilineo;Una carreggiata a doppio senso;Asciutto;Asfaltata;Verticale ed orizzontale;Sereno;Intenso;Sufficiente;;0;0;0;5;12.4764;41.9545;-1;1;Autovettura privata;In marcia / fermata / arresto;Passeggero;F;Illeso;0;;Non accertato;Inesploso
5063331;20;17/09/2020 19:15:00;Strada Urbana;VIA FLAMINIA NUOVA;in prossimit�;;del palo luce n.;40;;Tamponamento Multiplo;Rettilineo;Una carreggiata a doppio senso;Asciutto;Asfaltata;Verticale ed orizzontale;Sereno;Intenso;Sufficiente;;0;0;0;5;12.4764;41.9545;-1;2;Autovettura privata;In marcia / fermata / arresto;Conducente;M;Illeso;0;;Non accertato;Inesploso
5063331;20;17/09/2020 19:15:00;Strada Urbana;VIA FLAMINIA NUOVA;in prossimit�;;del palo luce n.;40;;Tamponamento Multiplo;Rettilineo;Una carreggiata a doppio senso;Asciutto;Asfaltata;Verticale ed orizzontale;Sereno;Intenso;Sufficiente;;0;0;0;5;12.4764;41.9545;-1;3;Autovettura privata;In marcia / fermata / arresto;Conducente;M;Illeso;0;;Non accertato;Inesploso
5063331;20;17/09/2020 19:15:00;Strada Urbana;VIA FLAMINIA NUOVA;in prossimit�;;del palo luce n.;40;;Tamponamento Multiplo;Rettilineo;Una carreggiata a doppio senso;Asciutto;Asfaltata;Verticale ed orizzontale;Sereno;Intenso;Sufficiente;;0;0;0;5;12.4764;41.9545;-1;4;Autovettura privata;In marcia / fermata / arresto;Conducente;M;Illeso;0;;Non accertato;Inesploso
5063342;18;17/09/2020 13:50:00;Strada Urbana;VIA BALDO DEGLI UBALDI;in corrispondenza;;del civico n.;220;;Scontro laterale fra veicoli in marcia;Rettilineo;Due carreggiate;Asciutto;Asfaltata;Verticale ed orizzontale;Sereno;Normale;Buona;;1;0;0;2;12.4371;41.9002;-1;1;Autovettura privata;In marcia / fermata / arresto;Conducente;M;Illeso;0;;Non accertato;Inesploso
5063342;18;17/09/2020 13:50:00;Strada Urbana;VIA BALDO DEGLI UBALDI;in corrispondenza;;del civico n.;220;;Scontro laterale fra veicoli in marcia;Rettilineo;Due carreggiate;Asciutto;Asfaltata;Verticale ed orizzontale;Sereno;Normale;Buona;;1;0;0;2;12.4371;41.9002;-1;1;Autovettura privata;In marcia / fermata / arresto;Passeggero;F;Illeso;0;;Non accertato;Inesploso
5063342;18;17/09/2020 13:50:00;Strada Urbana;VIA BALDO DEGLI UBALDI;in corrispondenza;;del civico n.;220;;Scontro laterale fra veicoli in marcia;Rettilineo;Due carreggiate;Asciutto;Asfaltata;Verticale ed orizzontale;Sereno;Normale;Buona;;1;0;0;2;12.4371;41.9002;-1;2;Motociclo a solo;In marcia / fermata / arresto;Conducente;M;Rifiuta cure immediate;0;NON DECEDUTO;Non accertato;
5063357;1;17/09/2020 08:10:00;Strada Urbana;VIA GIOVANNI GIOLITTI;all'intersezione con;VIA ALFREDO CAPPELLINI;VIA ALFREDO CAPPELLINI;;;Scontro frontale/laterale DX fra veicoli in marcia;Intersezione stradale segnalata;Una carreggiata a senso unico di marcia;Asciutto;Asfaltata;Verticale ed orizzontale;Sereno;Normale;Buona;;1;0;0;1;12.5051;41.8977;-1;1;Autovettura privata;In marcia / fermata / arresto;Conducente;M;Illeso;0;;Non accertato;Inesploso
5063357;1;17/09/2020 08:10:00;Strada Urbana;VIA GIOVANNI GIOLITTI;all'intersezione con;VIA ALFREDO CAPPELLINI;VIA ALFREDO CAPPELLINI;;;Scontro frontale/laterale DX fra veicoli in marcia;Intersezione stradale segnalata;Una carreggiata a senso unico di marcia;Asciutto;Asfaltata;Verticale ed orizzontale;Sereno;Normale;Buona;;1;0;0;1;12.5051;41.8977;-1;2;Monopattino elettrico;In marcia / fermata / arresto;Conducente;M;Rimandato;0;NON DECEDUTO;Esente;Inesploso
5063361;7;17/09/2020 18:50:00;Strada Urbana;VIALE DELLE GARDENIE;all'intersezione con;VIA DELLE CELIDONIE;VIA DELLE CELIDONIE;;;Scontro laterale fra veicoli in marcia;Incrocio;Due carreggiate;Asciutto;Asfaltata;Verticale ed orizzontale;Sereno;Scarso;Sufficiente;;2;0;0;0;12.5644;41.8861;-1;1;Motociclo con passeggero;In marcia / fermata / arresto;Conducente;M;Rimandato;0;NON DECEDUTO;Non accertato;
5063361;7;17/09/2020 18:50:00;Strada Urbana;VIALE DELLE GARDENIE;all'intersezione con;VIA DELLE CELIDONIE;VIA DELLE CELIDONIE;;;Scontro laterale fra veicoli in marcia;Incrocio;Due carreggiate;Asciutto;Asfaltata;Verticale ed orizzontale;Sereno;Scarso;Sufficiente;;2;0;0;0;12.5644;41.8861;-1;1;Motociclo con passeggero;In marcia / fermata / arresto;Passeggero;M;Rimandato;0;NON DECEDUTO;Non accertato;
5063378;9;17/09/2020 14:50:00;;VIA TUSCOLANA;in prossimit�;;del civico n.;212;;Tamponamento;;;;;;;;;;0;0;0;3;12.5232;41.8785;0;1;Autovettura privata;In marcia / fermata / arresto;Conducente;M;Illeso;0;;;
5063378;9;17/09/2020 14:50:00;;VIA TUSCOLANA;in prossimit�;;del civico n.;212;;Tamponamento;;;;;;;;;;0;0;0;3;12.5232;41.8785;0;2;Autovettura privata;In marcia / fermata / arresto;Conducente;F;Illeso;0;;;
5063378;9;17/09/2020 14:50:00;;VIA TUSCOLANA;in prossimit�;;del civico n.;212;;Tamponamento;;;;;;;;;;0;0;0;3;12.5232;41.8785;0;2;Autovettura privata;In marcia / fermata / arresto;Passeggero;F;Illeso;0;;;
5063381;12;17/09/2020 09:15:00;Strada Urbana;VIALE DEI CADUTI PER LA RESISTENZA;all'intersezione con;VIA DEGLI EROI DI COO;VIA DEGLI EROI DI COO;;;Scontro laterale fra veicoli in marcia;Intersezione stradale segnalata;Una carreggiata a senso unico di marcia;Asciutto;Asfaltata;Verticale ed orizzontale;Sereno;Scarso;Buona;;1;0;0;1;12.4465;41.791;-1;1;Autobus di linea;In marcia / fermata / arresto;Conducente;M;Rimandato;0;NON DECEDUTO;Non accertato;Inesploso
5063381;12;17/09/2020 09:15:00;Strada Urbana;VIALE DEI CADUTI PER LA RESISTENZA;all'intersezione con;VIA DEGLI EROI DI COO;VIA DEGLI EROI DI COO;;;Scontro laterale fra veicoli in marcia;Intersezione stradale segnalata;Una carreggiata a senso unico di marcia;Asciutto;Asfaltata;Verticale ed orizzontale;Sereno;Scarso;Buona;;1;0;0;1;12.4465;41.791;-1;2;Autovettura privata;In marcia / fermata / arresto;Conducente;M;Illeso;0;;Non accertato;Inesploso
5063396;1;17/09/2020 11:30:00;Strada Urbana;PIAZZA DI PORTA CAPENA;all'intersezione semaforizzata con;VIALE AVENTINO;VIALE AVENTINO;;;Scontro laterale fra veicoli in marcia;Intersezione semaforizzata;Una carreggiata a senso unico di marcia;Asciutto;Asfaltata;Verticale ed orizzontale;Sereno;Normale;Buona;;0;0;0;2;12.4895;41.8842;-1;1;Autocarro superiore 35 q.;In marcia / fermata / arresto;Conducente;M;Illeso;0;;Non accertato;Inesploso
5063396;1;17/09/2020 11:30:00;Strada Urbana;PIAZZA DI PORTA CAPENA;all'intersezione semaforizzata con;VIALE AVENTINO;VIALE AVENTINO;;;Scontro laterale fra veicoli in marcia;Intersezione semaforizzata;Una carreggiata a senso unico di marcia;Asciutto;Asfaltata;Verticale ed orizzontale;Sereno;Normale;Buona;;0;0;0;2;12.4895;41.8842;-1;2;Autovettura privata;In marcia / fermata / arresto;Conducente;M;Illeso;0;;;
5063397;5;17/09/2020 13:05:00;Strada Urbana;VIA IGNAZIO PETTINENGO;all'intersezione con;VIA ALFONSO TORELLI;VIA ALFONSO TORELLI;;;Scontro frontale/laterale SX fra veicoli in marcia;Incrocio;Due carreggiate;Asciutto;Asfaltata;Orizzontale;Sereno;Normale;Buona;;0;0;0;2;12.539;41.9001;-1;1;Autovettura privata;In marcia / fermata / arresto;Conducente;M;Illeso;0;;;
5063397;5;17/09/2020 13:05:00;Strada Urbana;VIA IGNAZIO PETTINENGO;all'intersezione con;VIA ALFONSO TORELLI;VIA ALFONSO TORELLI;;;Scontro frontale/laterale SX fra veicoli in marcia;Incrocio;Due carreggiate;Asciutto;Asfaltata;Orizzontale;Sereno;Normale;Buona;;0;0;0;2;12.539;41.9001;-1;2;Autovettura privata;In marcia / fermata / arresto;Conducente;M;Illeso;0;;;
5063398;17;17/09/2020 21:45:00;Strada Urbana;VIA BRACCIANENSE;da specificare;;;;al km 2,400;Ribaltamento senza urto contro ostacolo fisso;Rettilineo;Una carreggiata a doppio senso;Asciutto;Strada pavimentata dissestata;Orizzontale;Sereno;Scarso;Sufficiente;;1;0;0;0;12.3653;42.0132;-1;1;Motociclo a solo;In marcia / fermata / arresto;Conducente;M;Rimandato;0;NON DECEDUTO;Non accertato;