Protocollo;Gruppo;DataOraIncidente;Localizzazione1;STRADA1;Localizzazione2;STRADA2;Strada02;Chilometrica;DaSpecificare;NaturaIncidente;particolaritastrade;TipoStrada;FondoStradale;Pavimentazione;Segnaletica;CondizioneAtmosferica;Traffico;Visibilita;Illuminazione;NUM_FERITI;NUM_RISERVATA;NUM_MORTI;NUM_ILLESI;Longitudine;Latitudine;Confermato;Progressivo;TipoVeicolo;StatoVeicolo;TipoPersona;Sesso;Tipolesione;Deceduto;DecedutoDopo;CinturaCascoUtilizzato;Airbag;
5063406;7;17/09/2020 15:20:00;Strada Urbana;VIA DEI FAGGI;all'intersezione con;VIA DEI LAURI;VIA DEI LAURI;;;Scontro frontale/laterale SX fra veicoli in marcia;Incrocio;Una carreggiata a doppio senso;Asciutto;Asfaltata;Verticale ed orizzontale;Sereno;Normale;Buona;;0;0;0;3;12.5643;41.8844;-1;1;Autovettura privata;In marcia / fermata / arresto;Conducente;M;Illeso;0;;Non accertato;Inesploso
5063406;7;17/09/2020 15:20:00;Strada Urbana;VIA DEI FAGGI;all'intersezione con;VIA DEI LAURI;VIA DEI LAURI;;;Scontro frontale/laterale SX fra veicoli in marcia;Incrocio;Una carreggiata a doppio senso;Asciutto;Asfaltata;Verticale ed orizzontale;Sereno;Normale;Buona;;0;0;0;3;12.5643;41.8844;-1;2;Autovettura privata;In marcia / fermata / arresto;Conducente;M;Illeso;0;;Non accertato;Inesploso
5063406;7;17/09/2020 15:20:00;Strada Urbana;VIA DEI FAGGI;all'intersezione con;VIA DEI LAURI;VIA DEI LAURI;;;Scontro frontale/laterale SX fra veicoli in marcia;Incrocio;Una carreggiata a doppio senso;Asciutto;Asfaltata;Verticale ed orizzontale;Sereno;Normale;Buona;;0;0;0;3;12.5643;41.8844;-1;3;Autovettura privata;In marcia / fermata / arresto;Conducente;F;Illeso;0;;Non accertato;Inesploso
5063406;7;17/09/2020 15:20:00;Strada Urbana;VIA DEI FAGGI;all'intersezione con;VIA DEI LAURI;VIA DEI LAURI;;;Scontro frontale/laterale SX fra veicoli in marcia;Incrocio;Una carreggiata a doppio senso;Asciutto;Asfaltata;Verticale ed orizzontale;Sereno;Normale;Buona;;0;0;0;3;12.5643;41.8844;-1;4;Autovettura privata;Sosta;;;;;;;
5063411;17;17/09/2020 18:50:00;Strada Urbana;PIAZZA ADRIANA;in prossimit�;;del civico n.;20;;Tamponamento;Rettilineo;Una carreggiata a senso unico di marcia;Asciutto;Asfaltata;Orizzontale;Sereno;Intenso;Sufficiente;;0;0;0;3;12.4641;41.9042;-1;1;Autovettura privata;In marcia / fermata / arresto;Conducente;M;Illeso;0;;;
5063411;17;17/09/2020 18:50:00;Strada Urbana;PIAZZA ADRIANA;in prossimit�;;del civico n.;20;;Tamponamento;Rettilineo;Una carreggiata a senso unico di marcia;Asciutto;Asfaltata;Orizzontale;Sereno;Intenso;Sufficiente;;0;0;0;3;12.4641;41.9042;-1;2;Autovettura privata;In marcia / fermata / arresto;Conducente;M;Illeso;0;;;
5063411;17;17/09/2020 18:50:00;Strada Urbana;PIAZZA ADRIANA;in prossimit�;;del civico n.;20;;Tamponamento;Rettilineo;Una carreggiata a senso unico di marcia;Asciutto;Asfaltata;Orizzontale;Sereno;Intenso;Sufficiente;;0;0;0;3;12.4641;41.9042;-1;2;Autovettura privata;In marcia / fermata / arresto;Passeggero;F;Illeso;0;;;
5063412;1;17/09/2020 10:50:00;Strada Urbana;LARGO DELLE TERME DI CARACALLA;in prossimit�;;del palo luce n.;115;;Infortunio per caduta del veicolo;Rettilineo;Una carreggiata a senso unico di marcia;Asciutto;Asfaltata;Verticale ed orizzontale;Sereno;Normale;Buona;;1;0;0;0;;;0;1;Motociclo a solo;In marcia / fermata / arresto;Conducente;M;Rimandato;0;NON DECEDUTO;;
5063419;9;17/09/2020 15:50:00;Strada Urbana;VIA DEI COLLI ALBANI;all'intersezione con;VIA ROCCA PRIORA;VIA ROCCA PRIORA;;;Infortunio per caduta del veicolo;Incrocio;Una carreggiata a senso unico di marcia;Asciutto;Asfaltata;Verticale ed orizzontale;Sereno;Normale;Buona;;2;0;0;1;12.531;41.8697;-1;1;Autovettura privata;In marcia / fermata / arresto;Conducente;F;Illeso;0;;Non accertato;Inesploso
5063419;9;17/09/2020 15:50:00;Strada Urbana;VIA DEI COLLI ALBANI;all'intersezione con;VIA ROCCA PRIORA;VIA ROCCA PRIORA;;;Infortunio per caduta del veicolo;Incrocio;Una carreggiata a senso unico di marcia;Asciutto;Asfaltata;Verticale ed orizzontale;Sereno;Normale;Buona;;2;0;0;1;12.531;41.8697;-1;2;Motociclo con passeggero;In marcia / fermata / arresto;Conducente;M;Rimandato;0;NON DECEDUTO;Non accertato;
5063419;9;17/09/2020 15:50:00;Strada Urbana;VIA DEI COLLI ALBANI;all'intersezione con;VIA ROCCA PRIORA;VIA ROCCA PRIORA;;;Infortunio per caduta del veicolo;Incrocio;Una carreggiata a senso unico di marcia;Asciutto;Asfaltata;Verticale ed orizzontale;Sereno;Normale;Buona;;2;0;0;1;12.531;41.8697;-1;2;Motociclo con passeggero;In marcia / fermata / arresto;Passeggero;M;Rimandato;0;NON DECEDUTO;Non accertato;
5063426;12;17/09/2020 12:15:00;Strada Urbana;PIAZZA GUGLIELMO MARCONI;da specificare;;;;DIREZIONE CENTRO;Scontro laterale fra veicoli in marcia;Rotatoria;Pi� di due carreggiate;Asciutto;Asfaltata;Verticale ed orizzontale;Sereno;Normale;Buona;;0;0;0;3;12.4711;41.8335;-1;1;Motociclo a solo;In marcia / fermata / arresto;Conducente;F;Illeso;0;;;
5063426;12;17/09/2020 12:15:00;Strada Urbana;PIAZZA GUGLIELMO MARCONI;da specificare;;;;DIREZIONE CENTRO;Scontro laterale fra veicoli in marcia;Rotatoria;Pi� di due carreggiate;Asciutto;Asfaltata;Verticale ed orizzontale;Sereno;Normale;Buona;;0;0;0;3;12.4711;41.8335;-1;2;Autovettura privata;In marcia / fermata / arresto;Conducente;M;Illeso;0;;Non accertato;Inesploso
5063426;12;17/09/2020 12:15:00;Strada Urbana;PIAZZA GUGLIELMO MARCONI;da specificare;;;;DIREZIONE CENTRO;Scontro laterale fra veicoli in marcia;Rotatoria;Pi� di due carreggiate;Asciutto;Asfaltata;Verticale ed orizzontale;Sereno;Normale;Buona;;0;0;0;3;12.4711;41.8335;-1;2;Autovettura privata;In marcia / fermata / arresto;Passeggero;M;Illeso;0;;;
5063440;7;17/09/2020 20:35:00;Strada Urbana;VIA DEL MAGGIOLINO;all'intersezione con;VIA PRENESTINA;VIA PRENESTINA;;;Scontro laterale fra veicoli in marcia;Incrocio;Una carreggiata a doppio senso;Asciutto;Asfaltata;Verticale ed orizzontale;Sereno;Normale;Sufficiente;;1;0;0;1;12.6067;41.8938;-1;1;Autovettura privata;In marcia / fermata / arresto;Conducente;M;Rimandato;0;NON DECEDUTO;Non accertato;Inesploso
5063440;7;17/09/2020 20:35:00;Strada Urbana;VIA DEL MAGGIOLINO;all'intersezione con;VIA PRENESTINA;VIA PRENESTINA;;;Scontro laterale fra veicoli in marcia;Incrocio;Una carreggiata a doppio senso;Asciutto;Asfaltata;Verticale ed orizzontale;Sereno;Normale;Sufficiente;;1;0;0;1;12.6067;41.8938;-1;2;Trattore stradale;In marcia / fermata / arresto;Conducente;M;Illeso;0;;Non accertato;Inesploso
5063457;4;17/09/2020 07:20:00;Strada Urbana;VIA PALMIANO;da specificare;;;;rotatoria altezza largo Santa Vittoria in Mantenan;Scontro frontale/laterale DX fra veicoli in marcia;Rotatoria;Una carreggiata a doppio senso;Asciutto;Asfaltata;Verticale ed orizzontale;Sereno;Normale;Buona;;0;0;0;3;12.5199;41.983;-1;1;Autovettura privata;In marcia / fermata / arresto;Conducente;M;Illeso;0;;Non accertato;Inesploso
5063457;4;17/09/2020 07:20:00;Strada Urbana;VIA PALMIANO;da specificare;;;;rotatoria altezza largo Santa Vittoria in Mantenan;Scontro frontale/laterale DX fra veicoli in marcia;Rotatoria;Una carreggiata a doppio senso;Asciutto;Asfaltata;Verticale ed orizzontale;Sereno;Normale;Buona;;0;0;0;3;12.5199;41.983;-1;2;Autovettura privata;In marcia / fermata / arresto;Conducente;M;Illeso;0;;Non accertato;Inesploso
5063457;4;17/09/2020 07:20:00;Strada Urbana;VIA PALMIANO;da specificare;;;;rotatoria altezza largo Santa Vittoria in Mantenan;Scontro frontale/laterale DX fra veicoli in marcia;Rotatoria;Una carreggiata a doppio senso;Asciutto;Asfaltata;Verticale ed orizzontale;Sereno;Normale;Buona;;0;0;0;3;12.5199;41.983;-1;2;Autovettura privata;In marcia / fermata / arresto;Passeggero;M;Illeso;0;;Non accertato;Inesploso
5063463;1;17/09/2020 18:10:00;Strada Urbana;PIAZZA DI PORTA S. PAOLO;all'intersezione con;VIALE GIOTTO;VIALE GIOTTO;;;Scontro frontale/laterale DX fra veicoli in marcia;Incrocio;Una carreggiata a senso unico alternato;Asciutto;Asfaltata;Verticale ed orizzontale;Sereno;Normale;Buona;;3;0;0;0;12.482;41.8767;-1;1;Autovettura privata;In marcia / fermata / arresto;Conducente;M;Rifiuta cure immediate;0;NON DECEDUTO;Non accertato;Inesploso
5063463;1;17/09/2020 18:10:00;Strada Urbana;PIAZZA DI PORTA S. PAOLO;all'intersezione con;VIALE GIOTTO;VIALE GIOTTO;;;Scontro frontale/laterale DX fra veicoli in marcia;Incrocio;Una carreggiata a senso unico alternato;Asciutto;Asfaltata;Verticale ed orizzontale;Sereno;Normale;Buona;;3;0;0;0;12.482;41.8767;-1;1;Autovettura privata;In marcia / fermata / arresto;Passeggero;F;Rifiuta cure immediate;0;NON DECEDUTO;Non accertato;Inesploso
5063463;1;17/09/2020 18:10:00;Strada Urbana;PIAZZA DI PORTA S. PAOLO;all'intersezione con;VIALE GIOTTO;VIALE GIOTTO;;;Scontro frontale/laterale DX fra veicoli in marcia;Incrocio;Una carreggiata a senso unico alternato;Asciutto;Asfaltata;Verticale ed orizzontale;Sereno;Normale;Buona;;3;0;0;0;12.482;41.8767;-1;2;Autovettura privata;In marcia / fermata / arresto;Conducente;M;Rifiuta cure immediate;0;NON DECEDUTO;Non accertato;Inesploso
5063469;1;17/09/2020 16:30:00;Strada Urbana;VICOLO DELLE VACCHE;in prossimit�;;del civico n.;12;;Infortunio per caduta del veicolo;Rettilineo;Una carreggiata a senso unico di marcia;Asciutto;In cubetti di porfido;Assente;Sereno;Scarso;Buona;;1;0;0;0;;;0;1;Motociclo a solo;In marcia / fermata / arresto;Conducente;M;Rimandato;0;NON DECEDUTO;;
5063486;6;18/09/2020 08:15:00;Strada Urbana;VIA PRENESTINA;in prossimit�;;del civico n.;41;;Tamponamento Multiplo;Rettilineo;Due carreggiate;Asciutto;Asfaltata;Verticale ed orizzontale;Sereno;Normale;Buona;;0;0;0;4;12.5229;41.8913;-1;1;Autovettura privata;In marcia / fermata / arresto;Conducente;M;Illeso;0;;Non accertato;Inesploso
5063486;6;18/09/2020 08:15:00;Strada Urbana;VIA PRENESTINA;in prossimit�;;del civico n.;41;;Tamponamento Multiplo;Rettilineo;Due carreggiate;Asciutto;Asfaltata;Verticale ed orizzontale;Sereno;Normale;Buona;;0;0;0;4;12.5229;41.8913;-1;1;Autovettura privata;In marcia / fermata / arresto;Passeggero;F;Illeso;0;;Non accertato;Inesploso
5063486;6;18/09/2020 08:15:00;Strada Urbana;VIA PRENESTINA;in prossimit�;;del civico n.;41;;Tamponamento Multiplo;Rettilineo;Due carreggiate;Asciutto;Asfaltata;Verticale ed orizzontale;Sereno;Normale;Buona;;0;0;0;4;12.5229;41.8913;-1;2;Autovettura privata;In marcia / fermata / arresto;Conducente;M;Illeso;0;;Non accertato;Inesploso
5063486;6;18/09/2020 08:15:00;Strada Urbana;VIA PRENESTINA;in prossimit�;;del civico n.;41;;Tamponamento Multiplo;Rettilineo;Due carreggiate;Asciutto;Asfaltata;Verticale ed orizzontale;Sereno;Normale;Buona;;0;0;0;4;12.5229;41.8913;-1;3;Autovettura privata;In marcia / fermata / arresto;Conducente;M;Illeso;0;;Non accertato;Inesploso
5063496;7;18/09/2020 02:50:00;Strada Urbana;VIA RENZO DA CERI;in corrispondenza;;del civico n.;66;;Investimento di pedone;Rettilineo;Una carreggiata a senso unico di marcia;Asciutto;Asfaltata;Verticale ed orizzontale;Sereno;Scarso;Buona;;0;0;0;2;12.5386;41.8906;-1;;;;Pedone sconosciuto;;Illeso;0;;;
5063496;7;18/09/2020 02:50:00;Strada Urbana;VIA RENZO DA CERI;in corrispondenza;;del civico n.;66;;Investimento di pedone;Rettilineo;Una carreggiata a senso unico di marcia;Asciutto;Asfaltata;Verticale ed orizzontale;Sereno;Scarso;Buona;;0;0;0;2;12.5386;41.8906;-1;1;Autovettura privata;In marcia / fermata / arresto;Conducente;M;Illeso;0;;Non accertato;Inesploso
5063501;17;16/09/2020 21:05:00;Strada Urbana;LUNGOTEVERE IN SASSIA;da specificare;;;;in prossimit� di piazza della Rovere;Scontro laterale fra veicoli in marcia;Rettilineo;Una carreggiata a senso unico di marcia;Asciutto;Asfaltata;Verticale;Sereno;Normale;Buona;;0;0;0;2;12.4627;41.8999;-1;1;Autovettura privata;In marcia / fermata / arresto;Conducente;M;Illeso;0;;;
5063501;17;16/09/2020 21:05:00;Strada Urbana;LUNGOTEVERE IN SASSIA;da specificare;;;;in prossimit� di piazza della Rovere;Scontro laterale fra veicoli in marcia;Rettilineo;Una carreggiata a senso unico di marcia;Asciutto;Asfaltata;Verticale;Sereno;Normale;Buona;;0;0;0;2;12.4627;41.8999;-1;2;Autobus di linea;In marcia / fermata / arresto;Conducente;M;Illeso;0;;;
5063510;4;17/09/2020 12:30:00;Strada Urbana;VIA ALBERTO LIONELLO;in prossimit�;;del civico n.;201;;Veicolo in marcia contro veicolo fermo;Rettilineo;Una carreggiata a doppio senso;Asciutto;Asfaltata;Verticale ed orizzontale;Sereno;Normale;Buona;;0;0;0;4;12.5407;41.9733;-1;1;Autovettura privata;In marcia / fermata / arresto;Conducente;F;Illeso;0;;Non accertato;Inesploso
5063510;4;17/09/2020 12:30:00;Strada Urbana;VIA ALBERTO LIONELLO;in prossimit�;;del civico n.;201;;Veicolo in marcia contro veicolo fermo;Rettilineo;Una carreggiata a doppio senso;Asciutto;Asfaltata;Verticale ed orizzontale;Sereno;Normale;Buona;;0;0;0;4;12.5407;41.9733;-1;1;Autovettura privata;In marcia / fermata / arresto;Passeggero;F;Illeso;0;;Non accertato;Inesploso
5063510;4;17/09/2020 12:30:00;Strada Urbana;VIA ALBERTO LIONELLO;in prossimit�;;del civico n.;201;;Veicolo in marcia contro veicolo fermo;Rettilineo;Una carreggiata a doppio senso;Asciutto;Asfaltata;Verticale ed orizzontale;Sereno;Normale;Buona;;0;0;0;4;12.5407;41.9733;-1;2;Autovettura privata;In marcia / fermata / arresto;Conducente;M;Illeso;0;;Non accertato;Inesploso
5063510;4;17/09/2020 12:30:00;Strada Urbana;VIA ALBERTO LIONELLO;in prossimit�;;del civico n.;201;;Veicolo in marcia contro veicolo fermo;Rettilineo;Una carreggiata a doppio senso;Asciutto;Asfaltata;Verticale ed orizzontale;Sereno;Normale;Buona;;0;0;0;4;12.5407;41.9733;-1;2;Autovettura privata;In marcia / fermata / arresto;Passeggero;F;Illeso;0;;Non accertato;Inesploso
5063515;1;17/09/2020 14:50:00;Strada Urbana;VIA DELL'AMBA ARADAM;in corrispondenza;;del civico n.;31;;Scontro frontale/laterale SX fra veicoli in marcia;Rettilineo;Una carreggiata a doppio senso;Asciutto;Asfaltata;Verticale ed orizzontale;Sereno;Normale;Buona;;1;0;0;1;12.5004;41.8838;-1;1;Autovettura privata;In marcia / fermata / arresto;Conducente;F;Illeso;0;;;
5063515;1;17/09/2020 14:50:00;Strada Urbana;VIA DELL'AMBA ARADAM;in corrispondenza;;del civico n.;31;;Scontro frontale/laterale SX fra veicoli in marcia;Rettilineo;Una carreggiata a doppio senso;Asciutto;Asfaltata;Verticale ed orizzontale;Sereno;Normale;Buona;;1;0;0;1;12.5004;41.8838;-1;2;Motociclo a solo;In marcia / fermata / arresto;Conducente;M;Rimandato;0;NON DECEDUTO;;
5063534;4;17/09/2020 09:50:00;Strada Urbana;VIA DARIO NICCODEMI;da specificare;;;;in prossimit� fronte civico 88;Veicolo in marcia contro ostacolo fisso;Rettilineo;Una carreggiata a doppio senso;Asciutto;Asfaltata;Verticale ed orizzontale;Sereno;Normale;Buona;;0;0;0;1;12.5487;41.955;-1;1;Autovettura privata;In marcia / fermata / arresto;Conducente;M;Illeso;0;;Non accertato;Inesploso
5063543;1;17/09/2020 11:30:00;Strada Urbana;LARGO DELLE TERME DI CARACALLA;all'intersezione semaforizzata con;VIALE GUIDO BACCELLI;VIALE GUIDO BACCELLI;;;Scontro laterale fra veicoli in marcia;Intersezione semaforizzata;Due carreggiate;Asciutto;Asfaltata;Verticale ed orizzontale;Sereno;Intenso;Buona;;0;0;0;2;12.4962;41.8751;-1;1;Autocarro superiore 35 q.;In marcia / fermata / arresto;Conducente;M;Illeso;0;;Non accertato;Inesploso
5063543;1;17/09/2020 11:30:00;Strada Urbana;LARGO DELLE TERME DI CARACALLA;all'intersezione semaforizzata con;VIALE GUIDO BACCELLI;VIALE GUIDO BACCELLI;;;Scontro laterale fra veicoli in marcia;Intersezione semaforizzata;Due carreggiate;Asciutto;Asfaltata;Verticale ed orizzontale;Sereno;Intenso;Buona;;0;0;0;2;12.4962;41.8751;-1;2;Autovettura privata;In marcia / fermata / arresto;Conducente;M;Illeso;0;;Non accertato;Inesploso
5063549;17;17/09/2020 00:40:00;Strada Urbana;VIA FABIO MASSIMO;all'intersezione con;VIA GERMANICO;VIA GERMANICO;;;Scontro frontale/laterale SX fra veicoli in marcia;Incrocio;Una carreggiata a senso unico di marcia;Asciutto;Asfaltata;Verticale ed orizzontale;Sereno;Scarso;Buona;;1;0;0;1;12.4622;41.9088;-1;1;Autovettura privata;In marcia / fermata / arresto;Conducente;M;Illeso;0;;Non accertato;
5063549;17;17/09/2020 00:40:00;Strada Urbana;VIA FABIO MASSIMO;all'intersezione con;VIA GERMANICO;VIA GERMANICO;;;Scontro frontale/laterale SX fra veicoli in marcia;Incrocio;Una carreggiata a senso unico di marcia;Asciutto;Asfaltata;Verticale ed orizzontale;Sereno;Scarso;Buona;;1;0;0;1;12.4622;41.9088;-1;2;Autovettura privata;In marcia / fermata / arresto;Conducente;M;Rimandato;0;NON DECEDUTO;Non accertato;Esploso
5063566;17;17/09/2020 12:04:00;Strada Urbana;VIA EZIO;in prossimit�;;del civico n.;15 A;;Veicolo in marcia contro veicoli in sosta;Rettilineo;Una carreggiata a senso unico di marcia;Asciutto;Asfaltata;Verticale ed orizzontale;Sereno;Normale;Buona;;0;0;0;1;12.4664;41.9091;-1;1;Autovettura privata;In marcia / fermata / arresto;Conducente;F;Illeso;0;;;
5063566;17;17/09/2020 12:04:00;Strada Urbana;VIA EZIO;in prossimit�;;del civico n.;15 A;;Veicolo in marcia contro veicoli in sosta;Rettilineo;Una carreggiata a senso unico di marcia;Asciutto;Asfaltata;Verticale ed orizzontale;Sereno;Normale;Buona;;0;0;0;1;12.4664;41.9091;-1;2;Autovettura privata;Sosta;;;;;;;
5063566;17;17/09/2020 12:04:00;Strada Urbana;VIA EZIO;in prossimit�;;del civico n.;15 A;;Veicolo in marcia contro veicoli in sosta;Rettilineo;Una carreggiata a senso unico di marcia;Asciutto;Asfaltata;Verticale ed orizzontale;Sereno;Normale;Buona;;0;0;0;1;12.4664;41.9091;-1;3;Autovettura privata;Sosta;;;;;;;
5063574;4;17/09/2020 16:45:00;Strada Urbana;VIA DI SETTEBAGNI;da specificare;;;;in prossimit� rampa accesso GRA;Veicolo in marcia contro ostacolo fisso;Curva senza visuale libera;Una carreggiata a senso unico di marcia;Asciutto;Asfaltata;Verticale ed orizzontale;Sereno;Normale;Buona;;0;0;0;1;12.5402;41.9773;-1;1;Autovettura privata;In marcia / fermata / arresto;Conducente;M;Illeso;0;;Non accertato;
5063577;13;17/09/2020 17:00:00;Provinciale entro l'abitato;VIA DEL MARE;da specificare;;;;prox. km 22.900;Tamponamento Multiplo;Rettilineo;Una carreggiata a doppio senso;Asciutto;Asfaltata;Verticale ed orizzontale;Sereno;Normale;Buona;;2;0;0;2;12.3773;41.79;-1;1;Autovettura privata;In marcia / fermata / arresto;Conducente;M;Illeso;0;;Non accertato;Esploso
5063577;13;17/09/2020 17:00:00;Provinciale entro l'abitato;VIA DEL MARE;da specificare;;;;prox. km 22.900;Tamponamento Multiplo;Rettilineo;Una carreggiata a doppio senso;Asciutto;Asfaltata;Verticale ed orizzontale;Sereno;Normale;Buona;;2;0;0;2;12.3773;41.79;-1;1;Autovettura privata;In marcia / fermata / arresto;Passeggero;M;Rimandato;0;NON DECEDUTO;Non accertato;
5063577;13;17/09/2020 17:00:00;Provinciale entro l'abitato;VIA DEL MARE;da specificare;;;;prox. km 22.900;Tamponamento Multiplo;Rettilineo;Una carreggiata a doppio senso;Asciutto;Asfaltata;Verticale ed orizzontale;Sereno;Normale;Buona;;2;0;0;2;12.3773;41.79;-1;2;Autovettura privata;In marcia / fermata / arresto;Conducente;M;Rimandato;0;NON DECEDUTO;Non accertato;
5063577;13;17/09/2020 17:00:00;Provinciale entro l'abitato;VIA DEL MARE;da specificare;;;;prox. km 22.900;Tamponamento Multiplo;Rettilineo;Una carreggiata a doppio senso;Asciutto;Asfaltata;Verticale ed orizzontale;Sereno;Normale;Buona;;2;0;0;2;12.3773;41.79;-1;3;Autovettura privata;In marcia / fermata / arresto;Conducente;F;Illeso;0;;Non accertato;Inesploso
5063594;5;17/09/2020 08:05:00;Strada Urbana;VIA TIBURTINA;all'intersezione con;VIA DEI MONTI TIBURTINI;VIA DEI MONTI TIBURTINI;;;Scontro frontale/laterale DX fra veicoli in marcia;Incrocio;Pi� di due carreggiate;Asciutto;Asfaltata;Verticale ed orizzontale;Sereno;Normale;Buona;;3;0;0;1;12.5537;41.9124;-1;1;Autovettura di soccorso;In marcia / fermata / arresto;Conducente;M;Illeso;0;;Non accertato;Inesploso
5063594;5;17/09/2020 08:05:00;Strada Urbana;VIA TIBURTINA;all'intersezione con;VIA DEI MONTI TIBURTINI;VIA DEI MONTI TIBURTINI;;;Scontro frontale/laterale DX fra veicoli in marcia;Incrocio;Pi� di due carreggiate;Asciutto;Asfaltata;Verticale ed orizzontale;Sereno;Normale;Buona;;3;0;0;1;12.5537;41.9124;-1;1;Autovettura di soccorso;In marcia / fermata / arresto;Passeggero;F;Ricoverato;0;NON DECEDUTO;Non accertato;Inesploso
5063594;5;17/09/2020 08:05:00;Strada Urbana;VIA TIBURTINA;all'intersezione con;VIA DEI MONTI TIBURTINI;VIA DEI MONTI TIBURTINI;;;Scontro frontale/laterale DX fra veicoli in marcia;Incrocio;Pi� di due carreggiate;Asciutto;Asfaltata;Verticale ed orizzontale;Sereno;Normale;Buona;;3;0;0;1;12.5537;41.9124;-1;1;Autovettura di soccorso;In marcia / fermata / arresto;Passeggero;F;Rimandato;0;NON DECEDUTO;Non accertato;Inesploso
5063594;5;17/09/2020 08:05:00;Strada Urbana;VIA TIBURTINA;all'intersezione con;VIA DEI MONTI TIBURTINI;VIA DEI MONTI TIBURTINI;;;Scontro frontale/laterale DX fra veicoli in marcia;Incrocio;Pi� di due carreggiate;Asciutto;Asfaltata;Verticale ed orizzontale;Sereno;Normale;Buona;;3;0;0;1;12.5537;41.9124;-1;2;Autovettura privata;In marcia / fermata / arresto;Conducente;F;Rimandato;0;NON DECEDUTO;Non accertato;Esploso
5063602;7;18/09/2020 09:10:00;Strada Urbana;VIALE GIORGIO DE CHIRICO;in prossimit�;;del civico n.;74;;Infortunio per sola frenata improvvisa;Rettilineo;Due carreggiate;Asciutto;Asfaltata;Orizzontale;Sereno;Normale;Buona;;1;0;0;2;12.5859;41.9003;-1;1;Motociclo a solo;In marcia / fermata / arresto;Conducente;M;Ricoverato;0;NON DECEDUTO;;
5063602;7;18/09/2020 09:10:00;Strada Urbana;VIALE GIORGIO DE CHIRICO;in prossimit�;;del civico n.;74;;Infortunio per sola frenata improvvisa;Rettilineo;Due carreggiate;Asciutto;Asfaltata;Orizzontale;Sereno;Normale;Buona;;1;0;0;2;12.5859;41.9003;-1;2;Autovettura privata;In marcia / fermata / arresto;Conducente;M;Illeso;0;;;
5063602;7;18/09/2020 09:10:00;Strada Urbana;VIALE GIORGIO DE CHIRICO;in prossimit�;;del civico n.;74;;Infortunio per sola frenata improvvisa;Rettilineo;Due carreggiate;Asciutto;Asfaltata;Orizzontale;Sereno;Normale;Buona;;1;0;0;2;12.5859;41.9003;-1;2;Autovettura privata;In marcia / fermata / arresto;Passeggero;F;Illeso;0;;Non accertato;Inesploso
5063610;1;17/09/2020 19:25:00;Strada Urbana;VIA GIORGIO AMENDOLA;all'intersezione semaforizzata con;VIA CAVOUR;VIA CAVOUR;;;Veicolo in marcia contro veicolo arresto;Intersezione semaforizzata;Una carreggiata a doppio senso;Asciutto;Asfaltata;Verticale ed orizzontale;Sereno;Normale;Buona;;0;0;0;3;12.5797;41.9122;-1;1;Autovettura privata;In marcia / fermata / arresto;Conducente;F;Illeso;0;;;
5063610;1;17/09/2020 19:25:00;Strada Urbana;VIA GIORGIO AMENDOLA;all'intersezione semaforizzata con;VIA CAVOUR;VIA CAVOUR;;;Veicolo in marcia contro veicolo arresto;Intersezione semaforizzata;Una carreggiata a doppio senso;Asciutto;Asfaltata;Verticale ed orizzontale;Sereno;Normale;Buona;;0;0;0;3;12.5797;41.9122;-1;2;Autovettura privata;In marcia / fermata / arresto;Conducente;M;Illeso;0;;;
5063610;1;17/09/2020 19:25:00;Strada Urbana;VIA GIORGIO AMENDOLA;all'intersezione semaforizzata con;VIA CAVOUR;VIA CAVOUR;;;Veicolo in marcia contro veicolo arresto;Intersezione semaforizzata;Una carreggiata a doppio senso;Asciutto;Asfaltata;Verticale ed orizzontale;Sereno;Normale;Buona;;0;0;0;3;12.5797;41.9122;-1;2;Autovettura privata;In marcia / fermata / arresto;Passeggero;F;Illeso;0;;;
5063614;2;17/09/2020 12:41:00;Strada Urbana;VIA DOMENICO CIMAROSA;all'intersezione con;VIALE LIEGI;VIALE LIEGI;;;Investimento di pedone;Incrocio;Una carreggiata a senso unico di marcia;Asciutto;Asfaltata;Verticale ed orizzontale;Sereno;Normale;Buona;;1;0;0;2;12.4975;41.9201;-1;;;;Pedone;M;Rimandato;0;NON DECEDUTO;;
5063614;2;17/09/2020 12:41:00;Strada Urbana;VIA DOMENICO CIMAROSA;all'intersezione con;VIALE LIEGI;VIALE LIEGI;;;Investimento di pedone;Incrocio;Una carreggiata a senso unico di marcia;Asciutto;Asfaltata;Verticale ed orizzontale;Sereno;Normale;Buona;;1;0;0;2;12.4975;41.9201;-1;1;Autovettura privata;In marcia / fermata / arresto;Conducente;M;Illeso;0;;Non accertato;Inesploso
5063614;2;17/09/2020 12:41:00;Strada Urbana;VIA DOMENICO CIMAROSA;all'intersezione con;VIALE LIEGI;VIALE LIEGI;;;Investimento di pedone;Incrocio;Una carreggiata a senso unico di marcia;Asciutto;Asfaltata;Verticale ed orizzontale;Sereno;Normale;Buona;;1;0;0;2;12.4975;41.9201;-1;1;Autovettura privata;In marcia / fermata / arresto;Passeggero;F;Illeso;0;;Non accertato;Inesploso