Protocollo;Gruppo;DataOraIncidente;Localizzazione1;STRADA1;Localizzazione2;STRADA2;Strada02;Chilometrica;DaSpecificare;NaturaIncidente;particolaritastrade;TipoStrada;FondoStradale;Pavimentazione;Segnaletica;CondizioneAtmosferica;Traffico;Visibilita;Illuminazione;NUM_FERITI;NUM_RISERVATA;NUM_MORTI;NUM_ILLESI;Longitudine;Latitudine;Confermato;Progressivo;TipoVeicolo;StatoVeicolo;TipoPersona;Sesso;Tipolesione;Deceduto;DecedutoDopo;CinturaCascoUtilizzato;Airbag;
5065048;2;19/09/2020 06:00:00;Strada Urbana;VIA COLLALTO SABINO;in corrispondenza;;del civico n.;58a;;Veicolo in marcia contro veicolo in sosta;Rettilineo;Una carreggiata a senso unico di marcia;Asciutto;Asfaltata;Verticale ed orizzontale;Sereno;Scarso;Sufficiente;;1;0;0;0;12.517;41.9307;-1;1;Autovettura privata;In marcia / fermata / arresto;Conducente;F;Rimandato;0;NON DECEDUTO;;
5065048;2;19/09/2020 06:00:00;Strada Urbana;VIA COLLALTO SABINO;in corrispondenza;;del civico n.;58a;;Veicolo in marcia contro veicolo in sosta;Rettilineo;Una carreggiata a senso unico di marcia;Asciutto;Asfaltata;Verticale ed orizzontale;Sereno;Scarso;Sufficiente;;1;0;0;0;12.517;41.9307;-1;2;Autovettura privata;Sosta;;;;;;;
5065052;20;18/09/2020 10:00:00;Strada Urbana;VIA CASSIA;all'intersezione con;VIA GIUSEPPE BELARDINELLI;VIA GIUSEPPE BELARDINELLI;;;Scontro frontale/laterale DX fra veicoli in marcia;Intersezione stradale segnalata;Una carreggiata a doppio senso;Asciutto;Asfaltata;Verticale ed orizzontale;Sereno;Intenso;Buona;;1;0;0;1;12.378;42.0152;-1;1;Autovettura privata;In marcia / fermata / arresto;Conducente;M;Illeso;0;;Non accertato;Inesploso
5065052;20;18/09/2020 10:00:00;Strada Urbana;VIA CASSIA;all'intersezione con;VIA GIUSEPPE BELARDINELLI;VIA GIUSEPPE BELARDINELLI;;;Scontro frontale/laterale DX fra veicoli in marcia;Intersezione stradale segnalata;Una carreggiata a doppio senso;Asciutto;Asfaltata;Verticale ed orizzontale;Sereno;Intenso;Buona;;1;0;0;1;12.378;42.0152;-1;2;Motociclo a solo;In marcia / fermata / arresto;Conducente;M;Rifiuta cure immediate;0;NON DECEDUTO;Non accertato;
5065073;20;18/09/2020 08:30:00;Strada Urbana;VIA CASSIA;da specificare;;;;altezza via Monte Mignaio;Tamponamento;Rettilineo;Una carreggiata a doppio senso;Asciutto;Asfaltata;Verticale ed orizzontale;Sereno;Normale;Buona;;1;0;0;1;12.4573;41.9585;-1;1;Autocarro inferiore 35 q.;In marcia / fermata / arresto;Conducente;M;Illeso;0;;Non accertato;Inesploso
5065073;20;18/09/2020 08:30:00;Strada Urbana;VIA CASSIA;da specificare;;;;altezza via Monte Mignaio;Tamponamento;Rettilineo;Una carreggiata a doppio senso;Asciutto;Asfaltata;Verticale ed orizzontale;Sereno;Normale;Buona;;1;0;0;1;12.4573;41.9585;-1;2;Autovettura privata;In marcia / fermata / arresto;Conducente;F;Rimandato;0;NON DECEDUTO;Non accertato;Inesploso
5065080;1;19/09/2020 04:30:00;Strada Urbana;VIA DI S. BIBIANA;da specificare;;;;ALL'INTERNO DELLA GALLERIA ;Veicolo in marcia contro ostacolo fisso;Galleria illuminata;Una carreggiata a senso unico di marcia;Asciutto;Asfaltata;Verticale ed orizzontale;Sereno;Scarso;Buona;;0;0;0;1;12.5102;41.8959;-1;1;Autovettura privata;In marcia / fermata / arresto;Conducente;M;Illeso;0;;Non accertato;Esploso
5065171;6;19/09/2020 05:50:00;Provinciale entro l'abitato;VIA PRENESTINA;in prossimit�;;del civico n.;58;;Investimento di pedone;Rettilineo;Pi� di due carreggiate;Asciutto;Asfaltata;Verticale ed orizzontale;Nuvoloso;Scarso;Buona;;0;1;0;2;12.5204;41.8913;-1;;;;Pedone;F;Prognosi riservata;0;NON DECEDUTO;;
5065171;6;19/09/2020 05:50:00;Provinciale entro l'abitato;VIA PRENESTINA;in prossimit�;;del civico n.;58;;Investimento di pedone;Rettilineo;Pi� di due carreggiate;Asciutto;Asfaltata;Verticale ed orizzontale;Nuvoloso;Scarso;Buona;;0;1;0;2;12.5204;41.8913;-1;1;Autovettura privata;In marcia / fermata / arresto;Conducente;M;Illeso;0;;Non accertato;Inesploso
5065171;6;19/09/2020 05:50:00;Provinciale entro l'abitato;VIA PRENESTINA;in prossimit�;;del civico n.;58;;Investimento di pedone;Rettilineo;Pi� di due carreggiate;Asciutto;Asfaltata;Verticale ed orizzontale;Nuvoloso;Scarso;Buona;;0;1;0;2;12.5204;41.8913;-1;1;Autovettura privata;In marcia / fermata / arresto;Passeggero;M;Illeso;0;;Non accertato;Inesploso
5065381;2;19/09/2020 12:40:00;Strada Urbana;VIALE XVII OLIMPIADE;da specificare;;;;altezza Piazza Grecia;Investimento di pedone;Rettilineo;Due carreggiate;Asciutto;Asfaltata;Verticale ed orizzontale;Sereno;Scarso;Buona;;0;1;0;1;12.4744;41.9328;-1;;;;Pedone;F;Prognosi riservata;0;NON DECEDUTO;;
5065381;2;19/09/2020 12:40:00;Strada Urbana;VIALE XVII OLIMPIADE;da specificare;;;;altezza Piazza Grecia;Investimento di pedone;Rettilineo;Due carreggiate;Asciutto;Asfaltata;Verticale ed orizzontale;Sereno;Scarso;Buona;;0;1;0;1;12.4744;41.9328;-1;1;Autovettura privata;In marcia / fermata / arresto;Conducente;M;Illeso;0;;;
5065413;10;18/09/2020 15:30:00;Strada Urbana;VIALE OPITA OPPIO;in prossimit�;;del civico n.;77;;Tamponamento;Rettilineo;Una carreggiata a doppio senso;Asciutto;Asfaltata;Verticale ed orizzontale;Sereno;Normale;Buona;;0;0;0;4;12.5503;41.8607;-1;1;Autovettura privata;In marcia / fermata / arresto;Conducente;M;Illeso;0;;Non accertato;Inesploso
5065413;10;18/09/2020 15:30:00;Strada Urbana;VIALE OPITA OPPIO;in prossimit�;;del civico n.;77;;Tamponamento;Rettilineo;Una carreggiata a doppio senso;Asciutto;Asfaltata;Verticale ed orizzontale;Sereno;Normale;Buona;;0;0;0;4;12.5503;41.8607;-1;1;Autovettura privata;In marcia / fermata / arresto;Passeggero;F;Illeso;0;;Non accertato;Inesploso
5065413;10;18/09/2020 15:30:00;Strada Urbana;VIALE OPITA OPPIO;in prossimit�;;del civico n.;77;;Tamponamento;Rettilineo;Una carreggiata a doppio senso;Asciutto;Asfaltata;Verticale ed orizzontale;Sereno;Normale;Buona;;0;0;0;4;12.5503;41.8607;-1;1;Autovettura privata;In marcia / fermata / arresto;Passeggero;M;Illeso;0;;Non accertato;Inesploso
5065413;10;18/09/2020 15:30:00;Strada Urbana;VIALE OPITA OPPIO;in prossimit�;;del civico n.;77;;Tamponamento;Rettilineo;Una carreggiata a doppio senso;Asciutto;Asfaltata;Verticale ed orizzontale;Sereno;Normale;Buona;;0;0;0;4;12.5503;41.8607;-1;2;Motociclo a solo;In marcia / fermata / arresto;Conducente;M;Illeso;0;;Non accertato;
5065414;4;19/09/2020;Strada Urbana;PIAZZA PAOLO CARCANO;da specificare;;;;(area di parcheggio altezza Via Filippo Cordova);Veicolo in marcia contro veicolo in sosta;Rettilineo;Due carreggiate;Asciutto;Asfaltata;Verticale;Sereno;Scarso;Buona;;0;0;0;1;12.5257;41.9585;-1;1;Autovettura privata;In marcia / fermata / arresto;Conducente;M;Illeso;0;;;
5065414;4;19/09/2020;Strada Urbana;PIAZZA PAOLO CARCANO;da specificare;;;;(area di parcheggio altezza Via Filippo Cordova);Veicolo in marcia contro veicolo in sosta;Rettilineo;Due carreggiate;Asciutto;Asfaltata;Verticale;Sereno;Scarso;Buona;;0;0;0;1;12.5257;41.9585;-1;2;Autovettura privata;Sosta;;;;;;;
5065428;9;18/09/2020 01:00:00;Strada Urbana;PIAZZA EPIRO;in corrispondenza;;del civico n.;24;;Veicolo in marcia contro veicoli in sosta;Rettilineo;Una carreggiata a senso unico di marcia;Asciutto;Asfaltata;Verticale ed orizzontale;Sereno;Scarso;Buona;;0;0;0;0;12.5046;41.8787;-1;1;Altro;Allontanatosi;;;;;;;
5065428;9;18/09/2020 01:00:00;Strada Urbana;PIAZZA EPIRO;in corrispondenza;;del civico n.;24;;Veicolo in marcia contro veicoli in sosta;Rettilineo;Una carreggiata a senso unico di marcia;Asciutto;Asfaltata;Verticale ed orizzontale;Sereno;Scarso;Buona;;0;0;0;0;12.5046;41.8787;-1;2;Autovettura privata;Sosta;;;;;;;
5065428;9;18/09/2020 01:00:00;Strada Urbana;PIAZZA EPIRO;in corrispondenza;;del civico n.;24;;Veicolo in marcia contro veicoli in sosta;Rettilineo;Una carreggiata a senso unico di marcia;Asciutto;Asfaltata;Verticale ed orizzontale;Sereno;Scarso;Buona;;0;0;0;0;12.5046;41.8787;-1;3;Autovettura privata;Sosta;;;;;;;
5065429;4;18/09/2020 17:30:00;Strada Urbana;VIA VAGLIA;in corrispondenza;;del civico n.;33;;Tamponamento Multiplo;Rettilineo;Una carreggiata a doppio senso;Asciutto;Asfaltata;Orizzontale;Sereno;Normale;Buona;;2;0;0;2;12.5142;41.9497;-1;1;Autovettura privata;In marcia / fermata / arresto;Conducente;M;Illeso;0;;;
5065429;4;18/09/2020 17:30:00;Strada Urbana;VIA VAGLIA;in corrispondenza;;del civico n.;33;;Tamponamento Multiplo;Rettilineo;Una carreggiata a doppio senso;Asciutto;Asfaltata;Orizzontale;Sereno;Normale;Buona;;2;0;0;2;12.5142;41.9497;-1;2;Motociclo con passeggero;In marcia / fermata / arresto;Conducente;F;Rimandato;0;NON DECEDUTO;Non accertato;
5065429;4;18/09/2020 17:30:00;Strada Urbana;VIA VAGLIA;in corrispondenza;;del civico n.;33;;Tamponamento Multiplo;Rettilineo;Una carreggiata a doppio senso;Asciutto;Asfaltata;Orizzontale;Sereno;Normale;Buona;;2;0;0;2;12.5142;41.9497;-1;2;Motociclo con passeggero;In marcia / fermata / arresto;Passeggero;F;Rimandato;0;NON DECEDUTO;;
5065429;4;18/09/2020 17:30:00;Strada Urbana;VIA VAGLIA;in corrispondenza;;del civico n.;33;;Tamponamento Multiplo;Rettilineo;Una carreggiata a doppio senso;Asciutto;Asfaltata;Orizzontale;Sereno;Normale;Buona;;2;0;0;2;12.5142;41.9497;-1;3;Autovettura privata;In marcia / fermata / arresto;Conducente;M;Illeso;0;;;
5065441;9;18/09/2020 10:50:00;Strada Urbana;VIA MACEDONIA;all'intersezione con;VIA PIETRO FEDELE;VIA PIETRO FEDELE;;;Scontro frontale/laterale DX fra veicoli in marcia;Incrocio;Una carreggiata a doppio senso;Asciutto;Asfaltata;Verticale ed orizzontale;Sereno;Normale;Buona;;0;0;0;3;12.5129;41.8718;-1;1;Autovettura privata;In marcia / fermata / arresto;Conducente;M;Illeso;0;;Non accertato;Inesploso
5065441;9;18/09/2020 10:50:00;Strada Urbana;VIA MACEDONIA;all'intersezione con;VIA PIETRO FEDELE;VIA PIETRO FEDELE;;;Scontro frontale/laterale DX fra veicoli in marcia;Incrocio;Una carreggiata a doppio senso;Asciutto;Asfaltata;Verticale ed orizzontale;Sereno;Normale;Buona;;0;0;0;3;12.5129;41.8718;-1;2;Autovettura privata;In marcia / fermata / arresto;Conducente;M;Illeso;0;;;
5065441;9;18/09/2020 10:50:00;Strada Urbana;VIA MACEDONIA;all'intersezione con;VIA PIETRO FEDELE;VIA PIETRO FEDELE;;;Scontro frontale/laterale DX fra veicoli in marcia;Incrocio;Una carreggiata a doppio senso;Asciutto;Asfaltata;Verticale ed orizzontale;Sereno;Normale;Buona;;0;0;0;3;12.5129;41.8718;-1;2;Autovettura privata;In marcia / fermata / arresto;Passeggero;M;Illeso;0;;;Inesploso
5065443;10;18/09/2020 15:45:00;Strada Urbana;VIA TUSCOLANA;all'intersezione con;VIA VITTORIO OCCORSIO;VIA VITTORIO OCCORSIO;;;Tamponamento Multiplo;Intersezione semaforizzata;Due carreggiate;Asciutto;Asfaltata;Verticale ed orizzontale;Sereno;Intenso;Buona;;2;0;0;2;12.5791;41.8462;-1;1;Autovettura privata;In marcia / fermata / arresto;Conducente;F;Illeso;0;;Non accertato;Inesploso
5065443;10;18/09/2020 15:45:00;Strada Urbana;VIA TUSCOLANA;all'intersezione con;VIA VITTORIO OCCORSIO;VIA VITTORIO OCCORSIO;;;Tamponamento Multiplo;Intersezione semaforizzata;Due carreggiate;Asciutto;Asfaltata;Verticale ed orizzontale;Sereno;Intenso;Buona;;2;0;0;2;12.5791;41.8462;-1;2;Autovettura privata;In marcia / fermata / arresto;Conducente;M;Illeso;0;;Non accertato;Esploso
5065443;10;18/09/2020 15:45:00;Strada Urbana;VIA TUSCOLANA;all'intersezione con;VIA VITTORIO OCCORSIO;VIA VITTORIO OCCORSIO;;;Tamponamento Multiplo;Intersezione semaforizzata;Due carreggiate;Asciutto;Asfaltata;Verticale ed orizzontale;Sereno;Intenso;Buona;;2;0;0;2;12.5791;41.8462;-1;3;Autovettura privata;In marcia / fermata / arresto;Conducente;M;Rimandato;0;NON DECEDUTO;Non accertato;Esploso
5065443;10;18/09/2020 15:45:00;Strada Urbana;VIA TUSCOLANA;all'intersezione con;VIA VITTORIO OCCORSIO;VIA VITTORIO OCCORSIO;;;Tamponamento Multiplo;Intersezione semaforizzata;Due carreggiate;Asciutto;Asfaltata;Verticale ed orizzontale;Sereno;Intenso;Buona;;2;0;0;2;12.5791;41.8462;-1;4;Autocarro inferiore 35 q.;In marcia / fermata / arresto;Conducente;M;Rimandato;0;NON DECEDUTO;Non accertato;Inesploso
5065446;9;18/09/2020 11:40:00;Strada Urbana;VIA DI PORTA FURBA;da specificare;;;;FRONTE CIVICO 28;Tamponamento;Rettilineo;Una carreggiata a doppio senso;Asciutto;Asfaltata;Verticale ed orizzontale;Sereno;Normale;Buona;;1;0;0;3;12.5396;41.8706;-1;1;Autovettura privata;In marcia / fermata / arresto;Conducente;F;Rimandato;0;NON DECEDUTO;Non accertato;Inesploso
5065446;9;18/09/2020 11:40:00;Strada Urbana;VIA DI PORTA FURBA;da specificare;;;;FRONTE CIVICO 28;Tamponamento;Rettilineo;Una carreggiata a doppio senso;Asciutto;Asfaltata;Verticale ed orizzontale;Sereno;Normale;Buona;;1;0;0;3;12.5396;41.8706;-1;1;Autovettura privata;In marcia / fermata / arresto;Passeggero;F;Illeso;0;;Non accertato;Inesploso
5065446;9;18/09/2020 11:40:00;Strada Urbana;VIA DI PORTA FURBA;da specificare;;;;FRONTE CIVICO 28;Tamponamento;Rettilineo;Una carreggiata a doppio senso;Asciutto;Asfaltata;Verticale ed orizzontale;Sereno;Normale;Buona;;1;0;0;3;12.5396;41.8706;-1;1;Autovettura privata;In marcia / fermata / arresto;Passeggero;M;Illeso;0;;Non accertato;Inesploso
5065446;9;18/09/2020 11:40:00;Strada Urbana;VIA DI PORTA FURBA;da specificare;;;;FRONTE CIVICO 28;Tamponamento;Rettilineo;Una carreggiata a doppio senso;Asciutto;Asfaltata;Verticale ed orizzontale;Sereno;Normale;Buona;;1;0;0;3;12.5396;41.8706;-1;2;Autovettura privata;In marcia / fermata / arresto;Conducente;M;Illeso;0;;Non accertato;Inesploso
5065449;4;18/09/2020 22:40:00;Strada Urbana;VIA DELLA BUFALOTTA;in corrispondenza;;del civico n.;135;;Veicolo in marcia contro veicolo in sosta;Rettilineo;Una carreggiata a doppio senso;Asciutto;Asfaltata;Verticale ed orizzontale;Sereno;Scarso;Sufficiente;;0;0;0;1;12.5408;41.9495;-1;1;Autovettura privata;Sosta;;;;;;;
5065449;4;18/09/2020 22:40:00;Strada Urbana;VIA DELLA BUFALOTTA;in corrispondenza;;del civico n.;135;;Veicolo in marcia contro veicolo in sosta;Rettilineo;Una carreggiata a doppio senso;Asciutto;Asfaltata;Verticale ed orizzontale;Sereno;Scarso;Sufficiente;;0;0;0;1;12.5408;41.9495;-1;2;Autovettura privata;In marcia / fermata / arresto;Conducente;M;Illeso;0;;;
5065451;10;19/09/2020 09:20:00;Strada Urbana;VIA GIUSEPPE SAREDO;in corrispondenza;;del civico n.;49;;Veicolo in marcia contro veicolo in sosta;Rettilineo;Una carreggiata a senso unico di marcia;Asciutto;Asfaltata;Verticale ed orizzontale;Sereno;Normale;Buona;;0;0;0;1;12.5726;41.8618;-1;1;Autobus di linea;In marcia / fermata / arresto;Conducente;M;Illeso;0;;;
5065451;10;19/09/2020 09:20:00;Strada Urbana;VIA GIUSEPPE SAREDO;in corrispondenza;;del civico n.;49;;Veicolo in marcia contro veicolo in sosta;Rettilineo;Una carreggiata a senso unico di marcia;Asciutto;Asfaltata;Verticale ed orizzontale;Sereno;Normale;Buona;;0;0;0;1;12.5726;41.8618;-1;2;Autocarro inferiore 35 q.;Sosta;;;;;;;
5065454;10;19/09/2020 11:00:00;Strada Urbana;VIALE ANTONIO CIAMARRA;in prossimit�;;del civico n.;280;;Tamponamento Multiplo;Rettilineo;Una carreggiata a senso unico di marcia;Asciutto;Asfaltata;Verticale ed orizzontale;Sereno;Normale;Buona;;0;0;0;3;12.5903;41.8546;-1;1;Autovettura privata;In marcia / fermata / arresto;Conducente;M;Illeso;0;;Non accertato;Inesploso
5065454;10;19/09/2020 11:00:00;Strada Urbana;VIALE ANTONIO CIAMARRA;in prossimit�;;del civico n.;280;;Tamponamento Multiplo;Rettilineo;Una carreggiata a senso unico di marcia;Asciutto;Asfaltata;Verticale ed orizzontale;Sereno;Normale;Buona;;0;0;0;3;12.5903;41.8546;-1;2;Autovettura privata;In marcia / fermata / arresto;Conducente;M;Illeso;0;;Non accertato;Inesploso
5065454;10;19/09/2020 11:00:00;Strada Urbana;VIALE ANTONIO CIAMARRA;in prossimit�;;del civico n.;280;;Tamponamento Multiplo;Rettilineo;Una carreggiata a senso unico di marcia;Asciutto;Asfaltata;Verticale ed orizzontale;Sereno;Normale;Buona;;0;0;0;3;12.5903;41.8546;-1;3;Autovettura privata;In marcia / fermata / arresto;Conducente;M;Illeso;0;;Non accertato;Inesploso
5065464;10;19/09/2020 11:00:00;Strada Urbana;VIA DEI SETTE METRI;all'intersezione con;VIA DEL FOSSO DELL'ACQUA MARIANA;VIA DEL FOSSO DELL'ACQUA MARIANA;;;Scontro frontale/laterale SX fra veicoli in marcia;Incrocio;Una carreggiata a doppio senso;Asciutto;Asfaltata;Verticale ed orizzontale;Sereno;Intenso;Buona;;0;0;0;2;12.6082;41.8166;-1;1;Autovettura privata;In marcia / fermata / arresto;Conducente;M;Illeso;0;;Non accertato;Inesploso
5065464;10;19/09/2020 11:00:00;Strada Urbana;VIA DEI SETTE METRI;all'intersezione con;VIA DEL FOSSO DELL'ACQUA MARIANA;VIA DEL FOSSO DELL'ACQUA MARIANA;;;Scontro frontale/laterale SX fra veicoli in marcia;Incrocio;Una carreggiata a doppio senso;Asciutto;Asfaltata;Verticale ed orizzontale;Sereno;Intenso;Buona;;0;0;0;2;12.6082;41.8166;-1;2;Motociclo a solo;In marcia / fermata / arresto;Conducente;M;Illeso;0;;Non accertato;
5065471;9;18/09/2020 16:45:00;Strada Urbana;VIA LATINA;in corrispondenza;;del civico n.;545F;;Tamponamento Multiplo;Rettilineo;Una carreggiata a senso unico di marcia;Asciutto;Asfaltata;Verticale ed orizzontale;Sereno;Normale;Buona;;0;0;0;6;12.5297;41.865;-1;1;Autovettura privata;In marcia / fermata / arresto;Conducente;M;Illeso;0;;Non accertato;Inesploso
5065471;9;18/09/2020 16:45:00;Strada Urbana;VIA LATINA;in corrispondenza;;del civico n.;545F;;Tamponamento Multiplo;Rettilineo;Una carreggiata a senso unico di marcia;Asciutto;Asfaltata;Verticale ed orizzontale;Sereno;Normale;Buona;;0;0;0;6;12.5297;41.865;-1;2;Autovettura privata;In marcia / fermata / arresto;Conducente;F;Illeso;0;;Non accertato;Inesploso
5065471;9;18/09/2020 16:45:00;Strada Urbana;VIA LATINA;in corrispondenza;;del civico n.;545F;;Tamponamento Multiplo;Rettilineo;Una carreggiata a senso unico di marcia;Asciutto;Asfaltata;Verticale ed orizzontale;Sereno;Normale;Buona;;0;0;0;6;12.5297;41.865;-1;3;Autovettura privata;In marcia / fermata / arresto;Conducente;M;Illeso;0;;Non accertato;Inesploso
5065471;9;18/09/2020 16:45:00;Strada Urbana;VIA LATINA;in corrispondenza;;del civico n.;545F;;Tamponamento Multiplo;Rettilineo;Una carreggiata a senso unico di marcia;Asciutto;Asfaltata;Verticale ed orizzontale;Sereno;Normale;Buona;;0;0;0;6;12.5297;41.865;-1;4;Autovettura privata;In marcia / fermata / arresto;Conducente;M;Illeso;0;;Non accertato;Inesploso
5065471;9;18/09/2020 16:45:00;Strada Urbana;VIA LATINA;in corrispondenza;;del civico n.;545F;;Tamponamento Multiplo;Rettilineo;Una carreggiata a senso unico di marcia;Asciutto;Asfaltata;Verticale ed orizzontale;Sereno;Normale;Buona;;0;0;0;6;12.5297;41.865;-1;4;Autovettura privata;In marcia / fermata / arresto;Passeggero;F;Illeso;0;;Non accertato;Inesploso
5065471;9;18/09/2020 16:45:00;Strada Urbana;VIA LATINA;in corrispondenza;;del civico n.;545F;;Tamponamento Multiplo;Rettilineo;Una carreggiata a senso unico di marcia;Asciutto;Asfaltata;Verticale ed orizzontale;Sereno;Normale;Buona;;0;0;0;6;12.5297;41.865;-1;4;Autovettura privata;In marcia / fermata / arresto;Passeggero;F;Illeso;0;;Non accertato;Inesploso
5065472;4;19/09/2020 08:45:00;Statale entro l'abitato;VIA SALARIA;in corrispondenza;;del civico n.;1492/a;;Veicolo in marcia contro veicoli in sosta;Curva a visuale libera;Una carreggiata a doppio senso;Asciutto;Asfaltata;Verticale ed orizzontale;Sereno;Scarso;Buona;;0;0;0;2;12.5196;42.0089;-1;1;Autovettura privata;In marcia / fermata / arresto;Conducente;F;Illeso;0;;Non accertato;Esploso
5065472;4;19/09/2020 08:45:00;Statale entro l'abitato;VIA SALARIA;in corrispondenza;;del civico n.;1492/a;;Veicolo in marcia contro veicoli in sosta;Curva a visuale libera;Una carreggiata a doppio senso;Asciutto;Asfaltata;Verticale ed orizzontale;Sereno;Scarso;Buona;;0;0;0;2;12.5196;42.0089;-1;1;Autovettura privata;In marcia / fermata / arresto;Passeggero;F;Illeso;0;;Non accertato;
5065472;4;19/09/2020 08:45:00;Statale entro l'abitato;VIA SALARIA;in corrispondenza;;del civico n.;1492/a;;Veicolo in marcia contro veicoli in sosta;Curva a visuale libera;Una carreggiata a doppio senso;Asciutto;Asfaltata;Verticale ed orizzontale;Sereno;Scarso;Buona;;0;0;0;2;12.5196;42.0089;-1;2;Autocarro inferiore 35 q.;Sosta;;;;;;;
5065472;4;19/09/2020 08:45:00;Statale entro l'abitato;VIA SALARIA;in corrispondenza;;del civico n.;1492/a;;Veicolo in marcia contro veicoli in sosta;Curva a visuale libera;Una carreggiata a doppio senso;Asciutto;Asfaltata;Verticale ed orizzontale;Sereno;Scarso;Buona;;0;0;0;2;12.5196;42.0089;-1;3;Autovettura privata;Sosta;;;;;;;
5065472;4;19/09/2020 08:45:00;Statale entro l'abitato;VIA SALARIA;in corrispondenza;;del civico n.;1492/a;;Veicolo in marcia contro veicoli in sosta;Curva a visuale libera;Una carreggiata a doppio senso;Asciutto;Asfaltata;Verticale ed orizzontale;Sereno;Scarso;Buona;;0;0;0;2;12.5196;42.0089;-1;4;Autovettura privata;Sosta;;;;;;;
5065472;4;19/09/2020 08:45:00;Statale entro l'abitato;VIA SALARIA;in corrispondenza;;del civico n.;1492/a;;Veicolo in marcia contro veicoli in sosta;Curva a visuale libera;Una carreggiata a doppio senso;Asciutto;Asfaltata;Verticale ed orizzontale;Sereno;Scarso;Buona;;0;0;0;2;12.5196;42.0089;-1;5;Autovettura privata;Sosta;;;;;;;
5065490;4;19/09/2020 12:15:00;Strada Urbana;VIA ANTONIO SILVANI;in corrispondenza;;del civico n.;100;;Scontro laterale fra veicoli in marcia;Curva senza visuale libera;Una carreggiata a doppio senso;Asciutto;Asfaltata;Assente;Sereno;Normale;Buona;;0;0;0;3;12.5183;41.9487;-1;1;Autovettura privata;In marcia / fermata / arresto;Conducente;M;Illeso;0;;;
5065490;4;19/09/2020 12:15:00;Strada Urbana;VIA ANTONIO SILVANI;in corrispondenza;;del civico n.;100;;Scontro laterale fra veicoli in marcia;Curva senza visuale libera;Una carreggiata a doppio senso;Asciutto;Asfaltata;Assente;Sereno;Normale;Buona;;0;0;0;3;12.5183;41.9487;-1;1;Autovettura privata;In marcia / fermata / arresto;Passeggero;F;Illeso;0;;;
5065490;4;19/09/2020 12:15:00;Strada Urbana;VIA ANTONIO SILVANI;in corrispondenza;;del civico n.;100;;Scontro laterale fra veicoli in marcia;Curva senza visuale libera;Una carreggiata a doppio senso;Asciutto;Asfaltata;Assente;Sereno;Normale;Buona;;0;0;0;3;12.5183;41.9487;-1;2;Autocarro inferiore 35 q.;In marcia / fermata / arresto;Conducente;M;Illeso;0;;;
5065519;9;18/09/2020 19:30:00;Strada Urbana;PIAZZA DI S. MARIA AUSILIATRICE;da specificare;;;;ALT. PALO ACEA N� 13;Veicolo in marcia contro ostacolo fisso;Rettilineo;Due carreggiate;Asciutto;Asfaltata;Verticale ed orizzontale;Sereno;Intenso;Buona;;1;0;0;0;12.5292;41.8744;-1;1;Motociclo a solo;In marcia / fermata / arresto;Conducente;M;Rimandato;0;NON DECEDUTO;Non accertato;
5065534;9;18/09/2020 21:50:00;Strada Urbana;VIA APPIA PIGNATELLI;all'intersezione con;VIA ANNIA REGILLA;VIA ANNIA REGILLA;;;Scontro frontale/laterale DX fra veicoli in marcia;Intersezione semaforizzata;Una carreggiata a doppio senso;Asciutto;Asfaltata;Verticale ed orizzontale;Sereno;Scarso;Sufficiente;;1;0;0;4;12.5456;41.8397;-1;1;Autovettura privata;In marcia / fermata / arresto;Conducente;M;Illeso;0;;Non accertato;Inesploso
5065534;9;18/09/2020 21:50:00;Strada Urbana;VIA APPIA PIGNATELLI;all'intersezione con;VIA ANNIA REGILLA;VIA ANNIA REGILLA;;;Scontro frontale/laterale DX fra veicoli in marcia;Intersezione semaforizzata;Una carreggiata a doppio senso;Asciutto;Asfaltata;Verticale ed orizzontale;Sereno;Scarso;Sufficiente;;1;0;0;4;12.5456;41.8397;-1;1;Autovettura privata;In marcia / fermata / arresto;Passeggero;M;Illeso;0;;Non accertato;Inesploso
5065534;9;18/09/2020 21:50:00;Strada Urbana;VIA APPIA PIGNATELLI;all'intersezione con;VIA ANNIA REGILLA;VIA ANNIA REGILLA;;;Scontro frontale/laterale DX fra veicoli in marcia;Intersezione semaforizzata;Una carreggiata a doppio senso;Asciutto;Asfaltata;Verticale ed orizzontale;Sereno;Scarso;Sufficiente;;1;0;0;4;12.5456;41.8397;-1;1;Autovettura privata;In marcia / fermata / arresto;Passeggero;M;Illeso;0;;Non accertato;Inesploso
5065534;9;18/09/2020 21:50:00;Strada Urbana;VIA APPIA PIGNATELLI;all'intersezione con;VIA ANNIA REGILLA;VIA ANNIA REGILLA;;;Scontro frontale/laterale DX fra veicoli in marcia;Intersezione semaforizzata;Una carreggiata a doppio senso;Asciutto;Asfaltata;Verticale ed orizzontale;Sereno;Scarso;Sufficiente;;1;0;0;4;12.5456;41.8397;-1;2;Motociclo a solo;In marcia / fermata / arresto;Conducente;M;Rimandato;0;NON DECEDUTO;Non accertato;