Protocollo;Gruppo;DataOraIncidente;Localizzazione1;STRADA1;Localizzazione2;STRADA2;Strada02;Chilometrica;DaSpecificare;NaturaIncidente;particolaritastrade;TipoStrada;FondoStradale;Pavimentazione;Segnaletica;CondizioneAtmosferica;Traffico;Visibilita;Illuminazione;NUM_FERITI;NUM_RISERVATA;NUM_MORTI;NUM_ILLESI;Longitudine;Latitudine;Confermato;Progressivo;TipoVeicolo;StatoVeicolo;TipoPersona;Sesso;Tipolesione;Deceduto;DecedutoDopo;CinturaCascoUtilizzato;Airbag;
5065547;9;18/09/2020 22:30:00;Strada Urbana;VIA TUSCOLANA;in corrispondenza;;del civico n.;436;;Veicolo in marcia contro veicolo in sosta;Rettilineo;Due carreggiate;Asciutto;Asfaltata;Verticale ed orizzontale;Sereno;Normale;Sufficiente;;0;1;0;0;12.534;41.8714;-1;1;Motociclo a solo;In marcia / fermata / arresto;Conducente;M;Prognosi riservata;0;NON DECEDUTO;;
5065547;9;18/09/2020 22:30:00;Strada Urbana;VIA TUSCOLANA;in corrispondenza;;del civico n.;436;;Veicolo in marcia contro veicolo in sosta;Rettilineo;Due carreggiate;Asciutto;Asfaltata;Verticale ed orizzontale;Sereno;Normale;Sufficiente;;0;1;0;0;12.534;41.8714;-1;2;Autovettura privata;Sosta;;;;;;;
5065979;10;19/09/2020 14:19:00;Strada Urbana;VIA DI TOR VERGATA;da specificare;;;;alt. palo luce fr.via mary pandolfi de rinaldis 30;Veicolo in marcia contro ostacolo fisso;Rettilineo;Una carreggiata a senso unico di marcia;Asciutto;Asfaltata;Verticale ed orizzontale;Sereno;Normale;Buona;;0;0;0;2;12.6215;41.8436;-1;1;Autovettura privata;In marcia / fermata / arresto;Conducente;M;Illeso;0;;Non accertato;Inesploso
5065979;10;19/09/2020 14:19:00;Strada Urbana;VIA DI TOR VERGATA;da specificare;;;;alt. palo luce fr.via mary pandolfi de rinaldis 30;Veicolo in marcia contro ostacolo fisso;Rettilineo;Una carreggiata a senso unico di marcia;Asciutto;Asfaltata;Verticale ed orizzontale;Sereno;Normale;Buona;;0;0;0;2;12.6215;41.8436;-1;1;Autovettura privata;In marcia / fermata / arresto;Passeggero;M;Illeso;0;;Non accertato;Inesploso
5065981;2;18/09/2020 09:50:00;Strada Urbana;PIAZZA EUCLIDE;in prossimit�;;del civico n.;37;;Scontro frontale/laterale SX fra veicoli in marcia;Rotatoria;Una carreggiata a senso unico di marcia;Asciutto;Asfaltata;Verticale ed orizzontale;Sereno;Normale;Buona;;0;0;0;2;12.4819;41.9269;-1;1;Autovettura privata;In marcia / fermata / arresto;Conducente;F;Illeso;0;;Non accertato;Inesploso
5065981;2;18/09/2020 09:50:00;Strada Urbana;PIAZZA EUCLIDE;in prossimit�;;del civico n.;37;;Scontro frontale/laterale SX fra veicoli in marcia;Rotatoria;Una carreggiata a senso unico di marcia;Asciutto;Asfaltata;Verticale ed orizzontale;Sereno;Normale;Buona;;0;0;0;2;12.4819;41.9269;-1;2;Motociclo a solo;In marcia / fermata / arresto;Conducente;M;Illeso;0;;Non accertato;
5065984;2;18/09/2020 14:00:00;Strada Urbana;VIALE MARESCIALLO PILSUDSKI;all'intersezione semaforizzata con;VIA GUIDUBALDO DEL MONTE;VIA GUIDUBALDO DEL MONTE;;;Scontro laterale fra veicoli in marcia;Intersezione semaforizzata;Una carreggiata a doppio senso;Asciutto;Asfaltata;Verticale ed orizzontale;Sereno;Normale;Buona;;1;0;0;1;12.475;41.9275;-1;1;Autovettura privata;In marcia / fermata / arresto;Conducente;M;Illeso;0;;Non accertato;Inesploso
5065984;2;18/09/2020 14:00:00;Strada Urbana;VIALE MARESCIALLO PILSUDSKI;all'intersezione semaforizzata con;VIA GUIDUBALDO DEL MONTE;VIA GUIDUBALDO DEL MONTE;;;Scontro laterale fra veicoli in marcia;Intersezione semaforizzata;Una carreggiata a doppio senso;Asciutto;Asfaltata;Verticale ed orizzontale;Sereno;Normale;Buona;;1;0;0;1;12.475;41.9275;-1;2;Motociclo a solo;In marcia / fermata / arresto;Conducente;M;Rifiuta cure immediate;0;NON DECEDUTO;Non accertato;
5065986;2;18/09/2020 16:30:00;Strada Urbana;PIAZZA ISTRIA;all'intersezione con;VIA BISAGNO;VIA BISAGNO;;;Scontro frontale/laterale DX fra veicoli in marcia;Incrocio;Una carreggiata a senso unico di marcia;Asciutto;Asfaltata;Verticale ed orizzontale;Sereno;Normale;Buona;;0;0;0;3;12.5125;41.9234;-1;1;Autovettura privata;In marcia / fermata / arresto;Conducente;M;Illeso;0;;Non accertato;Inesploso
5065986;2;18/09/2020 16:30:00;Strada Urbana;PIAZZA ISTRIA;all'intersezione con;VIA BISAGNO;VIA BISAGNO;;;Scontro frontale/laterale DX fra veicoli in marcia;Incrocio;Una carreggiata a senso unico di marcia;Asciutto;Asfaltata;Verticale ed orizzontale;Sereno;Normale;Buona;;0;0;0;3;12.5125;41.9234;-1;1;Autovettura privata;In marcia / fermata / arresto;Passeggero;F;Illeso;0;;Non accertato;Inesploso
5065986;2;18/09/2020 16:30:00;Strada Urbana;PIAZZA ISTRIA;all'intersezione con;VIA BISAGNO;VIA BISAGNO;;;Scontro frontale/laterale DX fra veicoli in marcia;Incrocio;Una carreggiata a senso unico di marcia;Asciutto;Asfaltata;Verticale ed orizzontale;Sereno;Normale;Buona;;0;0;0;3;12.5125;41.9234;-1;2;Autovettura privata;In marcia / fermata / arresto;Conducente;F;Illeso;0;;Non accertato;Inesploso
5065989;2;18/09/2020 20:00:00;Strada Urbana;VIA LIMA;in prossimit�;;del civico n.;53;;Veicolo in marcia contro veicolo in sosta;Rettilineo;Una carreggiata a senso unico di marcia;Asciutto;Asfaltata;Verticale ed orizzontale;Sereno;Normale;Sufficiente;;0;0;0;0;12.4971;41.9246;-1;1;Autovettura privata;Sosta;;;;;;;
5065990;2;18/09/2020 20:10:00;Strada Urbana;VIA PO;in prossimit�;;del civico n.;50f;;Scontro laterale fra veicoli in marcia;Rettilineo;Una carreggiata a doppio senso;Asciutto;Asfaltata;Verticale ed orizzontale;Sereno;Normale;Buona;;1;0;0;1;12.4967;41.9157;-1;1;Ciclomotore;In marcia / fermata / arresto;Conducente;M;Rimandato;0;NON DECEDUTO;;
5065990;2;18/09/2020 20:10:00;Strada Urbana;VIA PO;in prossimit�;;del civico n.;50f;;Scontro laterale fra veicoli in marcia;Rettilineo;Una carreggiata a doppio senso;Asciutto;Asfaltata;Verticale ed orizzontale;Sereno;Normale;Buona;;1;0;0;1;12.4967;41.9157;-1;2;Autovettura privata;In marcia / fermata / arresto;Conducente;M;Illeso;0;;;
5065991;2;18/09/2020 23:20:00;Strada Urbana;VIA DEL FORO ITALICO;da specificare;;;;tra Moschea e Salaria dir. S. Giov p. Acea 10/2008;Veicolo in marcia contro ostacolo fisso;Rettilineo;Due carreggiate;Asciutto;Asfaltata;Verticale ed orizzontale;Sereno;Normale;Buona;;2;0;0;0;12.4979;41.9404;-1;1;Autovettura privata;In marcia / fermata / arresto;Conducente;F;Ricoverato;0;NON DECEDUTO;;
5065991;2;18/09/2020 23:20:00;Strada Urbana;VIA DEL FORO ITALICO;da specificare;;;;tra Moschea e Salaria dir. S. Giov p. Acea 10/2008;Veicolo in marcia contro ostacolo fisso;Rettilineo;Due carreggiate;Asciutto;Asfaltata;Verticale ed orizzontale;Sereno;Normale;Buona;;2;0;0;0;12.4979;41.9404;-1;1;Autovettura privata;In marcia / fermata / arresto;Passeggero;F;Ricoverato;0;NON DECEDUTO;;
5065992;2;20/09/2020 03:00:00;Strada Urbana;VIA CARLO BERNARI;in corrispondenza;;del civico n.;87;;Tamponamento;Curva a visuale libera;Una carreggiata a senso unico di marcia;Asciutto;Asfaltata;Verticale ed orizzontale;Sereno;Scarso;Sufficiente;;0;0;0;3;12.5526;41.9671;-1;1;Autovettura di polizia;In marcia / fermata / arresto;Conducente;M;Illeso;0;;;
5065992;2;20/09/2020 03:00:00;Strada Urbana;VIA CARLO BERNARI;in corrispondenza;;del civico n.;87;;Tamponamento;Curva a visuale libera;Una carreggiata a senso unico di marcia;Asciutto;Asfaltata;Verticale ed orizzontale;Sereno;Scarso;Sufficiente;;0;0;0;3;12.5526;41.9671;-1;1;Autovettura di polizia;In marcia / fermata / arresto;Passeggero;M;Illeso;0;;;
5065992;2;20/09/2020 03:00:00;Strada Urbana;VIA CARLO BERNARI;in corrispondenza;;del civico n.;87;;Tamponamento;Curva a visuale libera;Una carreggiata a senso unico di marcia;Asciutto;Asfaltata;Verticale ed orizzontale;Sereno;Scarso;Sufficiente;;0;0;0;3;12.5526;41.9671;-1;2;Motociclo a solo;In marcia / fermata / arresto;Conducente;M;Illeso;0;;;
5066001;10;19/09/2020 17:20:00;Strada Urbana;VIA DI CASAL MORENA;in corrispondenza;;del civico n.;193;;Infortunio per sola frenata improvvisa;Rettilineo;Una carreggiata a doppio senso;Asciutto;Asfaltata;Verticale ed orizzontale;Sereno;Normale;Buona;;1;0;0;1;12.6188;41.8157;-1;1;Autovettura privata;In marcia / fermata / arresto;Conducente;F;Illeso;0;;Non accertato;Inesploso
5066001;10;19/09/2020 17:20:00;Strada Urbana;VIA DI CASAL MORENA;in corrispondenza;;del civico n.;193;;Infortunio per sola frenata improvvisa;Rettilineo;Una carreggiata a doppio senso;Asciutto;Asfaltata;Verticale ed orizzontale;Sereno;Normale;Buona;;1;0;0;1;12.6188;41.8157;-1;2;Motociclo con passeggero;In marcia / fermata / arresto;Conducente;M;Rimandato;0;NON DECEDUTO;Non accertato;
5066006;10;19/09/2020 22:20:00;Strada Urbana;VIA AMANTEA;in corrispondenza;;del civico n.;36;;Veicolo in marcia contro veicolo in sosta;Rettilineo;Una carreggiata a senso unico di marcia;Asciutto;Asfaltata;Assente;Sereno;Normale;Sufficiente;;0;0;0;1;12.5579;41.8376;-1;1;Autovettura privata;In marcia / fermata / arresto;Conducente;M;Illeso;0;;Non accertato;Inesploso
5066006;10;19/09/2020 22:20:00;Strada Urbana;VIA AMANTEA;in corrispondenza;;del civico n.;36;;Veicolo in marcia contro veicolo in sosta;Rettilineo;Una carreggiata a senso unico di marcia;Asciutto;Asfaltata;Assente;Sereno;Normale;Sufficiente;;0;0;0;1;12.5579;41.8376;-1;2;Autovettura privata;Sosta;;;;;;;
5066180;9;19/09/2020 21:40:00;Strada Urbana;VIA APPIA NUOVA;da specificare;;;;prossimit� fronte VIA DEL QUADRARO;Tamponamento Multiplo;Rettilineo;Due carreggiate;Asciutto;Asfaltata;Verticale ed orizzontale;Nuvoloso;Normale;Buona;;0;0;0;3;12.5492;41.8505;-1;1;Autovettura privata;In marcia / fermata / arresto;;;;;;;
5066180;9;19/09/2020 21:40:00;Strada Urbana;VIA APPIA NUOVA;da specificare;;;;prossimit� fronte VIA DEL QUADRARO;Tamponamento Multiplo;Rettilineo;Due carreggiate;Asciutto;Asfaltata;Verticale ed orizzontale;Nuvoloso;Normale;Buona;;0;0;0;3;12.5492;41.8505;-1;2;Autovettura privata;In marcia / fermata / arresto;Conducente;F;Illeso;0;;;
5066180;9;19/09/2020 21:40:00;Strada Urbana;VIA APPIA NUOVA;da specificare;;;;prossimit� fronte VIA DEL QUADRARO;Tamponamento Multiplo;Rettilineo;Due carreggiate;Asciutto;Asfaltata;Verticale ed orizzontale;Nuvoloso;Normale;Buona;;0;0;0;3;12.5492;41.8505;-1;2;Autovettura privata;In marcia / fermata / arresto;Passeggero;F;Illeso;0;;;
5066180;9;19/09/2020 21:40:00;Strada Urbana;VIA APPIA NUOVA;da specificare;;;;prossimit� fronte VIA DEL QUADRARO;Tamponamento Multiplo;Rettilineo;Due carreggiate;Asciutto;Asfaltata;Verticale ed orizzontale;Nuvoloso;Normale;Buona;;0;0;0;3;12.5492;41.8505;-1;3;Autovettura privata;In marcia / fermata / arresto;Conducente;F;Illeso;0;;;
5066191;9;20/09/2020 02:30:00;Strada Urbana;VIA TUSCOLANA;in prossimit�;;del civico n.;440;;Veicolo in marcia contro veicoli in sosta;Rettilineo;Due carreggiate;Asciutto;Asfaltata;Verticale ed orizzontale;Sereno;Scarso;Buona;;1;0;0;0;12.5343;41.8713;-1;1;Autovettura privata;In marcia / fermata / arresto;Conducente;M;Rimandato;0;NON DECEDUTO;;
5066191;9;20/09/2020 02:30:00;Strada Urbana;VIA TUSCOLANA;in prossimit�;;del civico n.;440;;Veicolo in marcia contro veicoli in sosta;Rettilineo;Due carreggiate;Asciutto;Asfaltata;Verticale ed orizzontale;Sereno;Scarso;Buona;;1;0;0;0;12.5343;41.8713;-1;2;Autovettura privata;Sosta;;;;;;;
5066191;9;20/09/2020 02:30:00;Strada Urbana;VIA TUSCOLANA;in prossimit�;;del civico n.;440;;Veicolo in marcia contro veicoli in sosta;Rettilineo;Due carreggiate;Asciutto;Asfaltata;Verticale ed orizzontale;Sereno;Scarso;Buona;;1;0;0;0;12.5343;41.8713;-1;3;Autovettura privata;Sosta;;;;;;;
5066216;10;20/09/2020 10:30:00;Strada Urbana;VIA DI TOR VERGATA;da specificare;;;;fine cavalcavia dir tuscolana;Veicolo in marcia contro ostacolo accidentale;Cavalcavia;Due carreggiate;Asciutto;Asfaltata;Orizzontale;Sereno;Normale;Buona;;0;0;0;1;12.6216;41.8446;-1;1;Autovettura privata;In marcia / fermata / arresto;Conducente;M;Illeso;0;;Non accertato;Inesploso
5066231;13;16/09/2020 13:00:00;Strada Urbana;PIAZZA TOLOSETTO FARINATA DEGLI UBERTI;da specificare;;;;XXXXXXXXXXXXXXXXXXXXXX;Scontro laterale fra veicoli in marcia;Rettilineo;Una carreggiata a senso unico di marcia;Asciutto;Asfaltata;Assente;Sereno;Intenso;Buona;;0;0;0;2;12.2916;41.7352;-1;1;Autovettura privata;In marcia / fermata / arresto;Conducente;F;Illeso;0;;Non accertato;Inesploso
5066231;13;16/09/2020 13:00:00;Strada Urbana;PIAZZA TOLOSETTO FARINATA DEGLI UBERTI;da specificare;;;;XXXXXXXXXXXXXXXXXXXXXX;Scontro laterale fra veicoli in marcia;Rettilineo;Una carreggiata a senso unico di marcia;Asciutto;Asfaltata;Assente;Sereno;Intenso;Buona;;0;0;0;2;12.2916;41.7352;-1;2;Autovettura privata;In marcia / fermata / arresto;Conducente;F;Illeso;0;;Non accertato;Inesploso
5066234;10;20/09/2020 12:50:00;Strada Urbana;VIA DELLE CAPANNELLE;da specificare;;;;altezza fermata bus Atac 'Scilla';Scontro laterale fra veicoli in marcia;Rettilineo;Una carreggiata a doppio senso;Asciutto;Asfaltata;Verticale ed orizzontale;Sereno;Normale;Buona;;1;0;0;3;12.5642;41.827;-1;1;Autovettura privata;In marcia / fermata / arresto;Conducente;M;Illeso;0;;Non accertato;Inesploso
5066234;10;20/09/2020 12:50:00;Strada Urbana;VIA DELLE CAPANNELLE;da specificare;;;;altezza fermata bus Atac 'Scilla';Scontro laterale fra veicoli in marcia;Rettilineo;Una carreggiata a doppio senso;Asciutto;Asfaltata;Verticale ed orizzontale;Sereno;Normale;Buona;;1;0;0;3;12.5642;41.827;-1;1;Autovettura privata;In marcia / fermata / arresto;Passeggero;M;Illeso;0;;Non accertato;Inesploso
5066234;10;20/09/2020 12:50:00;Strada Urbana;VIA DELLE CAPANNELLE;da specificare;;;;altezza fermata bus Atac 'Scilla';Scontro laterale fra veicoli in marcia;Rettilineo;Una carreggiata a doppio senso;Asciutto;Asfaltata;Verticale ed orizzontale;Sereno;Normale;Buona;;1;0;0;3;12.5642;41.827;-1;2;Velocipede;In marcia / fermata / arresto;Conducente;M;Rimandato;0;NON DECEDUTO;Esente;
5066237;13;18/09/2020 11:45:00;Strada Urbana;VIA MAR DEI CORALLI;all'intersezione con;VIA DEI PESCATORI;VIA DEI PESCATORI;;;Scontro frontale/laterale DX fra veicoli in marcia;Incrocio;Una carreggiata a doppio senso;Asciutto;Asfaltata;Verticale ed orizzontale;Sereno;Normale;Buona;;0;0;0;2;12.3015;41.7297;-1;1;Autovettura privata;In marcia / fermata / arresto;Conducente;M;Illeso;0;;Non accertato;Inesploso
5066237;13;18/09/2020 11:45:00;Strada Urbana;VIA MAR DEI CORALLI;all'intersezione con;VIA DEI PESCATORI;VIA DEI PESCATORI;;;Scontro frontale/laterale DX fra veicoli in marcia;Incrocio;Una carreggiata a doppio senso;Asciutto;Asfaltata;Verticale ed orizzontale;Sereno;Normale;Buona;;0;0;0;2;12.3015;41.7297;-1;2;Autovettura privata;In marcia / fermata / arresto;Conducente;M;Illeso;0;;Non accertato;Inesploso
5066315;12;16/09/2020 16:05:00;Regionale;VIA PONTINA;da specificare;;;;km 16,00 dir Roma;Veicolo in marcia contro ostacolo accidentale;Rettilineo;Due carreggiate;Asciutto;Asfaltata;Verticale ed orizzontale;Sereno;Normale;Buona;;0;0;0;1;12.4445;41.7741;-1;1;Autocarro inferiore 35 q.;In marcia / fermata / arresto;Conducente;M;Illeso;0;;;
5066338;12;16/09/2020 16:05:00;Regionale;VIA PONTINA;da specificare;;;;km 16 dir. Roma;Veicolo in marcia contro ostacolo accidentale;Rettilineo;Due carreggiate;Asciutto;Asfaltata;Verticale ed orizzontale;Sereno;Normale;Buona;;0;0;0;1;12.4445;41.7732;-1;1;Autovettura privata;In marcia / fermata / arresto;Conducente;M;Illeso;0;;;
5066348;12;16/09/2020 16:10:00;Regionale;VIA PONTINA;da specificare;;;;km 16 direzione Roma;Veicolo in marcia contro ostacolo accidentale;Rettilineo;Due carreggiate;Asciutto;Asfaltata;Verticale ed orizzontale;Sereno;Normale;Buona;;0;0;0;1;12.4522;41.7941;-1;1;Autocarro superiore 35 q.;In marcia / fermata / arresto;Conducente;M;Illeso;0;;Utilizzato;
5066362;12;16/09/2020 16:11:00;Regionale;VIA PONTINA;da specificare;;;;KM 16 DIR. ROMA CENTRO;Veicolo in marcia contro ostacolo accidentale;Rettilineo;Due carreggiate;Asciutto;Asfaltata;Verticale ed orizzontale;Sereno;Normale;Buona;;0;0;0;1;12.4522;41.7941;-1;1;Autovettura privata;In marcia / fermata / arresto;Conducente;M;Illeso;0;;;
5066372;12;16/09/2020 16:12:00;Regionale;VIA PONTINA;da specificare;;;;KM 16 DIREZIONE ROMA;Veicolo in marcia contro ostacolo accidentale;Rettilineo;Due carreggiate;Asciutto;Asfaltata;Verticale ed orizzontale;Sereno;Normale;Buona;;0;0;0;1;12.4522;41.7941;-1;1;Autovettura privata;In marcia / fermata / arresto;Conducente;M;Illeso;0;;;
5066373;12;16/09/2020 16:13:00;Regionale;VIA PONTINA;da specificare;;;;KM 16 DIREZIONE ROMA;Veicolo in marcia contro ostacolo accidentale;Rettilineo;Due carreggiate;Asciutto;Asfaltata;Verticale ed orizzontale;Sereno;Normale;Buona;;0;0;0;1;12.4522;41.7941;-1;1;Autovettura privata;In marcia / fermata / arresto;Conducente;M;Illeso;0;;;
5066383;13;20/09/2020 16:45:00;Strada Urbana;VIA GIUSEPPE FIORELLI;all'intersezione con;VIA SISTO SCAGLIA;VIA SISTO SCAGLIA;;;Scontro frontale/laterale DX fra veicoli in marcia;Incrocio;Una carreggiata a doppio senso;Asciutto;Asfaltata;Verticale ed orizzontale;Sereno;Normale;Buona;;1;0;0;0;12.312;41.7683;-1;1;Autovettura privata;In marcia / fermata / arresto;Conducente;M;Rimandato;0;NON DECEDUTO;Non accertato;Inesploso
5066383;13;20/09/2020 16:45:00;Strada Urbana;VIA GIUSEPPE FIORELLI;all'intersezione con;VIA SISTO SCAGLIA;VIA SISTO SCAGLIA;;;Scontro frontale/laterale DX fra veicoli in marcia;Incrocio;Una carreggiata a doppio senso;Asciutto;Asfaltata;Verticale ed orizzontale;Sereno;Normale;Buona;;1;0;0;0;12.312;41.7683;-1;2;Autovettura privata;Allontanatosi;;;;;;;
5066383;13;20/09/2020 16:45:00;Strada Urbana;VIA GIUSEPPE FIORELLI;all'intersezione con;VIA SISTO SCAGLIA;VIA SISTO SCAGLIA;;;Scontro frontale/laterale DX fra veicoli in marcia;Incrocio;Una carreggiata a doppio senso;Asciutto;Asfaltata;Verticale ed orizzontale;Sereno;Normale;Buona;;1;0;0;0;12.312;41.7683;-1;3;Autovettura privata;Sosta;;;;;;;
5066383;13;20/09/2020 16:45:00;Strada Urbana;VIA GIUSEPPE FIORELLI;all'intersezione con;VIA SISTO SCAGLIA;VIA SISTO SCAGLIA;;;Scontro frontale/laterale DX fra veicoli in marcia;Incrocio;Una carreggiata a doppio senso;Asciutto;Asfaltata;Verticale ed orizzontale;Sereno;Normale;Buona;;1;0;0;0;12.312;41.7683;-1;4;Autovettura privata;Sosta;;;;;;;
5066619;11;20/09/2020 07:05:00;Strada Urbana;VIA ARDEATINA;in corrispondenza;;del civico n.;802;;Scontro frontale fra veicoli in marcia;Rettilineo;Una carreggiata a doppio senso;Asciutto;Asfaltata;Verticale;Sereno;Normale;Buona;;0;0;0;2;12.5304;41.8081;-1;1;Autovettura privata;In marcia / fermata / arresto;Conducente;M;Illeso;0;;Non accertato;
5066619;11;20/09/2020 07:05:00;Strada Urbana;VIA ARDEATINA;in corrispondenza;;del civico n.;802;;Scontro frontale fra veicoli in marcia;Rettilineo;Una carreggiata a doppio senso;Asciutto;Asfaltata;Verticale;Sereno;Normale;Buona;;0;0;0;2;12.5304;41.8081;-1;2;Autovettura privata;In marcia / fermata / arresto;Conducente;M;Illeso;0;;Non accertato;
5066625;11;19/09/2020 08:30:00;Strada Urbana;VIA APPIA PIGNATELLI;all'intersezione semaforizzata con;VIA DI CECILIA METELLA;VIA DI CECILIA METELLA;;;Tamponamento;Intersezione semaforizzata;Una carreggiata a doppio senso;Asciutto;Asfaltata;Verticale ed orizzontale;Sereno;Normale;Buona;;0;0;0;2;12.5357;41.8462;-1;1;Motociclo di polizia;In marcia / fermata / arresto;Conducente;M;Illeso;0;;Non accertato;
5066625;11;19/09/2020 08:30:00;Strada Urbana;VIA APPIA PIGNATELLI;all'intersezione semaforizzata con;VIA DI CECILIA METELLA;VIA DI CECILIA METELLA;;;Tamponamento;Intersezione semaforizzata;Una carreggiata a doppio senso;Asciutto;Asfaltata;Verticale ed orizzontale;Sereno;Normale;Buona;;0;0;0;2;12.5357;41.8462;-1;2;Autovettura privata;In marcia / fermata / arresto;Conducente;M;Illeso;0;;Utilizzato;Inesploso
5066628;15;20/09/2020 20:10:00;Strada Urbana;VIA PORTUENSE;da specificare;;;;prossimit� fronte civico 813;Scontro frontale/laterale DX fra veicoli in marcia;Rettilineo;Una carreggiata a doppio senso;Asciutto;Asfaltata;Orizzontale;Sereno;Normale;Buona;;0;0;0;6;12.414;41.8469;-1;1;Autovettura privata;In marcia / fermata / arresto;Conducente;M;Illeso;0;;Non accertato;Inesploso
5066628;15;20/09/2020 20:10:00;Strada Urbana;VIA PORTUENSE;da specificare;;;;prossimit� fronte civico 813;Scontro frontale/laterale DX fra veicoli in marcia;Rettilineo;Una carreggiata a doppio senso;Asciutto;Asfaltata;Orizzontale;Sereno;Normale;Buona;;0;0;0;6;12.414;41.8469;-1;2;Autovettura privata;In marcia / fermata / arresto;Conducente;M;Illeso;0;;Non accertato;
5066628;15;20/09/2020 20:10:00;Strada Urbana;VIA PORTUENSE;da specificare;;;;prossimit� fronte civico 813;Scontro frontale/laterale DX fra veicoli in marcia;Rettilineo;Una carreggiata a doppio senso;Asciutto;Asfaltata;Orizzontale;Sereno;Normale;Buona;;0;0;0;6;12.414;41.8469;-1;2;Autovettura privata;In marcia / fermata / arresto;Passeggero;F;Illeso;0;;Non accertato;Inesploso
5066628;15;20/09/2020 20:10:00;Strada Urbana;VIA PORTUENSE;da specificare;;;;prossimit� fronte civico 813;Scontro frontale/laterale DX fra veicoli in marcia;Rettilineo;Una carreggiata a doppio senso;Asciutto;Asfaltata;Orizzontale;Sereno;Normale;Buona;;0;0;0;6;12.414;41.8469;-1;2;Autovettura privata;In marcia / fermata / arresto;Passeggero;M;Illeso;0;;Non accertato;Inesploso
5066628;15;20/09/2020 20:10:00;Strada Urbana;VIA PORTUENSE;da specificare;;;;prossimit� fronte civico 813;Scontro frontale/laterale DX fra veicoli in marcia;Rettilineo;Una carreggiata a doppio senso;Asciutto;Asfaltata;Orizzontale;Sereno;Normale;Buona;;0;0;0;6;12.414;41.8469;-1;2;Autovettura privata;In marcia / fermata / arresto;Passeggero;M;Illeso;0;;Non accertato;Inesploso
5066628;15;20/09/2020 20:10:00;Strada Urbana;VIA PORTUENSE;da specificare;;;;prossimit� fronte civico 813;Scontro frontale/laterale DX fra veicoli in marcia;Rettilineo;Una carreggiata a doppio senso;Asciutto;Asfaltata;Orizzontale;Sereno;Normale;Buona;;0;0;0;6;12.414;41.8469;-1;3;Autovettura privata;In marcia / fermata / arresto;Conducente;M;Illeso;0;;Non accertato;Inesploso
5066640;11;20/09/2020 12:50:00;Strada Urbana;VIA CRISTOFORO COLOMBO;all'intersezione semaforizzata con;VIA ACCADEMIA DEGLI AGIATI;VIA ACCADEMIA DEGLI AGIATI;;;Scontro frontale/laterale SX fra veicoli in marcia;Incrocio;Una carreggiata a senso unico di marcia;Asciutto;Asfaltata;Verticale ed orizzontale;Nuvoloso;Scarso;Buona;;1;0;0;1;12.4882;41.8525;-1;1;Motociclo a solo;In marcia / fermata / arresto;Conducente;M;Illeso;0;;;
5066640;11;20/09/2020 12:50:00;Strada Urbana;VIA CRISTOFORO COLOMBO;all'intersezione semaforizzata con;VIA ACCADEMIA DEGLI AGIATI;VIA ACCADEMIA DEGLI AGIATI;;;Scontro frontale/laterale SX fra veicoli in marcia;Incrocio;Una carreggiata a senso unico di marcia;Asciutto;Asfaltata;Verticale ed orizzontale;Nuvoloso;Scarso;Buona;;1;0;0;1;12.4882;41.8525;-1;2;Velocipede;In marcia / fermata / arresto;Conducente;M;Rifiuta cure immediate;0;NON DECEDUTO;Esente;
5066649;20;19/09/2020 13:00:00;Strada Urbana;VIALE DELLE GALLINE BIANCHE;in prossimit�;;del civico n.;44;;Veicolo in marcia contro ostacolo fisso;Rettilineo;Una carreggiata a senso unico di marcia;Asciutto;Asfaltata;Verticale;Sereno;Scarso;Buona;;0;0;0;1;12.4919;41.9971;-1;1;Autovettura privata;In marcia / fermata / arresto;Conducente;M;Illeso;0;;;
5066665;12;19/09/2020 07:05:00;Comunale extraurbana;VIA ALVARO DEL PORTILLO;da specificare;;;;direzione Vallerano 250 mt dopo il civico 215;Veicolo in marcia contro ostacolo accidentale;Rettilineo;Una carreggiata a doppio senso;Asciutto;Asfaltata;Verticale ed orizzontale;Sereno;Scarso;Buona;;1;0;0;0;12.471;41.7775;-1;1;Motociclo a solo;In marcia / fermata / arresto;Conducente;M;Rimandato;0;NON DECEDUTO;;
5066669;18;19/09/2020 15:10:00;Strada Urbana;VIA S. AGATONE PAPA;in prossimit�;;del civico n.;30;;Investimento di pedone;Pendenza;Una carreggiata a doppio senso;Asciutto;Asfaltata;Assente;Nuvoloso;Scarso;Buona;;1;0;0;1;12.4437;41.8972;-1;;;;Pedone;M;Rifiuta cure immediate;0;NON DECEDUTO;;
5066669;18;19/09/2020 15:10:00;Strada Urbana;VIA S. AGATONE PAPA;in prossimit�;;del civico n.;30;;Investimento di pedone;Pendenza;Una carreggiata a doppio senso;Asciutto;Asfaltata;Assente;Nuvoloso;Scarso;Buona;;1;0;0;1;12.4437;41.8972;-1;1;Autovettura privata;In marcia / fermata / arresto;Conducente;M;Illeso;0;;Non accertato;Inesploso
5066672;1;20/09/2020 01:30:00;Strada Urbana;VIA DELLA CISTERNA;in corrispondenza;;del civico n.;19;;Investimento di pedone;Rettilineo;Una carreggiata a senso unico di marcia;Asciutto;Acciotolata;Verticale;Sereno;Scarso;Sufficiente;;1;0;0;1;12.4713;41.8886;-1;;;;Pedone;F;Rimandato;0;NON DECEDUTO;;