Protocollo;Gruppo;DataOraIncidente;Localizzazione1;STRADA1;Localizzazione2;STRADA2;Strada02;Chilometrica;DaSpecificare;NaturaIncidente;particolaritastrade;TipoStrada;FondoStradale;Pavimentazione;Segnaletica;CondizioneAtmosferica;Traffico;Visibilita;Illuminazione;NUM_FERITI;NUM_RISERVATA;NUM_MORTI;NUM_ILLESI;Longitudine;Latitudine;Confermato;Progressivo;TipoVeicolo;StatoVeicolo;TipoPersona;Sesso;Tipolesione;Deceduto;DecedutoDopo;CinturaCascoUtilizzato;Airbag;
5068368;7;21/09/2020 23:15:00;Strada Urbana;VIA PRENESTINA;all'intersezione con;VIALE GIORGIO DE CHIRICO;VIALE GIORGIO DE CHIRICO;;;Scontro frontale/laterale SX fra veicoli in marcia;Intersezione semaforizzata;Una carreggiata a doppio senso;Asciutto;Asfaltata;Verticale ed orizzontale;Sereno;Normale;Sufficiente;;1;0;0;2;12.5907;41.8941;-1;2;Autovettura privata;In marcia / fermata / arresto;Conducente;M;Illeso;0;;;
5068368;7;21/09/2020 23:15:00;Strada Urbana;VIA PRENESTINA;all'intersezione con;VIALE GIORGIO DE CHIRICO;VIALE GIORGIO DE CHIRICO;;;Scontro frontale/laterale SX fra veicoli in marcia;Intersezione semaforizzata;Una carreggiata a doppio senso;Asciutto;Asfaltata;Verticale ed orizzontale;Sereno;Normale;Sufficiente;;1;0;0;2;12.5907;41.8941;-1;3;Autovettura privata;In marcia / fermata / arresto;Conducente;M;Rimandato;0;NON DECEDUTO;;
5068416;4;21/09/2020 17:50:00;Strada Urbana;VIA TITO SCHIPA;in corrispondenza;;del civico n.;20;;Scontro frontale/laterale DX fra veicoli in marcia;Rettilineo;Una carreggiata a senso unico di marcia;Bagnato (pioggia);Asfaltata;Assente;Pioggia in atto;Scarso;Buona;;0;0;0;2;12.5308;41.9616;-1;1;Autovettura privata;In marcia / fermata / arresto;Conducente;M;Illeso;0;;Non accertato;Inesploso
5068416;4;21/09/2020 17:50:00;Strada Urbana;VIA TITO SCHIPA;in corrispondenza;;del civico n.;20;;Scontro frontale/laterale DX fra veicoli in marcia;Rettilineo;Una carreggiata a senso unico di marcia;Bagnato (pioggia);Asfaltata;Assente;Pioggia in atto;Scarso;Buona;;0;0;0;2;12.5308;41.9616;-1;2;Autovettura privata;In marcia / fermata / arresto;Conducente;M;Illeso;0;;Non accertato;Inesploso
5068416;4;21/09/2020 17:50:00;Strada Urbana;VIA TITO SCHIPA;in corrispondenza;;del civico n.;20;;Scontro frontale/laterale DX fra veicoli in marcia;Rettilineo;Una carreggiata a senso unico di marcia;Bagnato (pioggia);Asfaltata;Assente;Pioggia in atto;Scarso;Buona;;0;0;0;2;12.5308;41.9616;-1;3;Autovettura privata;Sosta;;;;;;;
5068416;4;21/09/2020 17:50:00;Strada Urbana;VIA TITO SCHIPA;in corrispondenza;;del civico n.;20;;Scontro frontale/laterale DX fra veicoli in marcia;Rettilineo;Una carreggiata a senso unico di marcia;Bagnato (pioggia);Asfaltata;Assente;Pioggia in atto;Scarso;Buona;;0;0;0;2;12.5308;41.9616;-1;4;Autovettura privata;Sosta;;;;;;;
5068416;4;21/09/2020 17:50:00;Strada Urbana;VIA TITO SCHIPA;in corrispondenza;;del civico n.;20;;Scontro frontale/laterale DX fra veicoli in marcia;Rettilineo;Una carreggiata a senso unico di marcia;Bagnato (pioggia);Asfaltata;Assente;Pioggia in atto;Scarso;Buona;;0;0;0;2;12.5308;41.9616;-1;5;Autovettura privata;Sosta;;;;;;;
5068424;4;22/09/2020 03:30:00;Strada Urbana;VIA DELLE VIGNE NUOVE;all'intersezione con;VIALE GINO CERVI;VIALE GINO CERVI;;;Veicolo in marcia contro ostacolo fisso;Rotatoria;Pi� di due carreggiate;Bagnato (umidit� in atto);Asfaltata;Verticale ed orizzontale;Nuvoloso;Scarso;Buona;;0;0;0;1;12.5358;41.9554;-1;1;Autovettura privata;In marcia / fermata / arresto;Conducente;M;Illeso;0;;;
5068463;1;20/09/2020 10:20:00;Strada Urbana;VIA EMANUELE FILIBERTO;all'intersezione con;VIA DOMENICO FONTANA;VIA DOMENICO FONTANA;;;Scontro laterale fra veicoli in marcia;Intersezione non regolata/non segnalata;Pi� di due carreggiate;Asciutto;Asfaltata;Assente;Sereno;Normale;Buona;;2;0;0;1;12.507;41.8899;-1;1;Autovettura privata;In marcia / fermata / arresto;Conducente;M;Illeso;0;;;
5068463;1;20/09/2020 10:20:00;Strada Urbana;VIA EMANUELE FILIBERTO;all'intersezione con;VIA DOMENICO FONTANA;VIA DOMENICO FONTANA;;;Scontro laterale fra veicoli in marcia;Intersezione non regolata/non segnalata;Pi� di due carreggiate;Asciutto;Asfaltata;Assente;Sereno;Normale;Buona;;2;0;0;1;12.507;41.8899;-1;2;Motociclo con passeggero;In marcia / fermata / arresto;Conducente;M;Rifiuta cure immediate;0;NON DECEDUTO;;
5068463;1;20/09/2020 10:20:00;Strada Urbana;VIA EMANUELE FILIBERTO;all'intersezione con;VIA DOMENICO FONTANA;VIA DOMENICO FONTANA;;;Scontro laterale fra veicoli in marcia;Intersezione non regolata/non segnalata;Pi� di due carreggiate;Asciutto;Asfaltata;Assente;Sereno;Normale;Buona;;2;0;0;1;12.507;41.8899;-1;2;Motociclo con passeggero;In marcia / fermata / arresto;Passeggero;M;Rifiuta cure immediate;0;NON DECEDUTO;;
5068502;1;21/09/2020 16:05:00;Strada Urbana;VIA MARIO DE FIORI;all'intersezione con;VIA BORGOGNONA;VIA BORGOGNONA;;;Scontro frontale/laterale SX fra veicoli in marcia;Incrocio;Una carreggiata a senso unico di marcia;Asciutto;In cubetti di porfido;Verticale ed orizzontale;Sereno;Scarso;Buona;;1;0;0;1;;;0;1;Autocarro inferiore 35 q.;In marcia / fermata / arresto;Conducente;M;Illeso;0;;;
5068502;1;21/09/2020 16:05:00;Strada Urbana;VIA MARIO DE FIORI;all'intersezione con;VIA BORGOGNONA;VIA BORGOGNONA;;;Scontro frontale/laterale SX fra veicoli in marcia;Incrocio;Una carreggiata a senso unico di marcia;Asciutto;In cubetti di porfido;Verticale ed orizzontale;Sereno;Scarso;Buona;;1;0;0;1;;;0;2;Velocipede;In marcia / fermata / arresto;Conducente;M;Rimandato;0;NON DECEDUTO;Esente;
5068517;7;21/09/2020 01:20:00;Strada Urbana;VIA PRENESTINA;in prossimit�;;del civico n.;298;;Veicolo in marcia contro veicoli in sosta;Rettilineo;Due carreggiate;Bagnato (umidit� in atto);Asfaltata;Verticale ed orizzontale;Nuvoloso;Normale;Sufficiente;;0;0;0;0;12.5488;41.8934;-1;1;Autovettura privata;In marcia / fermata / arresto;;;;;;;
5068517;7;21/09/2020 01:20:00;Strada Urbana;VIA PRENESTINA;in prossimit�;;del civico n.;298;;Veicolo in marcia contro veicoli in sosta;Rettilineo;Due carreggiate;Bagnato (umidit� in atto);Asfaltata;Verticale ed orizzontale;Nuvoloso;Normale;Sufficiente;;0;0;0;0;12.5488;41.8934;-1;2;Autovettura privata;Sosta;;;;;;;
5068521;17;21/09/2020 18:10:00;Strada Urbana;VIA LEONE IV;da specificare;;;;fronte via germanico;Veicolo in marcia contro veicolo arresto;Rettilineo;Una carreggiata a doppio senso;Asciutto;Asfaltata;Verticale ed orizzontale;Nuvoloso;Normale;Buona;;0;0;0;2;12.4553;41.9087;-1;1;Autovettura privata;In marcia / fermata / arresto;Conducente;M;Illeso;0;;;
5068521;17;21/09/2020 18:10:00;Strada Urbana;VIA LEONE IV;da specificare;;;;fronte via germanico;Veicolo in marcia contro veicolo arresto;Rettilineo;Una carreggiata a doppio senso;Asciutto;Asfaltata;Verticale ed orizzontale;Nuvoloso;Normale;Buona;;0;0;0;2;12.4553;41.9087;-1;2;Autovettura privata;Allontanatosi;Conducente;M;Illeso;0;;;
5068530;7;21/09/2020 10:30:00;Strada Urbana;VIALE PALMIRO TOGLIATTI;in prossimit�;;del civico n.;993;;Scontro frontale fra veicoli in marcia;Rettilineo;Due carreggiate;Asciutto;Asfaltata;Verticale ed orizzontale;Sereno;Normale;Sufficiente;;0;0;0;2;12.5743;41.894;-1;1;Autocarro inferiore 35 q.;In marcia / fermata / arresto;Conducente;M;Illeso;0;;;
5068530;7;21/09/2020 10:30:00;Strada Urbana;VIALE PALMIRO TOGLIATTI;in prossimit�;;del civico n.;993;;Scontro frontale fra veicoli in marcia;Rettilineo;Due carreggiate;Asciutto;Asfaltata;Verticale ed orizzontale;Sereno;Normale;Sufficiente;;0;0;0;2;12.5743;41.894;-1;2;Velocipede;In marcia / fermata / arresto;Conducente;M;Illeso;0;;Esente;
5068538;2;21/09/2020 01:00:00;Strada Urbana;VIA SALARIA;in prossimit�;;del civico n.;434;;Veicolo in marcia contro ostacolo fisso;Curva senza visuale libera;Una carreggiata a doppio senso;Asciutto;Asfaltata;Verticale ed orizzontale;Sereno;Scarso;Buona;;0;0;0;0;12.5094;41.9311;-1;;;;;;;;;;
5068542;2;21/09/2020 11:55:00;Strada Urbana;VIA TOPINO;all'intersezione con;VIA SABAZIO;VIA SABAZIO;;;Scontro frontale/laterale SX fra veicoli in marcia;Incrocio;Una carreggiata a doppio senso;Asciutto;Asfaltata;Verticale ed orizzontale;Sereno;Normale;Buona;;1;0;0;1;12.5091;41.9222;-1;1;Autovettura privata;In marcia / fermata / arresto;Conducente;M;Illeso;0;;Non accertato;Inesploso
5068542;2;21/09/2020 11:55:00;Strada Urbana;VIA TOPINO;all'intersezione con;VIA SABAZIO;VIA SABAZIO;;;Scontro frontale/laterale SX fra veicoli in marcia;Incrocio;Una carreggiata a doppio senso;Asciutto;Asfaltata;Verticale ed orizzontale;Sereno;Normale;Buona;;1;0;0;1;12.5091;41.9222;-1;2;Motociclo a solo;In marcia / fermata / arresto;Conducente;M;Rimandato;0;NON DECEDUTO;Non accertato;
5068545;9;22/09/2020 07:40:00;Strada Urbana;VIALE CASTRENSE;all'intersezione semaforizzata con;VIA CALTAGIRONE;VIA CALTAGIRONE;;;Tamponamento Multiplo;Incrocio;Due carreggiate;Bagnato (umidit� in atto);Asfaltata;Verticale ed orizzontale;Nuvoloso;Intenso;Buona;;0;0;0;3;12.5182;41.8877;-1;1;Autocarro superiore 35 q.;In marcia / fermata / arresto;Conducente;M;Illeso;0;;Non accertato;Inesploso
5068545;9;22/09/2020 07:40:00;Strada Urbana;VIALE CASTRENSE;all'intersezione semaforizzata con;VIA CALTAGIRONE;VIA CALTAGIRONE;;;Tamponamento Multiplo;Incrocio;Due carreggiate;Bagnato (umidit� in atto);Asfaltata;Verticale ed orizzontale;Nuvoloso;Intenso;Buona;;0;0;0;3;12.5182;41.8877;-1;2;Autovettura privata;In marcia / fermata / arresto;Conducente;F;Illeso;0;;Non accertato;Inesploso
5068545;9;22/09/2020 07:40:00;Strada Urbana;VIALE CASTRENSE;all'intersezione semaforizzata con;VIA CALTAGIRONE;VIA CALTAGIRONE;;;Tamponamento Multiplo;Incrocio;Due carreggiate;Bagnato (umidit� in atto);Asfaltata;Verticale ed orizzontale;Nuvoloso;Intenso;Buona;;0;0;0;3;12.5182;41.8877;-1;3;Autovettura privata;In marcia / fermata / arresto;Conducente;F;Illeso;0;;Non accertato;Inesploso
5068549;2;21/09/2020 14:50:00;Strada Urbana;VIA DI S. COSTANZA;in prossimit�;;del civico n.;35;;Tamponamento Multiplo;Rettilineo;Una carreggiata a doppio senso;Bagnato (pioggia);Acciotolata;Verticale ed orizzontale;Pioggia in atto;Intenso;Buona;;0;0;0;3;12.5154;41.9223;-1;1;Autocarro inferiore 35 q.;In marcia / fermata / arresto;Conducente;M;Illeso;0;;Non accertato;Inesploso
5068549;2;21/09/2020 14:50:00;Strada Urbana;VIA DI S. COSTANZA;in prossimit�;;del civico n.;35;;Tamponamento Multiplo;Rettilineo;Una carreggiata a doppio senso;Bagnato (pioggia);Acciotolata;Verticale ed orizzontale;Pioggia in atto;Intenso;Buona;;0;0;0;3;12.5154;41.9223;-1;2;Autovettura privata;In marcia / fermata / arresto;Conducente;F;Illeso;0;;;
5068549;2;21/09/2020 14:50:00;Strada Urbana;VIA DI S. COSTANZA;in prossimit�;;del civico n.;35;;Tamponamento Multiplo;Rettilineo;Una carreggiata a doppio senso;Bagnato (pioggia);Acciotolata;Verticale ed orizzontale;Pioggia in atto;Intenso;Buona;;0;0;0;3;12.5154;41.9223;-1;3;Autovettura privata;In marcia / fermata / arresto;Conducente;M;Illeso;0;;Non accertato;Inesploso
5068554;2;21/09/2020 17:10:00;Strada Urbana;VIA ROCCA SINIBALDA;in prossimit�;;del civico n.;37/a;;Scontro frontale/laterale SX fra veicoli in marcia;Curva a visuale libera;Una carreggiata a senso unico di marcia;Bagnato (pioggia);Asfaltata;Verticale ed orizzontale;Nuvoloso;Normale;Buona;;1;0;0;2;12.5166;41.9311;-1;1;Autovettura privata;In marcia / fermata / arresto;Conducente;M;Illeso;0;;Non accertato;Inesploso
5068554;2;21/09/2020 17:10:00;Strada Urbana;VIA ROCCA SINIBALDA;in prossimit�;;del civico n.;37/a;;Scontro frontale/laterale SX fra veicoli in marcia;Curva a visuale libera;Una carreggiata a senso unico di marcia;Bagnato (pioggia);Asfaltata;Verticale ed orizzontale;Nuvoloso;Normale;Buona;;1;0;0;2;12.5166;41.9311;-1;1;Autovettura privata;In marcia / fermata / arresto;Passeggero;F;Illeso;0;;Non accertato;Inesploso
5068554;2;21/09/2020 17:10:00;Strada Urbana;VIA ROCCA SINIBALDA;in prossimit�;;del civico n.;37/a;;Scontro frontale/laterale SX fra veicoli in marcia;Curva a visuale libera;Una carreggiata a senso unico di marcia;Bagnato (pioggia);Asfaltata;Verticale ed orizzontale;Nuvoloso;Normale;Buona;;1;0;0;2;12.5166;41.9311;-1;2;Motociclo a solo;In marcia / fermata / arresto;Conducente;M;Rimandato;0;NON DECEDUTO;Non accertato;
5068562;2;21/09/2020 20:40:00;Strada Urbana;VIA RUGGERO FAURO;in corrispondenza;;del civico n.;51;;Ribaltamento senza urto contro ostacolo fisso;Rettilineo;Una carreggiata a senso unico di marcia;Asciutto;Asfaltata;Verticale ed orizzontale;Nuvoloso;Scarso;Insufficiente;;0;0;0;2;12.4873;41.9284;-1;1;Motociclo a solo;In marcia / fermata / arresto;Conducente;M;Illeso;0;;Non accertato;
5068562;2;21/09/2020 20:40:00;Strada Urbana;VIA RUGGERO FAURO;in corrispondenza;;del civico n.;51;;Ribaltamento senza urto contro ostacolo fisso;Rettilineo;Una carreggiata a senso unico di marcia;Asciutto;Asfaltata;Verticale ed orizzontale;Nuvoloso;Scarso;Insufficiente;;0;0;0;2;12.4873;41.9284;-1;2;Autovettura privata;In marcia / fermata / arresto;Conducente;M;Illeso;0;;Non accertato;Inesploso
5068584;3;21/09/2020 16:10:00;Strada Urbana;CIRCONVALLAZIONE NOMENTANA;da specificare;;;;DIREZIONE SALARIA fronte caserma amione;Tamponamento Multiplo;Cavalcavia;Pi� di due carreggiate;Asciutto;Asfaltata;Verticale ed orizzontale;Nuvoloso;Intenso;Buona;;0;0;0;3;12.527;41.9196;-1;1;Autovettura privata;In marcia / fermata / arresto;Conducente;F;Illeso;0;;Non accertato;Inesploso
5068584;3;21/09/2020 16:10:00;Strada Urbana;CIRCONVALLAZIONE NOMENTANA;da specificare;;;;DIREZIONE SALARIA fronte caserma amione;Tamponamento Multiplo;Cavalcavia;Pi� di due carreggiate;Asciutto;Asfaltata;Verticale ed orizzontale;Nuvoloso;Intenso;Buona;;0;0;0;3;12.527;41.9196;-1;2;Autovettura privata;In marcia / fermata / arresto;Conducente;M;Illeso;0;;Non accertato;Inesploso
5068584;3;21/09/2020 16:10:00;Strada Urbana;CIRCONVALLAZIONE NOMENTANA;da specificare;;;;DIREZIONE SALARIA fronte caserma amione;Tamponamento Multiplo;Cavalcavia;Pi� di due carreggiate;Asciutto;Asfaltata;Verticale ed orizzontale;Nuvoloso;Intenso;Buona;;0;0;0;3;12.527;41.9196;-1;3;Autovettura privata;In marcia / fermata / arresto;Conducente;M;Illeso;0;;Non accertato;Inesploso
5068595;3;21/09/2020 23:00:00;Strada Urbana;VIA ALBERTO BERGAMINI;da specificare;;;;altezza VIA CESARE SPELLANZON;Veicolo in marcia contro veicoli in sosta;Rettilineo;Due carreggiate;Asciutto;Asfaltata;Verticale ed orizzontale;Nuvoloso;Scarso;Sufficiente;;1;0;0;0;12.5513;41.906;-1;1;Autovettura privata;In marcia / fermata / arresto;Conducente;F;Rimandato;0;NON DECEDUTO;;
5068595;3;21/09/2020 23:00:00;Strada Urbana;VIA ALBERTO BERGAMINI;da specificare;;;;altezza VIA CESARE SPELLANZON;Veicolo in marcia contro veicoli in sosta;Rettilineo;Due carreggiate;Asciutto;Asfaltata;Verticale ed orizzontale;Nuvoloso;Scarso;Sufficiente;;1;0;0;0;12.5513;41.906;-1;2;Autovettura privata;Sosta;;;;;;;
5068595;3;21/09/2020 23:00:00;Strada Urbana;VIA ALBERTO BERGAMINI;da specificare;;;;altezza VIA CESARE SPELLANZON;Veicolo in marcia contro veicoli in sosta;Rettilineo;Due carreggiate;Asciutto;Asfaltata;Verticale ed orizzontale;Nuvoloso;Scarso;Sufficiente;;1;0;0;0;12.5513;41.906;-1;3;Autovettura privata;Sosta;;;;;;;
5068595;3;21/09/2020 23:00:00;Strada Urbana;VIA ALBERTO BERGAMINI;da specificare;;;;altezza VIA CESARE SPELLANZON;Veicolo in marcia contro veicoli in sosta;Rettilineo;Due carreggiate;Asciutto;Asfaltata;Verticale ed orizzontale;Nuvoloso;Scarso;Sufficiente;;1;0;0;0;12.5513;41.906;-1;4;Autovettura privata;Sosta;;;;;;;
5068605;1;21/09/2020 10:35:00;Strada Urbana;PIAZZA TESTACCIO;in corrispondenza;;del civico n.;35;;Veicolo in marcia contro veicolo in sosta;Rettilineo;Una carreggiata a senso unico di marcia;Asciutto;Asfaltata;Verticale ed orizzontale;Nuvoloso;Normale;Buona;;0;0;0;0;12.4773;41.8799;-1;1;Autovettura privata;Sosta;;;;;;;
5068605;1;21/09/2020 10:35:00;Strada Urbana;PIAZZA TESTACCIO;in corrispondenza;;del civico n.;35;;Veicolo in marcia contro veicolo in sosta;Rettilineo;Una carreggiata a senso unico di marcia;Asciutto;Asfaltata;Verticale ed orizzontale;Nuvoloso;Normale;Buona;;0;0;0;0;12.4773;41.8799;-1;2;Autocarro inferiore 35 q.;In marcia / fermata / arresto;;;;;;;
5068632;1;19/09/2020 19:50:00;Strada Urbana;VIA DEI CERCHI;da specificare;;;;altezza stallo sosta breve n. 2;Scontro laterale fra veicoli in marcia;Rettilineo;Una carreggiata a senso unico di marcia;Asciutto;In cubetti di porfido;Verticale ed orizzontale;Sereno;Normale;Sufficiente;;0;0;0;2;12.4872;41.886;-1;1;Autovettura pubblica;In marcia / fermata / arresto;Conducente;M;Illeso;0;;Non accertato;Inesploso
5068632;1;19/09/2020 19:50:00;Strada Urbana;VIA DEI CERCHI;da specificare;;;;altezza stallo sosta breve n. 2;Scontro laterale fra veicoli in marcia;Rettilineo;Una carreggiata a senso unico di marcia;Asciutto;In cubetti di porfido;Verticale ed orizzontale;Sereno;Normale;Sufficiente;;0;0;0;2;12.4872;41.886;-1;2;Autovettura privata;In marcia / fermata / arresto;Conducente;F;Illeso;0;;Non accertato;Inesploso
5068678;1;19/09/2020 23:30:00;Strada Urbana;VIA DELLA GRECA;in prossimit�;;del civico n.;1;;Scontro laterale fra veicoli in marcia;Rettilineo;Una carreggiata a doppio senso;Asciutto;Asfaltata;Verticale ed orizzontale;Sereno;Normale;Buona;;0;0;0;3;12.4815;41.8879;-1;1;Autovettura privata;In marcia / fermata / arresto;Conducente;M;Illeso;0;;;
5068678;1;19/09/2020 23:30:00;Strada Urbana;VIA DELLA GRECA;in prossimit�;;del civico n.;1;;Scontro laterale fra veicoli in marcia;Rettilineo;Una carreggiata a doppio senso;Asciutto;Asfaltata;Verticale ed orizzontale;Sereno;Normale;Buona;;0;0;0;3;12.4815;41.8879;-1;2;Autovettura privata;In marcia / fermata / arresto;Conducente;M;Illeso;0;;;
5068678;1;19/09/2020 23:30:00;Strada Urbana;VIA DELLA GRECA;in prossimit�;;del civico n.;1;;Scontro laterale fra veicoli in marcia;Rettilineo;Una carreggiata a doppio senso;Asciutto;Asfaltata;Verticale ed orizzontale;Sereno;Normale;Buona;;0;0;0;3;12.4815;41.8879;-1;2;Autovettura privata;In marcia / fermata / arresto;Passeggero;M;Illeso;0;;Non accertato;
5068706;23;22/09/2020 01:30:00;Statale;VIA TIBURTINA;all'intersezione con;VIALE DEL TECNOPOLO;VIALE DEL TECNOPOLO;;;Scontro frontale/laterale DX fra veicoli in marcia;Intersezione semaforizzata;Due carreggiate;Bagnato (pioggia);Asfaltata;Verticale ed orizzontale;Nuvoloso;Scarso;Sufficiente;;0;1;0;1;12.6385;41.941;-1;1;Autovettura privata;In marcia / fermata / arresto;Conducente;M;Prognosi riservata;0;NON DECEDUTO;Non accertato;Esploso
5068706;23;22/09/2020 01:30:00;Statale;VIA TIBURTINA;all'intersezione con;VIALE DEL TECNOPOLO;VIALE DEL TECNOPOLO;;;Scontro frontale/laterale DX fra veicoli in marcia;Intersezione semaforizzata;Due carreggiate;Bagnato (pioggia);Asfaltata;Verticale ed orizzontale;Nuvoloso;Scarso;Sufficiente;;0;1;0;1;12.6385;41.941;-1;2;Autovettura pubblica;In marcia / fermata / arresto;Conducente;M;Illeso;0;;Non accertato;Esploso
5068783;17;22/09/2020 08:00:00;Strada Urbana;VIALE DEL FORO ITALICO;in prossimit�;;del civico n.;31;;Fuoriuscita dalla sede stradale;Rettilineo;Una carreggiata a senso unico di marcia;Bagnato (pioggia);Asfaltata;Verticale ed orizzontale;Nuvoloso;Normale;Buona;;1;0;0;0;12.4572;41.9326;-1;1;Autovettura privata;In marcia / fermata / arresto;Conducente;M;Rimandato;0;NON DECEDUTO;;
5068811;10;22/09/2020 13:00:00;Strada Urbana;VIA DELLE CAPANNELLE;da specificare;;;;fronte palo acea num.91;Scontro laterale fra veicoli in marcia;Rettilineo;Una carreggiata a doppio senso;Asciutto;Asfaltata;Verticale ed orizzontale;Sereno;Normale;Buona;;0;0;0;5;12.5751;41.84;-1;1;Autoambulanza;In marcia / fermata / arresto;Conducente;M;Illeso;0;;Non accertato;
5068811;10;22/09/2020 13:00:00;Strada Urbana;VIA DELLE CAPANNELLE;da specificare;;;;fronte palo acea num.91;Scontro laterale fra veicoli in marcia;Rettilineo;Una carreggiata a doppio senso;Asciutto;Asfaltata;Verticale ed orizzontale;Sereno;Normale;Buona;;0;0;0;5;12.5751;41.84;-1;1;Autoambulanza;In marcia / fermata / arresto;Passeggero;F;Illeso;0;;Non accertato;
5068811;10;22/09/2020 13:00:00;Strada Urbana;VIA DELLE CAPANNELLE;da specificare;;;;fronte palo acea num.91;Scontro laterale fra veicoli in marcia;Rettilineo;Una carreggiata a doppio senso;Asciutto;Asfaltata;Verticale ed orizzontale;Sereno;Normale;Buona;;0;0;0;5;12.5751;41.84;-1;2;Autovettura privata;In marcia / fermata / arresto;Conducente;F;Illeso;0;;Non accertato;Inesploso
5068811;10;22/09/2020 13:00:00;Strada Urbana;VIA DELLE CAPANNELLE;da specificare;;;;fronte palo acea num.91;Scontro laterale fra veicoli in marcia;Rettilineo;Una carreggiata a doppio senso;Asciutto;Asfaltata;Verticale ed orizzontale;Sereno;Normale;Buona;;0;0;0;5;12.5751;41.84;-1;2;Autovettura privata;In marcia / fermata / arresto;Passeggero;M;Illeso;0;;Non accertato;Inesploso
5068974;1;21/09/2020 13:10:00;Strada Urbana;VIA DELLA GRECA;in corrispondenza;;del civico n.;5;;Scontro laterale fra veicoli in marcia;Rettilineo;Una carreggiata a doppio senso;Asciutto;Asfaltata;Orizzontale;Sereno;Normale;Buona;;1;0;0;2;12.4819;41.8875;-1;1;Autovettura privata;In marcia / fermata / arresto;Conducente;M;Illeso;0;;Non accertato;Inesploso
5068974;1;21/09/2020 13:10:00;Strada Urbana;VIA DELLA GRECA;in corrispondenza;;del civico n.;5;;Scontro laterale fra veicoli in marcia;Rettilineo;Una carreggiata a doppio senso;Asciutto;Asfaltata;Orizzontale;Sereno;Normale;Buona;;1;0;0;2;12.4819;41.8875;-1;2;Motociclo a solo;In marcia / fermata / arresto;Conducente;M;Rifiuta cure immediate;0;NON DECEDUTO;Non accertato;
5068974;1;21/09/2020 13:10:00;Strada Urbana;VIA DELLA GRECA;in corrispondenza;;del civico n.;5;;Scontro laterale fra veicoli in marcia;Rettilineo;Una carreggiata a doppio senso;Asciutto;Asfaltata;Orizzontale;Sereno;Normale;Buona;;1;0;0;2;12.4819;41.8875;-1;3;Autovettura privata;In marcia / fermata / arresto;Conducente;M;Illeso;0;;Non accertato;Inesploso
5068994;12;22/09/2020 06:50:00;Strada Urbana;VIA DI TOR PAGNOTTA;in corrispondenza;;del palo luce n.;75;;Veicolo in marcia contro ostacolo fisso;Rettilineo;Una carreggiata a doppio senso;Bagnato (pioggia);Asfaltata;Orizzontale;Pioggia in atto;Scarso;Sufficiente;;1;0;0;1;12.5061;41.8038;-1;;;;Pedone;M;Illeso;0;;;
5068994;12;22/09/2020 06:50:00;Strada Urbana;VIA DI TOR PAGNOTTA;in corrispondenza;;del palo luce n.;75;;Veicolo in marcia contro ostacolo fisso;Rettilineo;Una carreggiata a doppio senso;Bagnato (pioggia);Asfaltata;Orizzontale;Pioggia in atto;Scarso;Sufficiente;;1;0;0;1;12.5061;41.8038;-1;1;Autovettura privata;In marcia / fermata / arresto;Conducente;M;Rimandato;0;NON DECEDUTO;;
5069064;12;22/09/2020 08:30:00;Strada Urbana;VICOLO DI MEZZOCAMMINO;all'intersezione con;VIA LAGO SANTO;VIA LAGO SANTO;;;Tamponamento Multiplo;Intersezione stradale segnalata;Una carreggiata a doppio senso;Bagnato (pioggia);Asfaltata;Verticale ed orizzontale;Nuvoloso;Normale;Buona;;1;0;0;3;12.4212;41.7918;-1;1;Autovettura privata;In marcia / fermata / arresto;Conducente;F;Rimandato;0;NON DECEDUTO;;
5069064;12;22/09/2020 08:30:00;Strada Urbana;VICOLO DI MEZZOCAMMINO;all'intersezione con;VIA LAGO SANTO;VIA LAGO SANTO;;;Tamponamento Multiplo;Intersezione stradale segnalata;Una carreggiata a doppio senso;Bagnato (pioggia);Asfaltata;Verticale ed orizzontale;Nuvoloso;Normale;Buona;;1;0;0;3;12.4212;41.7918;-1;2;Autovettura privata;In marcia / fermata / arresto;Conducente;M;Illeso;0;;;
5069064;12;22/09/2020 08:30:00;Strada Urbana;VICOLO DI MEZZOCAMMINO;all'intersezione con;VIA LAGO SANTO;VIA LAGO SANTO;;;Tamponamento Multiplo;Intersezione stradale segnalata;Una carreggiata a doppio senso;Bagnato (pioggia);Asfaltata;Verticale ed orizzontale;Nuvoloso;Normale;Buona;;1;0;0;3;12.4212;41.7918;-1;3;Autocarro inferiore 35 q.;In marcia / fermata / arresto;Conducente;M;Illeso;0;;;
5069064;12;22/09/2020 08:30:00;Strada Urbana;VICOLO DI MEZZOCAMMINO;all'intersezione con;VIA LAGO SANTO;VIA LAGO SANTO;;;Tamponamento Multiplo;Intersezione stradale segnalata;Una carreggiata a doppio senso;Bagnato (pioggia);Asfaltata;Verticale ed orizzontale;Nuvoloso;Normale;Buona;;1;0;0;3;12.4212;41.7918;-1;4;Autovettura privata;In marcia / fermata / arresto;Conducente;F;Illeso;0;;;