Protocollo;Gruppo;DataOraIncidente;Localizzazione1;STRADA1;Localizzazione2;STRADA2;Strada02;Chilometrica;DaSpecificare;NaturaIncidente;particolaritastrade;TipoStrada;FondoStradale;Pavimentazione;Segnaletica;CondizioneAtmosferica;Traffico;Visibilita;Illuminazione;NUM_FERITI;NUM_RISERVATA;NUM_MORTI;NUM_ILLESI;Longitudine;Latitudine;Confermato;Progressivo;TipoVeicolo;StatoVeicolo;TipoPersona;Sesso;Tipolesione;Deceduto;DecedutoDopo;CinturaCascoUtilizzato;Airbag;
5070498;1;23/09/2020 09:35:00;Strada Urbana;LUNGOTEVERE DEI FIORENTINI;all'intersezione semaforizzata con;PONTE VITTORIO EMANUELE II;PONTE VITTORIO EMANUELE II;;;Scontro frontale/laterale SX fra veicoli in marcia;Intersezione semaforizzata;Una carreggiata a senso unico di marcia;Bagnato (pioggia);Asfaltata;Verticale ed orizzontale;Pioggia in atto;Intenso;Buona;;1;0;0;1;12.4644;41.9003;-1;2;Autovettura privata;In marcia / fermata / arresto;Conducente;M;Illeso;0;;;
5070499;3;22/09/2020 06:45:00;Strada Urbana;VIA RODOLFO LANCIANI;all'intersezione con;PIAZZA GIOVANNI WINCKELMANN;PIAZZA GIOVANNI WINCKELMANN;;;Scontro frontale/laterale DX fra veicoli in marcia;Intersezione stradale segnalata;Una carreggiata a senso unico di marcia;Bagnato (pioggia);Asfaltata;Verticale ed orizzontale;Pioggia in atto;Intenso;Buona;;0;0;0;3;12.5223;41.9212;-1;1;Autovettura privata;In marcia / fermata / arresto;Conducente;M;Illeso;0;;Non accertato;Inesploso
5070499;3;22/09/2020 06:45:00;Strada Urbana;VIA RODOLFO LANCIANI;all'intersezione con;PIAZZA GIOVANNI WINCKELMANN;PIAZZA GIOVANNI WINCKELMANN;;;Scontro frontale/laterale DX fra veicoli in marcia;Intersezione stradale segnalata;Una carreggiata a senso unico di marcia;Bagnato (pioggia);Asfaltata;Verticale ed orizzontale;Pioggia in atto;Intenso;Buona;;0;0;0;3;12.5223;41.9212;-1;2;Autovettura privata;In marcia / fermata / arresto;Conducente;M;Illeso;0;;Non accertato;Inesploso
5070499;3;22/09/2020 06:45:00;Strada Urbana;VIA RODOLFO LANCIANI;all'intersezione con;PIAZZA GIOVANNI WINCKELMANN;PIAZZA GIOVANNI WINCKELMANN;;;Scontro frontale/laterale DX fra veicoli in marcia;Intersezione stradale segnalata;Una carreggiata a senso unico di marcia;Bagnato (pioggia);Asfaltata;Verticale ed orizzontale;Pioggia in atto;Intenso;Buona;;0;0;0;3;12.5223;41.9212;-1;3;Autovettura privata;In marcia / fermata / arresto;Conducente;M;Illeso;0;;Non accertato;Inesploso
5070512;3;22/09/2020 19:00:00;;VIALE IPPOCRATE;in prossimit�;;del civico n.;73;;Tamponamento;;;;;;;;;;0;0;0;2;;;0;1;Autovettura privata;In marcia / fermata / arresto;Conducente;;Illeso;0;;;
5070512;3;22/09/2020 19:00:00;;VIALE IPPOCRATE;in prossimit�;;del civico n.;73;;Tamponamento;;;;;;;;;;0;0;0;2;;;0;2;Autovettura privata;In marcia / fermata / arresto;Conducente;;Illeso;0;;;
5070540;3;23/09/2020 03:00:00;Strada Urbana;CIRCONVALLAZIONE TIBURTINA;da specificare;;;;direzione Salaria altezza rampa per l'A24;Veicolo in marcia contro ostacolo fisso;Rettilineo;Una carreggiata a senso unico di marcia;Asciutto;Asfaltata;Verticale;Nuvoloso;Scarso;Buona;;0;0;0;1;12.5303;41.9008;-1;1;Autovettura privata;In marcia / fermata / arresto;Conducente;M;Illeso;0;;Non accertato;
5070613;1;22/09/2020 18:05:00;Strada Urbana;VIA CESARE BATTISTI;in prossimit�;;del civico n.;120/c;;Tamponamento;Rettilineo;Una carreggiata a doppio senso;Asciutto;In cubetti di porfido;Temporanea di cantiere;Nuvoloso;Intenso;Buona;;0;0;0;3;12.4829;41.8969;-1;1;Autovettura privata;In marcia / fermata / arresto;Conducente;M;Illeso;0;;Non accertato;Inesploso
5070613;1;22/09/2020 18:05:00;Strada Urbana;VIA CESARE BATTISTI;in prossimit�;;del civico n.;120/c;;Tamponamento;Rettilineo;Una carreggiata a doppio senso;Asciutto;In cubetti di porfido;Temporanea di cantiere;Nuvoloso;Intenso;Buona;;0;0;0;3;12.4829;41.8969;-1;1;Autovettura privata;In marcia / fermata / arresto;Passeggero;M;Illeso;0;;Non accertato;Inesploso
5070613;1;22/09/2020 18:05:00;Strada Urbana;VIA CESARE BATTISTI;in prossimit�;;del civico n.;120/c;;Tamponamento;Rettilineo;Una carreggiata a doppio senso;Asciutto;In cubetti di porfido;Temporanea di cantiere;Nuvoloso;Intenso;Buona;;0;0;0;3;12.4829;41.8969;-1;2;Autovettura privata;In marcia / fermata / arresto;Conducente;M;Illeso;0;;Non accertato;Inesploso
5070703;10;23/09/2020 13:35:00;Statale entro l'abitato;VIA APPIA NUOVA;da specificare;;;;sottopasso direzione Ciampino;Veicolo in marcia contro ostacolo fisso;Sottopasso illuminato;Due carreggiate;Bagnato (pioggia);Asfaltata;Verticale ed orizzontale;Pioggia in atto;Normale;Buona;;0;0;0;1;12.5764;41.8083;-1;1;Autovettura privata;In marcia / fermata / arresto;Conducente;F;Illeso;0;;Non accertato;Inesploso
5070737;17;23/09/2020 11:00:00;Strada Urbana;PIAZZA GIUSEPPE MAZZINI;all'intersezione con;VIALE GIUSEPPE MAZZINI;VIALE GIUSEPPE MAZZINI;;;Scontro laterale fra veicoli in marcia;Rotatoria;Una carreggiata a senso unico di marcia;Bagnato (pioggia);Asfaltata;Verticale ed orizzontale;Pioggia in atto;Normale;Buona;;1;0;0;1;12.4641;41.9161;-1;1;Autovettura privata;In marcia / fermata / arresto;Conducente;F;Illeso;0;;;
5070737;17;23/09/2020 11:00:00;Strada Urbana;PIAZZA GIUSEPPE MAZZINI;all'intersezione con;VIALE GIUSEPPE MAZZINI;VIALE GIUSEPPE MAZZINI;;;Scontro laterale fra veicoli in marcia;Rotatoria;Una carreggiata a senso unico di marcia;Bagnato (pioggia);Asfaltata;Verticale ed orizzontale;Pioggia in atto;Normale;Buona;;1;0;0;1;12.4641;41.9161;-1;2;Motociclo a solo;In marcia / fermata / arresto;Conducente;M;Rimandato;0;NON DECEDUTO;;
5070747;6;23/09/2020 12:50:00;Strada Urbana;VIA DEL PIGNETO;all'intersezione con;VIA ALFONSO ANTONINI;VIA ALFONSO ANTONINI;;;Scontro frontale/laterale DX fra veicoli in marcia;Incrocio;Una carreggiata a senso unico di marcia;Bagnato (pioggia);Asfaltata;Verticale ed orizzontale;Pioggia in atto;Normale;Buona;;0;0;0;2;12.5423;41.8866;-1;1;Autovettura privata;In marcia / fermata / arresto;Conducente;M;Illeso;0;;;
5070747;6;23/09/2020 12:50:00;Strada Urbana;VIA DEL PIGNETO;all'intersezione con;VIA ALFONSO ANTONINI;VIA ALFONSO ANTONINI;;;Scontro frontale/laterale DX fra veicoli in marcia;Incrocio;Una carreggiata a senso unico di marcia;Bagnato (pioggia);Asfaltata;Verticale ed orizzontale;Pioggia in atto;Normale;Buona;;0;0;0;2;12.5423;41.8866;-1;2;Autovettura privata;In marcia / fermata / arresto;Conducente;M;Illeso;0;;;
5070752;1;23/09/2020 10:50:00;Strada Urbana;VIALE AVENTINO;all'intersezione con;VIA AVENTINA;VIA AVENTINA;;;Scontro frontale/laterale DX fra veicoli in marcia;Incrocio;Pi� di due carreggiate;Bagnato (umidit� in atto);In cubetti di porfido;Verticale ed orizzontale;Nuvoloso;Normale;Buona;;4;0;0;0;12.4865;41.8822;-1;1;Autovettura privata;In marcia / fermata / arresto;Conducente;M;Rimandato;0;NON DECEDUTO;Non accertato;Esploso
5070752;1;23/09/2020 10:50:00;Strada Urbana;VIALE AVENTINO;all'intersezione con;VIA AVENTINA;VIA AVENTINA;;;Scontro frontale/laterale DX fra veicoli in marcia;Incrocio;Pi� di due carreggiate;Bagnato (umidit� in atto);In cubetti di porfido;Verticale ed orizzontale;Nuvoloso;Normale;Buona;;4;0;0;0;12.4865;41.8822;-1;1;Autovettura privata;In marcia / fermata / arresto;Passeggero;F;Rimandato;0;NON DECEDUTO;Non accertato;Esploso
5070752;1;23/09/2020 10:50:00;Strada Urbana;VIALE AVENTINO;all'intersezione con;VIA AVENTINA;VIA AVENTINA;;;Scontro frontale/laterale DX fra veicoli in marcia;Incrocio;Pi� di due carreggiate;Bagnato (umidit� in atto);In cubetti di porfido;Verticale ed orizzontale;Nuvoloso;Normale;Buona;;4;0;0;0;12.4865;41.8822;-1;2;Autovettura privata;In marcia / fermata / arresto;Conducente;M;Rimandato;0;NON DECEDUTO;Non accertato;Inesploso
5070752;1;23/09/2020 10:50:00;Strada Urbana;VIALE AVENTINO;all'intersezione con;VIA AVENTINA;VIA AVENTINA;;;Scontro frontale/laterale DX fra veicoli in marcia;Incrocio;Pi� di due carreggiate;Bagnato (umidit� in atto);In cubetti di porfido;Verticale ed orizzontale;Nuvoloso;Normale;Buona;;4;0;0;0;12.4865;41.8822;-1;2;Autovettura privata;In marcia / fermata / arresto;Passeggero;F;Rimandato;0;NON DECEDUTO;Non accertato;Esploso
5070858;10;23/09/2020 14:55:00;Strada Urbana;VIA TUSCOLANA;in corrispondenza;;del civico n.;987;;Tamponamento;Rettilineo;Due carreggiate;Asciutto;Asfaltata;Verticale ed orizzontale;Sereno;Normale;Buona;;0;0;0;2;12.5666;41.8547;-1;1;Autovettura privata;In marcia / fermata / arresto;Conducente;M;Illeso;0;;Non accertato;Inesploso
5070858;10;23/09/2020 14:55:00;Strada Urbana;VIA TUSCOLANA;in corrispondenza;;del civico n.;987;;Tamponamento;Rettilineo;Due carreggiate;Asciutto;Asfaltata;Verticale ed orizzontale;Sereno;Normale;Buona;;0;0;0;2;12.5666;41.8547;-1;2;Autovettura privata;In marcia / fermata / arresto;Conducente;M;Illeso;0;;Non accertato;Inesploso
5070904;12;16/09/2020 16:05:00;Regionale;VIA PONTINA;da specificare;;;;KM 16 DIREZIONE ROMA;Veicolo in marcia contro ostacolo accidentale;Rettilineo;Due carreggiate;Asciutto;Asfaltata;Verticale ed orizzontale;Sereno;Normale;Buona;;0;0;0;1;12.4522;41.7941;-1;1;Autovettura privata;In marcia / fermata / arresto;Conducente;M;Illeso;0;;;
5070922;18;23/09/2020 14:30:00;Statale;VIA AURELIA;in prossimit�;;della chilometrica;10.8;;Veicolo in marcia contro ostacolo fisso;Curva senza visuale libera;Due carreggiate;Bagnato (pioggia);Asfaltata;Verticale ed orizzontale;Nuvoloso;Normale;Buona;;1;0;0;0;12.4012;41.8861;-1;1;Autovettura privata;In marcia / fermata / arresto;Conducente;F;Rimandato;0;NON DECEDUTO;Non accertato;Inesploso
5070939;12;16/09/2020 16:15:00;Regionale;VIA PONTINA;da specificare;;;;km 16 direzione Roma;Veicolo in marcia contro ostacolo accidentale;Rettilineo;Due carreggiate;Asciutto;Asfaltata;Verticale ed orizzontale;Sereno;Normale;Buona;;0;0;0;1;12.4522;41.7941;-1;1;Autovettura privata;In marcia / fermata / arresto;Conducente;F;Illeso;0;;Utilizzato;
5070954;18;23/09/2020 11:05:00;Strada Urbana;PIAZZA PIO XI;in prossimit�;;del civico n.;48;;Investimento di pedone;Rettilineo;Pi� di due carreggiate;Bagnato (pioggia);Asfaltata;Verticale ed orizzontale;Pioggia in atto;Normale;Sufficiente;;1;0;0;1;12.4382;41.8953;-1;;;;Pedone;F;Ricoverato;0;NON DECEDUTO;;
5070954;18;23/09/2020 11:05:00;Strada Urbana;PIAZZA PIO XI;in prossimit�;;del civico n.;48;;Investimento di pedone;Rettilineo;Pi� di due carreggiate;Bagnato (pioggia);Asfaltata;Verticale ed orizzontale;Pioggia in atto;Normale;Sufficiente;;1;0;0;1;12.4382;41.8953;-1;1;Autovettura privata;In marcia / fermata / arresto;Conducente;M;Illeso;0;;;
5070957;10;23/09/2020 15:45:00;Strada Urbana;VIA DEL QUADRARO;in prossimit�;;del civico n.;21;;Veicolo in marcia contro veicoli in sosta;Rettilineo;Due carreggiate;Asciutto;Asfaltata;Verticale ed orizzontale;Sereno;Normale;Buona;;1;0;0;1;12.5538;41.8584;-1;1;Autovettura privata;In marcia / fermata / arresto;Conducente;M;Illeso;0;;Non accertato;Inesploso
5070957;10;23/09/2020 15:45:00;Strada Urbana;VIA DEL QUADRARO;in prossimit�;;del civico n.;21;;Veicolo in marcia contro veicoli in sosta;Rettilineo;Due carreggiate;Asciutto;Asfaltata;Verticale ed orizzontale;Sereno;Normale;Buona;;1;0;0;1;12.5538;41.8584;-1;1;Autovettura privata;In marcia / fermata / arresto;Passeggero;F;Rimandato;0;NON DECEDUTO;Non accertato;Inesploso
5070957;10;23/09/2020 15:45:00;Strada Urbana;VIA DEL QUADRARO;in prossimit�;;del civico n.;21;;Veicolo in marcia contro veicoli in sosta;Rettilineo;Due carreggiate;Asciutto;Asfaltata;Verticale ed orizzontale;Sereno;Normale;Buona;;1;0;0;1;12.5538;41.8584;-1;2;Autovettura privata;Sosta;;;;;;;
5070957;10;23/09/2020 15:45:00;Strada Urbana;VIA DEL QUADRARO;in prossimit�;;del civico n.;21;;Veicolo in marcia contro veicoli in sosta;Rettilineo;Due carreggiate;Asciutto;Asfaltata;Verticale ed orizzontale;Sereno;Normale;Buona;;1;0;0;1;12.5538;41.8584;-1;3;Autovettura privata;Sosta;;;;;;;
5070957;10;23/09/2020 15:45:00;Strada Urbana;VIA DEL QUADRARO;in prossimit�;;del civico n.;21;;Veicolo in marcia contro veicoli in sosta;Rettilineo;Due carreggiate;Asciutto;Asfaltata;Verticale ed orizzontale;Sereno;Normale;Buona;;1;0;0;1;12.5538;41.8584;-1;4;Autovettura privata;Sosta;;;;;;;
5070988;2;23/09/2020 12:30:00;Strada Urbana;VIALE DEL MURO TORTO;in corrispondenza;;del palo luce n.;13;;Tamponamento;Curva a visuale libera;Due carreggiate;Bagnato (pioggia);Asfaltata;Orizzontale;Pioggia in atto;Normale;Buona;;2;0;0;0;12.4817;41.9107;-1;1;Motociclo a solo;In marcia / fermata / arresto;Conducente;F;Ricoverato;0;NON DECEDUTO;;
5070988;2;23/09/2020 12:30:00;Strada Urbana;VIALE DEL MURO TORTO;in corrispondenza;;del palo luce n.;13;;Tamponamento;Curva a visuale libera;Due carreggiate;Bagnato (pioggia);Asfaltata;Orizzontale;Pioggia in atto;Normale;Buona;;2;0;0;0;12.4817;41.9107;-1;2;Motociclo a solo;In marcia / fermata / arresto;Conducente;M;Rifiuta cure immediate;0;NON DECEDUTO;;
5071061;9;23/09/2020 10:20:00;Strada Urbana;VIA LUIGI TOSTI;da specificare;;;;prossimit� VIA GIUSEPPE MANNO;Veicolo in marcia contro veicolo in sosta;Rettilineo;Una carreggiata a senso unico di marcia;Asciutto;Asfaltata;Verticale ed orizzontale;Nuvoloso;Normale;Buona;;0;0;0;2;12.5189;41.8728;-1;1;Trattore stradale;In marcia / fermata / arresto;Conducente;M;Illeso;0;;Non accertato;Inesploso
5071061;9;23/09/2020 10:20:00;Strada Urbana;VIA LUIGI TOSTI;da specificare;;;;prossimit� VIA GIUSEPPE MANNO;Veicolo in marcia contro veicolo in sosta;Rettilineo;Una carreggiata a senso unico di marcia;Asciutto;Asfaltata;Verticale ed orizzontale;Nuvoloso;Normale;Buona;;0;0;0;2;12.5189;41.8728;-1;2;Altro;In marcia / fermata / arresto;Conducente;M;Illeso;0;;;
5071061;9;23/09/2020 10:20:00;Strada Urbana;VIA LUIGI TOSTI;da specificare;;;;prossimit� VIA GIUSEPPE MANNO;Veicolo in marcia contro veicolo in sosta;Rettilineo;Una carreggiata a senso unico di marcia;Asciutto;Asfaltata;Verticale ed orizzontale;Nuvoloso;Normale;Buona;;0;0;0;2;12.5189;41.8728;-1;3;Autovettura privata;Sosta;;;;;;;
5071118;17;23/09/2020 09:55:00;Strada Urbana;VIA SANTAMAURA;da specificare;;;;fronte civico 1;Investimento di pedone;Pendenza;Una carreggiata a doppio senso;Bagnato (umidit� in atto);In cubetti di porfido;Verticale ed orizzontale;Nuvoloso;Normale;Buona;;1;0;0;1;12.4538;41.9083;-1;;;;Pedone;M;Rimandato;0;NON DECEDUTO;;
5071118;17;23/09/2020 09:55:00;Strada Urbana;VIA SANTAMAURA;da specificare;;;;fronte civico 1;Investimento di pedone;Pendenza;Una carreggiata a doppio senso;Bagnato (umidit� in atto);In cubetti di porfido;Verticale ed orizzontale;Nuvoloso;Normale;Buona;;1;0;0;1;12.4538;41.9083;-1;1;Autovettura privata;In marcia / fermata / arresto;Conducente;F;Illeso;0;;;
5071124;13;23/09/2020 11:45:00;Strada Urbana;VIA DI MACCHIA SAPONARA;all'intersezione semaforizzata con;VIA DI MACCHIA PALOCCO;VIA DI MACCHIA PALOCCO;;;Scontro frontale/laterale DX fra veicoli in marcia;Incrocio;Una carreggiata a doppio senso;Bagnato (pioggia);Asfaltata;Verticale;Nuvoloso;Intenso;Buona;;0;0;0;2;12.3555;41.7708;-1;1;Autovettura privata;In marcia / fermata / arresto;Conducente;M;Illeso;0;;Non accertato;Inesploso
5071124;13;23/09/2020 11:45:00;Strada Urbana;VIA DI MACCHIA SAPONARA;all'intersezione semaforizzata con;VIA DI MACCHIA PALOCCO;VIA DI MACCHIA PALOCCO;;;Scontro frontale/laterale DX fra veicoli in marcia;Incrocio;Una carreggiata a doppio senso;Bagnato (pioggia);Asfaltata;Verticale;Nuvoloso;Intenso;Buona;;0;0;0;2;12.3555;41.7708;-1;2;Autovettura privata;In marcia / fermata / arresto;Conducente;M;Illeso;0;;Non accertato;Inesploso
5071214;10;23/09/2020 18:20:00;Strada Urbana;VIA BIAGIO PETROCELLI;all'intersezione con;VIA ALFREDO ASCOLI;VIA ALFREDO ASCOLI;;;Scontro frontale/laterale DX fra veicoli in marcia;Intersezione stradale segnalata;Due carreggiate;Asciutto;Asfaltata;Verticale ed orizzontale;Sereno;Normale;Buona;;0;0;0;2;12.6065;41.837;-1;1;Autovettura privata;In marcia / fermata / arresto;Conducente;M;Illeso;0;;Non accertato;Inesploso
5071214;10;23/09/2020 18:20:00;Strada Urbana;VIA BIAGIO PETROCELLI;all'intersezione con;VIA ALFREDO ASCOLI;VIA ALFREDO ASCOLI;;;Scontro frontale/laterale DX fra veicoli in marcia;Intersezione stradale segnalata;Due carreggiate;Asciutto;Asfaltata;Verticale ed orizzontale;Sereno;Normale;Buona;;0;0;0;2;12.6065;41.837;-1;2;Autovettura privata;In marcia / fermata / arresto;Conducente;M;Illeso;0;;Non accertato;Inesploso
5071238;12;23/09/2020 10:20:00;Strada Urbana;VIA CRISTOFORO COLOMBO;da specificare;;;;alt. palo ACEA 356, svincolo Via del Pattinaggio;Infortunio per sola frenata improvvisa;Rettilineo;Pi� di due carreggiate;Bagnato (pioggia);Asfaltata;Verticale ed orizzontale;Nuvoloso;Normale;Buona;;0;0;0;1;12.4729;41.8414;-1;1;Autovettura privata;In marcia / fermata / arresto;Conducente;F;Illeso;0;;Non accertato;Inesploso
5071245;18;23/09/2020 18:35:00;Strada Urbana;VIA BALDO DEGLI UBALDI;in corrispondenza;;del civico n.;348;;Tamponamento Multiplo;Rettilineo;Due carreggiate;Bagnato (pioggia);Asfaltata;Verticale ed orizzontale;Pioggia in atto;Normale;Sufficiente;;2;0;0;2;12.4402;41.9021;-1;1;Autovettura privata;In marcia / fermata / arresto;Conducente;M;Rimandato;0;NON DECEDUTO;;
5071245;18;23/09/2020 18:35:00;Strada Urbana;VIA BALDO DEGLI UBALDI;in corrispondenza;;del civico n.;348;;Tamponamento Multiplo;Rettilineo;Due carreggiate;Bagnato (pioggia);Asfaltata;Verticale ed orizzontale;Pioggia in atto;Normale;Sufficiente;;2;0;0;2;12.4402;41.9021;-1;1;Autovettura privata;In marcia / fermata / arresto;Passeggero;F;Rimandato;0;NON DECEDUTO;;
5071245;18;23/09/2020 18:35:00;Strada Urbana;VIA BALDO DEGLI UBALDI;in corrispondenza;;del civico n.;348;;Tamponamento Multiplo;Rettilineo;Due carreggiate;Bagnato (pioggia);Asfaltata;Verticale ed orizzontale;Pioggia in atto;Normale;Sufficiente;;2;0;0;2;12.4402;41.9021;-1;2;Autovettura privata;In marcia / fermata / arresto;Conducente;M;Illeso;0;;;
5071245;18;23/09/2020 18:35:00;Strada Urbana;VIA BALDO DEGLI UBALDI;in corrispondenza;;del civico n.;348;;Tamponamento Multiplo;Rettilineo;Due carreggiate;Bagnato (pioggia);Asfaltata;Verticale ed orizzontale;Pioggia in atto;Normale;Sufficiente;;2;0;0;2;12.4402;41.9021;-1;3;Autovettura privata;In marcia / fermata / arresto;Conducente;M;Illeso;0;;;
5071660;12;24/09/2020 02:00:00;Strada Urbana;VIALE IGNAZIO SILONE;in prossimit�;;del civico n.;50;;Veicolo in marcia contro ostacolo fisso;Rettilineo;Una carreggiata a senso unico alternato;Asciutto;Asfaltata;Verticale ed orizzontale;Nuvoloso;Scarso;Sufficiente;;1;0;0;0;12.484;41.8136;-1;1;Autovettura privata;In marcia / fermata / arresto;Conducente;M;Rimandato;0;NON DECEDUTO;Non accertato;Esploso
5071663;8;23/09/2020 17:40:00;Strada Urbana;LARGO MONTENERODOMO;all'intersezione con;VIA ORTONA DE' MARSI;VIA ORTONA DE' MARSI;;;Scontro laterale fra veicoli in marcia;Incrocio;Una carreggiata a senso unico di marcia;Asciutto;Asfaltata;Verticale ed orizzontale;Sereno;Scarso;Buona;;0;1;0;1;12.6929;41.9169;-1;1;Autobus di linea;In marcia / fermata / arresto;Conducente;M;Illeso;0;;Non accertato;Inesploso
5071663;8;23/09/2020 17:40:00;Strada Urbana;LARGO MONTENERODOMO;all'intersezione con;VIA ORTONA DE' MARSI;VIA ORTONA DE' MARSI;;;Scontro laterale fra veicoli in marcia;Incrocio;Una carreggiata a senso unico di marcia;Asciutto;Asfaltata;Verticale ed orizzontale;Sereno;Scarso;Buona;;0;1;0;1;12.6929;41.9169;-1;2;Velocipede;In marcia / fermata / arresto;Conducente;M;Prognosi riservata;0;NON DECEDUTO;Esente;
5071664;8;23/09/2020 08:00:00;Strada Urbana;VIA FERNANDO CONTI;in corrispondenza;;del civico n.;107;;Veicolo in marcia contro veicolo in sosta;Rettilineo;Una carreggiata a senso unico di marcia;Asciutto;Asfaltata;Verticale ed orizzontale;Sereno;Normale;Buona;;0;0;0;1;12.6337;41.8692;-1;1;Autocarro inferiore 35 q.;In marcia / fermata / arresto;Conducente;M;Illeso;0;;Non accertato;Inesploso
5071664;8;23/09/2020 08:00:00;Strada Urbana;VIA FERNANDO CONTI;in corrispondenza;;del civico n.;107;;Veicolo in marcia contro veicolo in sosta;Rettilineo;Una carreggiata a senso unico di marcia;Asciutto;Asfaltata;Verticale ed orizzontale;Sereno;Normale;Buona;;0;0;0;1;12.6337;41.8692;-1;2;Autovettura di polizia;Sosta;;;;;;;
5071667;8;23/09/2020 10:50:00;Strada Urbana;VIA PETRIANO;in prossimit�;;del civico n.;59;;Scontro laterale fra veicoli in marcia;Rettilineo;Una carreggiata a doppio senso;Bagnato (umidit� in atto);Asfaltata;Assente;Nuvoloso;Scarso;Buona;;0;0;0;3;12.7084;41.8981;-1;1;Autovettura privata;In marcia / fermata / arresto;Conducente;M;Illeso;0;;;
5071667;8;23/09/2020 10:50:00;Strada Urbana;VIA PETRIANO;in prossimit�;;del civico n.;59;;Scontro laterale fra veicoli in marcia;Rettilineo;Una carreggiata a doppio senso;Bagnato (umidit� in atto);Asfaltata;Assente;Nuvoloso;Scarso;Buona;;0;0;0;3;12.7084;41.8981;-1;2;Autovettura privata;In marcia / fermata / arresto;Conducente;M;Illeso;0;;;
5071667;8;23/09/2020 10:50:00;Strada Urbana;VIA PETRIANO;in prossimit�;;del civico n.;59;;Scontro laterale fra veicoli in marcia;Rettilineo;Una carreggiata a doppio senso;Bagnato (umidit� in atto);Asfaltata;Assente;Nuvoloso;Scarso;Buona;;0;0;0;3;12.7084;41.8981;-1;2;Autovettura privata;In marcia / fermata / arresto;Passeggero;M;Illeso;0;;;
5071668;8;23/09/2020 14:30:00;Strada Urbana;VIA CASILINA;all'intersezione con;VIA MUSSOMELI;VIA MUSSOMELI;;;Scontro frontale/laterale DX fra veicoli in marcia;Intersezione stradale segnalata;Una carreggiata a doppio senso;Bagnato (umidit� in atto);Asfaltata;Verticale ed orizzontale;Nuvoloso;Normale;Buona;;0;0;0;2;12.6212;41.8626;-1;1;Autocarro inferiore 35 q.;In marcia / fermata / arresto;Conducente;M;Illeso;0;;;
5071668;8;23/09/2020 14:30:00;Strada Urbana;VIA CASILINA;all'intersezione con;VIA MUSSOMELI;VIA MUSSOMELI;;;Scontro frontale/laterale DX fra veicoli in marcia;Intersezione stradale segnalata;Una carreggiata a doppio senso;Bagnato (umidit� in atto);Asfaltata;Verticale ed orizzontale;Nuvoloso;Normale;Buona;;0;0;0;2;12.6212;41.8626;-1;2;Autovettura privata;In marcia / fermata / arresto;Conducente;M;Illeso;0;;;
5071673;8;23/09/2020 11:00:00;Strada Urbana;VIA PIETRO BELON;in prossimit�;;del civico n.;121;;Veicolo in marcia contro veicolo fermo;Rettilineo;Una carreggiata a doppio senso;Bagnato (pioggia);Asfaltata;Verticale ed orizzontale;Pioggia in atto;Normale;Buona;;0;0;0;2;12.5909;41.8703;-1;1;Autovettura privata;In marcia / fermata / arresto;Conducente;F;Illeso;0;;Non accertato;Inesploso
5071673;8;23/09/2020 11:00:00;Strada Urbana;VIA PIETRO BELON;in prossimit�;;del civico n.;121;;Veicolo in marcia contro veicolo fermo;Rettilineo;Una carreggiata a doppio senso;Bagnato (pioggia);Asfaltata;Verticale ed orizzontale;Pioggia in atto;Normale;Buona;;0;0;0;2;12.5909;41.8703;-1;2;Autovettura di polizia;In marcia / fermata / arresto;Conducente;M;Illeso;0;;;
5071677;8;23/09/2020 12:10:00;Strada Urbana;VIA COLLATINA;in corrispondenza;;del palo luce n.;558;;Veicolo in marcia contro ostacolo fisso;Rettilineo;Una carreggiata a doppio senso;Bagnato (pioggia);Asfaltata;Verticale ed orizzontale;Pioggia in atto;Normale;Sufficiente;;1;0;0;0;12.6108;41.9058;-1;1;Autovettura privata;In marcia / fermata / arresto;Conducente;F;Rifiuta cure immediate;0;NON DECEDUTO;;
5071678;8;23/09/2020 11:30:00;Strada Urbana;VIALE DUILIO CAMBELLOTTI;da specificare;;;;prima del cavalcavia metro C  dir. PTV;Scontro laterale fra veicoli in marcia;Curva senza visuale libera;Una carreggiata a senso unico di marcia;Bagnato (umidit� in atto);Asfaltata;Verticale ed orizzontale;Nuvoloso;Normale;Sufficiente;;0;0;0;3;12.6297;41.8674;-1;1;Autovettura privata;In marcia / fermata / arresto;Conducente;M;Illeso;0;;Non accertato;Inesploso
5071678;8;23/09/2020 11:30:00;Strada Urbana;VIALE DUILIO CAMBELLOTTI;da specificare;;;;prima del cavalcavia metro C  dir. PTV;Scontro laterale fra veicoli in marcia;Curva senza visuale libera;Una carreggiata a senso unico di marcia;Bagnato (umidit� in atto);Asfaltata;Verticale ed orizzontale;Nuvoloso;Normale;Sufficiente;;0;0;0;3;12.6297;41.8674;-1;2;Autovettura privata;In marcia / fermata / arresto;Conducente;M;Illeso;0;;Non accertato;Inesploso
5071678;8;23/09/2020 11:30:00;Strada Urbana;VIALE DUILIO CAMBELLOTTI;da specificare;;;;prima del cavalcavia metro C  dir. PTV;Scontro laterale fra veicoli in marcia;Curva senza visuale libera;Una carreggiata a senso unico di marcia;Bagnato (umidit� in atto);Asfaltata;Verticale ed orizzontale;Nuvoloso;Normale;Sufficiente;;0;0;0;3;12.6297;41.8674;-1;2;Autovettura privata;In marcia / fermata / arresto;Passeggero;M;Illeso;0;;Non accertato;Inesploso