Protocollo;Gruppo;DataOraIncidente;Localizzazione1;STRADA1;Localizzazione2;STRADA2;Strada02;Chilometrica;DaSpecificare;NaturaIncidente;particolaritastrade;TipoStrada;FondoStradale;Pavimentazione;Segnaletica;CondizioneAtmosferica;Traffico;Visibilita;Illuminazione;NUM_FERITI;NUM_RISERVATA;NUM_MORTI;NUM_ILLESI;Longitudine;Latitudine;Confermato;Progressivo;TipoVeicolo;StatoVeicolo;TipoPersona;Sesso;Tipolesione;Deceduto;DecedutoDopo;CinturaCascoUtilizzato;Airbag;
5073194;12;24/09/2020 15:20:00;Strada Urbana;VIA DELLA CECCHIGNOLA;in corrispondenza;;del civico n.;219;;Scontro frontale/laterale DX fra veicoli in marcia;Rettilineo;Una carreggiata a doppio senso;Bagnato (pioggia);Asfaltata;Orizzontale;Nuvoloso;Normale;Buona;;5;0;0;1;12.5098;41.808;-1;2;Autovettura privata;In marcia / fermata / arresto;Passeggero;M;Rimandato;0;NON DECEDUTO;;
5073194;12;24/09/2020 15:20:00;Strada Urbana;VIA DELLA CECCHIGNOLA;in corrispondenza;;del civico n.;219;;Scontro frontale/laterale DX fra veicoli in marcia;Rettilineo;Una carreggiata a doppio senso;Bagnato (pioggia);Asfaltata;Orizzontale;Nuvoloso;Normale;Buona;;5;0;0;1;12.5098;41.808;-1;3;Autocarro inferiore 35 q.;In marcia / fermata / arresto;Conducente;M;Illeso;0;;;
5073418;11;24/09/2020 19:25:00;Strada Urbana;VIA OSTIENSE;all'intersezione con;VIA EFESO;VIA EFESO;;;Scontro frontale/laterale SX fra veicoli in marcia;Incrocio;Una carreggiata a doppio senso;Asciutto;Asfaltata;Orizzontale;Sereno;Intenso;Buona;;0;0;0;2;12.477;41.8542;-1;1;Autovettura privata;In marcia / fermata / arresto;Conducente;F;Illeso;0;;Non accertato;
5073418;11;24/09/2020 19:25:00;Strada Urbana;VIA OSTIENSE;all'intersezione con;VIA EFESO;VIA EFESO;;;Scontro frontale/laterale SX fra veicoli in marcia;Incrocio;Una carreggiata a doppio senso;Asciutto;Asfaltata;Orizzontale;Sereno;Intenso;Buona;;0;0;0;2;12.477;41.8542;-1;2;Autobus di linea;In marcia / fermata / arresto;Conducente;M;Illeso;0;;Non accertato;
5073448;9;24/09/2020 15:00:00;Strada Urbana;VIA APPIA NUOVA;in corrispondenza;;del civico n.;533;;Veicolo in marcia contro veicolo fermo;Rettilineo;Pi� di due carreggiate;Asciutto;Asfaltata;Verticale ed orizzontale;Nuvoloso;Normale;Sufficiente;;0;0;0;4;12.527;41.8717;-1;1;Autovettura privata;In marcia / fermata / arresto;Conducente;M;Illeso;0;;Non accertato;Inesploso
5073448;9;24/09/2020 15:00:00;Strada Urbana;VIA APPIA NUOVA;in corrispondenza;;del civico n.;533;;Veicolo in marcia contro veicolo fermo;Rettilineo;Pi� di due carreggiate;Asciutto;Asfaltata;Verticale ed orizzontale;Nuvoloso;Normale;Sufficiente;;0;0;0;4;12.527;41.8717;-1;1;Autovettura privata;In marcia / fermata / arresto;Passeggero;F;Illeso;0;;Non accertato;Inesploso
5073448;9;24/09/2020 15:00:00;Strada Urbana;VIA APPIA NUOVA;in corrispondenza;;del civico n.;533;;Veicolo in marcia contro veicolo fermo;Rettilineo;Pi� di due carreggiate;Asciutto;Asfaltata;Verticale ed orizzontale;Nuvoloso;Normale;Sufficiente;;0;0;0;4;12.527;41.8717;-1;2;Autovettura privata;In marcia / fermata / arresto;Conducente;M;Illeso;0;;;
5073448;9;24/09/2020 15:00:00;Strada Urbana;VIA APPIA NUOVA;in corrispondenza;;del civico n.;533;;Veicolo in marcia contro veicolo fermo;Rettilineo;Pi� di due carreggiate;Asciutto;Asfaltata;Verticale ed orizzontale;Nuvoloso;Normale;Sufficiente;;0;0;0;4;12.527;41.8717;-1;2;Autovettura privata;In marcia / fermata / arresto;Passeggero;F;Illeso;0;;Non accertato;Inesploso
5073463;8;24/09/2020 06:40:00;Strada Urbana;VIA CASILINA;all'intersezione con;PIAZZA SOR CAPANNA;PIAZZA SOR CAPANNA;;;Scontro frontale fra veicoli in marcia;Incrocio;Una carreggiata a doppio senso;Asciutto;Asfaltata;Verticale ed orizzontale;Sereno;Normale;Buona;;1;1;0;0;12.6212;41.8626;-1;1;Autovettura privata;In marcia / fermata / arresto;Conducente;M;Ricoverato;0;NON DECEDUTO;;
5073463;8;24/09/2020 06:40:00;Strada Urbana;VIA CASILINA;all'intersezione con;PIAZZA SOR CAPANNA;PIAZZA SOR CAPANNA;;;Scontro frontale fra veicoli in marcia;Incrocio;Una carreggiata a doppio senso;Asciutto;Asfaltata;Verticale ed orizzontale;Sereno;Normale;Buona;;1;1;0;0;12.6212;41.8626;-1;2;Motociclo a solo;In marcia / fermata / arresto;Conducente;M;Prognosi riservata;0;NON DECEDUTO;;
5073465;8;24/09/2020 14:35:00;Strada Urbana;VIA NICOLA SALIOLA;in prossimit�;;del palo luce n.;8;;Scontro frontale fra veicoli in marcia;Curva a visuale libera;Una carreggiata a doppio senso;Bagnato (pioggia);Asfaltata;Verticale ed orizzontale;Nuvoloso;Scarso;Buona;;3;0;0;1;12.6651;41.9096;-1;1;Autovettura privata;In marcia / fermata / arresto;Conducente;F;Rimandato;0;NON DECEDUTO;Non utilizzato;Inesploso
5073465;8;24/09/2020 14:35:00;Strada Urbana;VIA NICOLA SALIOLA;in prossimit�;;del palo luce n.;8;;Scontro frontale fra veicoli in marcia;Curva a visuale libera;Una carreggiata a doppio senso;Bagnato (pioggia);Asfaltata;Verticale ed orizzontale;Nuvoloso;Scarso;Buona;;3;0;0;1;12.6651;41.9096;-1;1;Autovettura privata;In marcia / fermata / arresto;Passeggero;M;Rimandato;0;NON DECEDUTO;Non accertato;Inesploso
5073465;8;24/09/2020 14:35:00;Strada Urbana;VIA NICOLA SALIOLA;in prossimit�;;del palo luce n.;8;;Scontro frontale fra veicoli in marcia;Curva a visuale libera;Una carreggiata a doppio senso;Bagnato (pioggia);Asfaltata;Verticale ed orizzontale;Nuvoloso;Scarso;Buona;;3;0;0;1;12.6651;41.9096;-1;1;Autovettura privata;In marcia / fermata / arresto;Passeggero;M;Rimandato;0;NON DECEDUTO;Non accertato;Inesploso
5073465;8;24/09/2020 14:35:00;Strada Urbana;VIA NICOLA SALIOLA;in prossimit�;;del palo luce n.;8;;Scontro frontale fra veicoli in marcia;Curva a visuale libera;Una carreggiata a doppio senso;Bagnato (pioggia);Asfaltata;Verticale ed orizzontale;Nuvoloso;Scarso;Buona;;3;0;0;1;12.6651;41.9096;-1;2;Autovettura privata;In marcia / fermata / arresto;Conducente;M;Illeso;0;;Non accertato;Inesploso
5073469;8;24/09/2020 14:50:00;Strada Urbana;VIA PRENESTINA;all'intersezione con;VIA AVOLA;VIA AVOLA;;;Scontro frontale/laterale SX fra veicoli in marcia;Incrocio;Una carreggiata a doppio senso;Bagnato (umidit� in atto);Asfaltata;Verticale;Nuvoloso;Intenso;Buona;;2;0;0;0;12.6581;41.8916;-1;1;Autovettura privata;In marcia / fermata / arresto;Conducente;F;Rimandato;0;NON DECEDUTO;Non accertato;Inesploso
5073469;8;24/09/2020 14:50:00;Strada Urbana;VIA PRENESTINA;all'intersezione con;VIA AVOLA;VIA AVOLA;;;Scontro frontale/laterale SX fra veicoli in marcia;Incrocio;Una carreggiata a doppio senso;Bagnato (umidit� in atto);Asfaltata;Verticale;Nuvoloso;Intenso;Buona;;2;0;0;0;12.6581;41.8916;-1;2;Autovettura privata;In marcia / fermata / arresto;Conducente;F;Rifiuta cure immediate;0;NON DECEDUTO;Non accertato;Inesploso
5073471;8;24/09/2020 16:30:00;Strada Urbana;VIA DI TOR BELLA MONACA;all'intersezione con;VIALE PAOLO FERDINANDO QUAGLIA;VIALE PAOLO FERDINANDO QUAGLIA;;;Scontro laterale fra veicoli in marcia;Intersezione semaforizzata;Una carreggiata a senso unico di marcia;Asciutto;Asfaltata;Verticale ed orizzontale;Sereno;Intenso;Buona;;1;0;0;1;12.6281;41.8764;-1;1;Motociclo a solo;In marcia / fermata / arresto;Conducente;M;Rimandato;0;NON DECEDUTO;Non accertato;
5073471;8;24/09/2020 16:30:00;Strada Urbana;VIA DI TOR BELLA MONACA;all'intersezione con;VIALE PAOLO FERDINANDO QUAGLIA;VIALE PAOLO FERDINANDO QUAGLIA;;;Scontro laterale fra veicoli in marcia;Intersezione semaforizzata;Una carreggiata a senso unico di marcia;Asciutto;Asfaltata;Verticale ed orizzontale;Sereno;Intenso;Buona;;1;0;0;1;12.6281;41.8764;-1;2;Autovettura privata;In marcia / fermata / arresto;Conducente;M;Illeso;0;;Non accertato;Inesploso
5073476;9;24/09/2020 16:10:00;Strada Urbana;VIA TUSCOLANA;in corrispondenza;;del civico n.;462;;Investimento di pedone;Rettilineo;Due carreggiate;Asciutto;Asfaltata;Verticale ed orizzontale;Sereno;Intenso;Buona;;1;0;0;1;12.5346;41.871;0;;;;Pedone;M;Illeso;0;;;
5073476;9;24/09/2020 16:10:00;Strada Urbana;VIA TUSCOLANA;in corrispondenza;;del civico n.;462;;Investimento di pedone;Rettilineo;Due carreggiate;Asciutto;Asfaltata;Verticale ed orizzontale;Sereno;Intenso;Buona;;1;0;0;1;12.5346;41.871;0;1;Motociclo a solo;In marcia / fermata / arresto;Conducente;M;Rimandato;0;NON DECEDUTO;Non accertato;
5073476;9;24/09/2020 16:10:00;Strada Urbana;VIA TUSCOLANA;in corrispondenza;;del civico n.;462;;Investimento di pedone;Rettilineo;Due carreggiate;Asciutto;Asfaltata;Verticale ed orizzontale;Sereno;Intenso;Buona;;1;0;0;1;12.5346;41.871;0;2;Autovettura privata;Sosta;;;;;;;
5073510;9;24/09/2020 18:30:00;Strada Urbana;VICOLO TUSCOLANO;in corrispondenza;;del civico n.;20;;Veicolo in marcia contro veicolo in sosta;Rettilineo;Una carreggiata a senso unico di marcia;Asciutto;Asfaltata;Verticale ed orizzontale;Sereno;Scarso;Buona;;0;0;0;3;12.539;41.8674;-1;1;Autocarro inferiore 35 q.;In marcia / fermata / arresto;Conducente;M;Illeso;0;;Non accertato;Inesploso
5073510;9;24/09/2020 18:30:00;Strada Urbana;VICOLO TUSCOLANO;in corrispondenza;;del civico n.;20;;Veicolo in marcia contro veicolo in sosta;Rettilineo;Una carreggiata a senso unico di marcia;Asciutto;Asfaltata;Verticale ed orizzontale;Sereno;Scarso;Buona;;0;0;0;3;12.539;41.8674;-1;2;Autovettura privata;In marcia / fermata / arresto;Conducente;M;Illeso;0;;;
5073510;9;24/09/2020 18:30:00;Strada Urbana;VICOLO TUSCOLANO;in corrispondenza;;del civico n.;20;;Veicolo in marcia contro veicolo in sosta;Rettilineo;Una carreggiata a senso unico di marcia;Asciutto;Asfaltata;Verticale ed orizzontale;Sereno;Scarso;Buona;;0;0;0;3;12.539;41.8674;-1;2;Autovettura privata;In marcia / fermata / arresto;Passeggero;M;Illeso;0;;Non accertato;Inesploso
5073510;9;24/09/2020 18:30:00;Strada Urbana;VICOLO TUSCOLANO;in corrispondenza;;del civico n.;20;;Veicolo in marcia contro veicolo in sosta;Rettilineo;Una carreggiata a senso unico di marcia;Asciutto;Asfaltata;Verticale ed orizzontale;Sereno;Scarso;Buona;;0;0;0;3;12.539;41.8674;-1;3;Autovettura privata;Sosta;;;;;;;
5073510;9;24/09/2020 18:30:00;Strada Urbana;VICOLO TUSCOLANO;in corrispondenza;;del civico n.;20;;Veicolo in marcia contro veicolo in sosta;Rettilineo;Una carreggiata a senso unico di marcia;Asciutto;Asfaltata;Verticale ed orizzontale;Sereno;Scarso;Buona;;0;0;0;3;12.539;41.8674;-1;4;Autovettura privata;Sosta;;;;;;;
5073511;11;24/09/2020 23:40:00;Strada Urbana;VIA CRISTOFORO COLOMBO;da specificare;;;;altezza palo ACEA 153;Ribaltamento senza urto contro ostacolo fisso;Curva a visuale libera;Pi� di due carreggiate;Asciutto;Asfaltata;Verticale ed orizzontale;Nuvoloso;Scarso;Buona;;0;0;0;1;12.4536;41.8089;-1;1;Autovettura privata;In marcia / fermata / arresto;Conducente;M;Illeso;0;;Non accertato;
5073528;6;24/09/2020 18:10:00;Strada Urbana;VIA ETTORE FIERAMOSCA;da specificare;;;;altezza Piazza Giovanni dalle Bande Nere;Scontro frontale/laterale SX fra veicoli in marcia;Rettilineo;Una carreggiata a doppio senso;Asciutto;Asfaltata;Verticale ed orizzontale;Sereno;Scarso;Buona;;1;0;0;1;12.5283;41.8933;-1;1;Autovettura privata;In marcia / fermata / arresto;Conducente;F;Illeso;0;;Non accertato;Inesploso
5073528;6;24/09/2020 18:10:00;Strada Urbana;VIA ETTORE FIERAMOSCA;da specificare;;;;altezza Piazza Giovanni dalle Bande Nere;Scontro frontale/laterale SX fra veicoli in marcia;Rettilineo;Una carreggiata a doppio senso;Asciutto;Asfaltata;Verticale ed orizzontale;Sereno;Scarso;Buona;;1;0;0;1;12.5283;41.8933;-1;2;Motociclo a solo;In marcia / fermata / arresto;Conducente;M;Rimandato;0;NON DECEDUTO;Non accertato;
5073535;6;24/09/2020 20:55:00;Strada Urbana;VIA DELLA MARRANELLA;all'intersezione con;LARGO BARTOLOMEO PERESTRELLO;LARGO BARTOLOMEO PERESTRELLO;;;Scontro frontale/laterale SX fra veicoli in marcia;Intersezione stradale segnalata;Una carreggiata a senso unico di marcia;Asciutto;Asfaltata;Verticale ed orizzontale;Sereno;Scarso;Sufficiente;;0;0;0;1;12.5423;41.8861;-1;1;Monopattino elettrico;Allontanatosi;;;;;;;
5073535;6;24/09/2020 20:55:00;Strada Urbana;VIA DELLA MARRANELLA;all'intersezione con;LARGO BARTOLOMEO PERESTRELLO;LARGO BARTOLOMEO PERESTRELLO;;;Scontro frontale/laterale SX fra veicoli in marcia;Intersezione stradale segnalata;Una carreggiata a senso unico di marcia;Asciutto;Asfaltata;Verticale ed orizzontale;Sereno;Scarso;Sufficiente;;0;0;0;1;12.5423;41.8861;-1;2;Autovettura privata;In marcia / fermata / arresto;Conducente;M;Illeso;0;;;
5073556;20;24/09/2020 10:45:00;Strada Urbana;VIA DI BACCANELLO;in prossimit�;;del civico n.;330;;Scontro frontale/laterale DX fra veicoli in marcia;Curva a visuale libera;Una carreggiata a doppio senso;Asciutto;Asfaltata;Orizzontale;Nuvoloso;Normale;Buona;;1;0;0;1;12.3372;42.0686;-1;1;Autovettura privata;In marcia / fermata / arresto;Conducente;M;Illeso;0;;Non accertato;Inesploso
5073556;20;24/09/2020 10:45:00;Strada Urbana;VIA DI BACCANELLO;in prossimit�;;del civico n.;330;;Scontro frontale/laterale DX fra veicoli in marcia;Curva a visuale libera;Una carreggiata a doppio senso;Asciutto;Asfaltata;Orizzontale;Nuvoloso;Normale;Buona;;1;0;0;1;12.3372;42.0686;-1;2;Motociclo a solo;In marcia / fermata / arresto;Conducente;M;Rifiuta cure immediate;0;NON DECEDUTO;Non utilizzato;
5073558;1;24/09/2020 22:50:00;Strada Urbana;VIA DI S. MARCO;all'intersezione semaforizzata con;VIA D'ARACOELI;VIA D'ARACOELI;;;Scontro frontale/laterale SX fra veicoli in marcia;Intersezione semaforizzata;Due carreggiate;Asciutto;Asfaltata;Verticale ed orizzontale;Nuvoloso;Scarso;Sufficiente;;2;0;0;0;12.481;41.895;-1;1;Motociclo a solo;In marcia / fermata / arresto;Conducente;M;Rimandato;0;NON DECEDUTO;Non accertato;
5073558;1;24/09/2020 22:50:00;Strada Urbana;VIA DI S. MARCO;all'intersezione semaforizzata con;VIA D'ARACOELI;VIA D'ARACOELI;;;Scontro frontale/laterale SX fra veicoli in marcia;Intersezione semaforizzata;Due carreggiate;Asciutto;Asfaltata;Verticale ed orizzontale;Nuvoloso;Scarso;Sufficiente;;2;0;0;0;12.481;41.895;-1;2;Monopattino elettrico;In marcia / fermata / arresto;Conducente;M;Rimandato;0;NON DECEDUTO;;
5073571;4;24/09/2020 09:40:00;Provinciale entro l'abitato;VIA NOMENTANA;da specificare;;;;in prossimit� di Via Jacopone da Todi;Tamponamento Multiplo;Rettilineo;Una carreggiata a doppio senso;Asciutto;Asfaltata;Verticale ed orizzontale;Sereno;Normale;Buona;;0;0;0;5;12.5736;41.959;-1;1;Autovettura privata;In marcia / fermata / arresto;Conducente;F;Illeso;0;;;
5073571;4;24/09/2020 09:40:00;Provinciale entro l'abitato;VIA NOMENTANA;da specificare;;;;in prossimit� di Via Jacopone da Todi;Tamponamento Multiplo;Rettilineo;Una carreggiata a doppio senso;Asciutto;Asfaltata;Verticale ed orizzontale;Sereno;Normale;Buona;;0;0;0;5;12.5736;41.959;-1;1;Autovettura privata;In marcia / fermata / arresto;Passeggero;F;Illeso;0;;;
5073571;4;24/09/2020 09:40:00;Provinciale entro l'abitato;VIA NOMENTANA;da specificare;;;;in prossimit� di Via Jacopone da Todi;Tamponamento Multiplo;Rettilineo;Una carreggiata a doppio senso;Asciutto;Asfaltata;Verticale ed orizzontale;Sereno;Normale;Buona;;0;0;0;5;12.5736;41.959;-1;1;Autovettura privata;In marcia / fermata / arresto;Passeggero;F;Illeso;0;;;
5073571;4;24/09/2020 09:40:00;Provinciale entro l'abitato;VIA NOMENTANA;da specificare;;;;in prossimit� di Via Jacopone da Todi;Tamponamento Multiplo;Rettilineo;Una carreggiata a doppio senso;Asciutto;Asfaltata;Verticale ed orizzontale;Sereno;Normale;Buona;;0;0;0;5;12.5736;41.959;-1;2;Autovettura privata;In marcia / fermata / arresto;Conducente;M;Illeso;0;;;
5073571;4;24/09/2020 09:40:00;Provinciale entro l'abitato;VIA NOMENTANA;da specificare;;;;in prossimit� di Via Jacopone da Todi;Tamponamento Multiplo;Rettilineo;Una carreggiata a doppio senso;Asciutto;Asfaltata;Verticale ed orizzontale;Sereno;Normale;Buona;;0;0;0;5;12.5736;41.959;-1;3;Autovettura privata;In marcia / fermata / arresto;Conducente;F;Illeso;0;;;
5073580;20;24/09/2020 07:00:00;Strada Urbana;VIA DI GROTTAROSSA;da specificare;;;;a 400mt da Via Flaminia dir. Via Cassia;Veicolo in marcia contro ostacolo accidentale;Rettilineo;Una carreggiata a doppio senso;Bagnato (pioggia);Asfaltata;Orizzontale;Nuvoloso;Normale;Sufficiente;;0;0;0;1;12.4866;41.9743;-1;1;Autovettura privata;In marcia / fermata / arresto;Conducente;M;Illeso;0;;Non accertato;Inesploso
5073581;4;24/09/2020 08:15:00;Strada Urbana;VIA SANT'ANGELO IN VADO;da specificare;;;;prossimit� rotatoria;Tamponamento Multiplo;Rettilineo;Una carreggiata a doppio senso;Asciutto;Asfaltata;Verticale ed orizzontale;Nuvoloso;Normale;Buona;;1;0;0;3;12.5047;41.9921;-1;1;Autovettura privata;In marcia / fermata / arresto;Conducente;M;Illeso;0;;;
5073581;4;24/09/2020 08:15:00;Strada Urbana;VIA SANT'ANGELO IN VADO;da specificare;;;;prossimit� rotatoria;Tamponamento Multiplo;Rettilineo;Una carreggiata a doppio senso;Asciutto;Asfaltata;Verticale ed orizzontale;Nuvoloso;Normale;Buona;;1;0;0;3;12.5047;41.9921;-1;2;Autovettura privata;In marcia / fermata / arresto;Conducente;M;Illeso;0;;;
5073581;4;24/09/2020 08:15:00;Strada Urbana;VIA SANT'ANGELO IN VADO;da specificare;;;;prossimit� rotatoria;Tamponamento Multiplo;Rettilineo;Una carreggiata a doppio senso;Asciutto;Asfaltata;Verticale ed orizzontale;Nuvoloso;Normale;Buona;;1;0;0;3;12.5047;41.9921;-1;2;Autovettura privata;In marcia / fermata / arresto;Passeggero;F;Rifiuta cure immediate;0;NON DECEDUTO;;
5073581;4;24/09/2020 08:15:00;Strada Urbana;VIA SANT'ANGELO IN VADO;da specificare;;;;prossimit� rotatoria;Tamponamento Multiplo;Rettilineo;Una carreggiata a doppio senso;Asciutto;Asfaltata;Verticale ed orizzontale;Nuvoloso;Normale;Buona;;1;0;0;3;12.5047;41.9921;-1;3;Autovettura privata;In marcia / fermata / arresto;Conducente;M;Illeso;0;;;
5073602;7;24/09/2020 13:00:00;Strada Urbana;VIA PRENESTINA;in corrispondenza;;del civico n.;1076;;Scontro frontale/laterale SX fra veicoli in marcia;Rettilineo;Una carreggiata a doppio senso;Bagnato (pioggia);Asfaltata;Orizzontale;Nuvoloso;Normale;Sufficiente;;1;0;0;1;12.6108;41.8911;-1;1;Motociclo a solo;In marcia / fermata / arresto;Conducente;M;Rimandato;0;NON DECEDUTO;Non accertato;
5073602;7;24/09/2020 13:00:00;Strada Urbana;VIA PRENESTINA;in corrispondenza;;del civico n.;1076;;Scontro frontale/laterale SX fra veicoli in marcia;Rettilineo;Una carreggiata a doppio senso;Bagnato (pioggia);Asfaltata;Orizzontale;Nuvoloso;Normale;Sufficiente;;1;0;0;1;12.6108;41.8911;-1;2;Autocarro superiore 35 q.;In marcia / fermata / arresto;Conducente;M;Illeso;0;;;
5073608;1;25/09/2020 02:30:00;Strada Urbana;VIA DI S. MARCO;all'intersezione con;VIA D'ARACOELI;VIA D'ARACOELI;;;Scontro laterale fra veicoli in marcia;Incrocio;Due carreggiate;Bagnato (umidit� in atto);Asfaltata;Verticale ed orizzontale;Nuvoloso;Scarso;Sufficiente;;3;0;0;0;12.4801;41.895;-1;1;Autovettura di polizia;In marcia / fermata / arresto;Conducente;M;Rifiuta cure immediate;0;NON DECEDUTO;Non accertato;Inesploso
5073608;1;25/09/2020 02:30:00;Strada Urbana;VIA DI S. MARCO;all'intersezione con;VIA D'ARACOELI;VIA D'ARACOELI;;;Scontro laterale fra veicoli in marcia;Incrocio;Due carreggiate;Bagnato (umidit� in atto);Asfaltata;Verticale ed orizzontale;Nuvoloso;Scarso;Sufficiente;;3;0;0;0;12.4801;41.895;-1;1;Autovettura di polizia;In marcia / fermata / arresto;Passeggero;M;Rifiuta cure immediate;0;NON DECEDUTO;;
5073608;1;25/09/2020 02:30:00;Strada Urbana;VIA DI S. MARCO;all'intersezione con;VIA D'ARACOELI;VIA D'ARACOELI;;;Scontro laterale fra veicoli in marcia;Incrocio;Due carreggiate;Bagnato (umidit� in atto);Asfaltata;Verticale ed orizzontale;Nuvoloso;Scarso;Sufficiente;;3;0;0;0;12.4801;41.895;-1;2;Autocarro inferiore 35 q.;In marcia / fermata / arresto;Conducente;M;Rifiuta cure immediate;0;NON DECEDUTO;Non accertato;Inesploso
5073611;10;24/09/2020 16:40:00;Strada Urbana;VIA TUSCOLANA;in corrispondenza;;del civico n.;1245;;Scontro frontale/laterale SX fra veicoli in marcia;Rettilineo;Pi� di due carreggiate;Asciutto;Asfaltata;Verticale ed orizzontale;Sereno;Normale;Buona;;0;0;0;2;12.6001;41.8369;-1;1;Autovettura privata;In marcia / fermata / arresto;Conducente;F;Illeso;0;;Non accertato;Inesploso
5073611;10;24/09/2020 16:40:00;Strada Urbana;VIA TUSCOLANA;in corrispondenza;;del civico n.;1245;;Scontro frontale/laterale SX fra veicoli in marcia;Rettilineo;Pi� di due carreggiate;Asciutto;Asfaltata;Verticale ed orizzontale;Sereno;Normale;Buona;;0;0;0;2;12.6001;41.8369;-1;2;Autovettura privata;In marcia / fermata / arresto;Conducente;M;Illeso;0;;Non accertato;Inesploso
5073617;20;24/09/2020 19:45:00;Strada Urbana;VIA NEMEA;all'intersezione con;VIA APOLLO PIZIO;VIA APOLLO PIZIO;;;Investimento di pedone;Intersezione stradale segnalata;Una carreggiata a doppio senso;Bagnato (umidit� in atto);Asfaltata;Verticale;Nuvoloso;Normale;Buona;;1;0;0;1;12.4615;41.9474;-1;;;;Pedone;F;Ricoverato;0;NON DECEDUTO;;
5073617;20;24/09/2020 19:45:00;Strada Urbana;VIA NEMEA;all'intersezione con;VIA APOLLO PIZIO;VIA APOLLO PIZIO;;;Investimento di pedone;Intersezione stradale segnalata;Una carreggiata a doppio senso;Bagnato (umidit� in atto);Asfaltata;Verticale;Nuvoloso;Normale;Buona;;1;0;0;1;12.4615;41.9474;-1;1;Autovettura privata;In marcia / fermata / arresto;Conducente;M;Illeso;0;;Non accertato;Inesploso
5073627;19;24/09/2020 08:10:00;Strada Urbana;VIA PIETRO GASPARRI;in prossimit�;;del civico n.;44;;Investimento di pedone;Rettilineo;Una carreggiata a doppio senso;Bagnato (umidit� in atto);Asfaltata;Orizzontale;Nuvoloso;Normale;Buona;;1;0;0;1;12.4144;41.9228;-1;;;;Pedone;M;Rifiuta cure immediate;0;NON DECEDUTO;;
5073627;19;24/09/2020 08:10:00;Strada Urbana;VIA PIETRO GASPARRI;in prossimit�;;del civico n.;44;;Investimento di pedone;Rettilineo;Una carreggiata a doppio senso;Bagnato (umidit� in atto);Asfaltata;Orizzontale;Nuvoloso;Normale;Buona;;1;0;0;1;12.4144;41.9228;-1;1;Motociclo a solo;In marcia / fermata / arresto;Conducente;M;Illeso;0;;Non accertato;
5073643;5;24/09/2020 13:30:00;Strada Urbana;VIA MICHELE GORTANI;in prossimit�;;del civico n.;4;;Veicolo in marcia contro ostacolo accidentale;Rettilineo;Una carreggiata a doppio senso;Asciutto;Asfaltata;Verticale ed orizzontale;Sereno;Normale;Buona;;0;0;0;2;12.5472;41.9215;-1;1;Autovettura privata;In marcia / fermata / arresto;Conducente;M;Illeso;0;;Non accertato;Inesploso
5073643;5;24/09/2020 13:30:00;Strada Urbana;VIA MICHELE GORTANI;in prossimit�;;del civico n.;4;;Veicolo in marcia contro ostacolo accidentale;Rettilineo;Una carreggiata a doppio senso;Asciutto;Asfaltata;Verticale ed orizzontale;Sereno;Normale;Buona;;0;0;0;2;12.5472;41.9215;-1;1;Autovettura privata;In marcia / fermata / arresto;Passeggero;M;Illeso;0;;Non accertato;Inesploso
5073653;12;25/09/2020 05:10:00;Strada Urbana;VIA DI CASTEL DI LEVA;in corrispondenza;;del civico n.;116;;Scontro laterale fra veicoli in marcia;Curva senza visuale libera;Una carreggiata a doppio senso;Bagnato (pioggia);Asfaltata;Orizzontale;Pioggia in atto;Scarso;Insufficiente;;0;0;0;2;12.5025;41.7859;-1;1;Autovettura privata;In marcia / fermata / arresto;Conducente;M;Illeso;0;;;
5073653;12;25/09/2020 05:10:00;Strada Urbana;VIA DI CASTEL DI LEVA;in corrispondenza;;del civico n.;116;;Scontro laterale fra veicoli in marcia;Curva senza visuale libera;Una carreggiata a doppio senso;Bagnato (pioggia);Asfaltata;Orizzontale;Pioggia in atto;Scarso;Insufficiente;;0;0;0;2;12.5025;41.7859;-1;2;Autobus di linea;In marcia / fermata / arresto;Conducente;M;Illeso;0;;Non accertato;Inesploso
5073657;13;23/09/2020 08:30:00;Strada Urbana;VIA PIERO GHERARDI;in prossimit�;;del civico n.;50;;Tamponamento;Rettilineo;Una carreggiata a senso unico di marcia;Asciutto;Asfaltata;Assente;Sereno;Intenso;Buona;;0;0;0;2;12.3924;41.7883;-1;1;Autovettura privata;In marcia / fermata / arresto;Conducente;M;Illeso;0;;Non accertato;Inesploso
5073657;13;23/09/2020 08:30:00;Strada Urbana;VIA PIERO GHERARDI;in prossimit�;;del civico n.;50;;Tamponamento;Rettilineo;Una carreggiata a senso unico di marcia;Asciutto;Asfaltata;Assente;Sereno;Intenso;Buona;;0;0;0;2;12.3924;41.7883;-1;2;Autovettura privata;In marcia / fermata / arresto;Conducente;M;Illeso;0;;Non accertato;Inesploso
5073659;7;24/09/2020 16:30:00;Strada Urbana;VIA CASILINA;all'intersezione semaforizzata con;VIALE PALMIRO TOGLIATTI;VIALE PALMIRO TOGLIATTI;;;Scontro laterale fra veicoli in marcia;Incrocio;Due carreggiate;Bagnato (pioggia);Asfaltata;Verticale ed orizzontale;Nuvoloso;Intenso;Buona;;1;0;0;1;12.5696;41.8739;-1;1;Autocarro inferiore 35 q.;In marcia / fermata / arresto;Conducente;M;Illeso;0;;Non accertato;Inesploso