Protocollo;Gruppo;DataOraIncidente;Localizzazione1;STRADA1;Localizzazione2;STRADA2;Strada02;Chilometrica;DaSpecificare;NaturaIncidente;particolaritastrade;TipoStrada;FondoStradale;Pavimentazione;Segnaletica;CondizioneAtmosferica;Traffico;Visibilita;Illuminazione;NUM_FERITI;NUM_RISERVATA;NUM_MORTI;NUM_ILLESI;Longitudine;Latitudine;Confermato;Progressivo;TipoVeicolo;StatoVeicolo;TipoPersona;Sesso;Tipolesione;Deceduto;DecedutoDopo;CinturaCascoUtilizzato;Airbag;
5073659;7;24/09/2020 16:30:00;Strada Urbana;VIA CASILINA;all'intersezione semaforizzata con;VIALE PALMIRO TOGLIATTI;VIALE PALMIRO TOGLIATTI;;;Scontro laterale fra veicoli in marcia;Incrocio;Due carreggiate;Bagnato (pioggia);Asfaltata;Verticale ed orizzontale;Nuvoloso;Intenso;Buona;;1;0;0;1;12.5696;41.8739;-1;2;Motociclo a solo;In marcia / fermata / arresto;Conducente;M;Rifiuta cure immediate;0;NON DECEDUTO;Non accertato;
5073660;5;24/09/2020 18:45:00;Strada Urbana;VIA DI SALONE;da specificare;;;;tratto compreso tra A24 e fiume Aniene;Tamponamento;Rettilineo;Una carreggiata a doppio senso;Asciutto;Asfaltata;Verticale ed orizzontale;Nuvoloso;Normale;Sufficiente;;2;0;0;2;12.6339;41.9227;-1;1;Autovettura privata;In marcia / fermata / arresto;Conducente;M;Illeso;0;;Non accertato;Inesploso
5073660;5;24/09/2020 18:45:00;Strada Urbana;VIA DI SALONE;da specificare;;;;tratto compreso tra A24 e fiume Aniene;Tamponamento;Rettilineo;Una carreggiata a doppio senso;Asciutto;Asfaltata;Verticale ed orizzontale;Nuvoloso;Normale;Sufficiente;;2;0;0;2;12.6339;41.9227;-1;2;Autovettura privata;In marcia / fermata / arresto;Conducente;F;Rimandato;0;NON DECEDUTO;Non accertato;Esploso
5073660;5;24/09/2020 18:45:00;Strada Urbana;VIA DI SALONE;da specificare;;;;tratto compreso tra A24 e fiume Aniene;Tamponamento;Rettilineo;Una carreggiata a doppio senso;Asciutto;Asfaltata;Verticale ed orizzontale;Nuvoloso;Normale;Sufficiente;;2;0;0;2;12.6339;41.9227;-1;2;Autovettura privata;In marcia / fermata / arresto;Passeggero;M;Illeso;0;;Non accertato;Inesploso
5073660;5;24/09/2020 18:45:00;Strada Urbana;VIA DI SALONE;da specificare;;;;tratto compreso tra A24 e fiume Aniene;Tamponamento;Rettilineo;Una carreggiata a doppio senso;Asciutto;Asfaltata;Verticale ed orizzontale;Nuvoloso;Normale;Sufficiente;;2;0;0;2;12.6339;41.9227;-1;2;Autovettura privata;In marcia / fermata / arresto;Passeggero;M;Rimandato;0;NON DECEDUTO;Non accertato;Inesploso
5073671;7;24/09/2020 15:30:00;Strada Urbana;VIALE DELLA BELLA VILLA;in corrispondenza;;del civico n.;78;;Veicolo in marcia contro veicoli in sosta;Rettilineo;Una carreggiata a senso unico di marcia;Asciutto;Asfaltata;Verticale ed orizzontale;Sereno;Normale;Buona;;0;0;0;0;12.5805;41.8726;-1;1;Autovettura privata;Sosta;;;;;;;
5073671;7;24/09/2020 15:30:00;Strada Urbana;VIALE DELLA BELLA VILLA;in corrispondenza;;del civico n.;78;;Veicolo in marcia contro veicoli in sosta;Rettilineo;Una carreggiata a senso unico di marcia;Asciutto;Asfaltata;Verticale ed orizzontale;Sereno;Normale;Buona;;0;0;0;0;12.5805;41.8726;-1;2;Autovettura privata;Sosta;;;;;;;
5073671;7;24/09/2020 15:30:00;Strada Urbana;VIALE DELLA BELLA VILLA;in corrispondenza;;del civico n.;78;;Veicolo in marcia contro veicoli in sosta;Rettilineo;Una carreggiata a senso unico di marcia;Asciutto;Asfaltata;Verticale ed orizzontale;Sereno;Normale;Buona;;0;0;0;0;12.5805;41.8726;-1;3;Rimorchio;Allontanatosi;;;;;;;
5073673;10;24/09/2020 12:25:00;Strada Urbana;VIALE S. GIOVANNI BOSCO;all'intersezione con;VIA CALPURNIO FIAMMA;VIA CALPURNIO FIAMMA;;;Scontro frontale/laterale DX fra veicoli in marcia;Intersezione semaforizzata;Due carreggiate;Asciutto;Asfaltata;Verticale ed orizzontale;Sereno;Normale;Buona;;0;0;0;2;12.5609;41.8608;-1;1;Motociclo a solo;In marcia / fermata / arresto;Conducente;M;Illeso;0;;Non accertato;
5073673;10;24/09/2020 12:25:00;Strada Urbana;VIALE S. GIOVANNI BOSCO;all'intersezione con;VIA CALPURNIO FIAMMA;VIA CALPURNIO FIAMMA;;;Scontro frontale/laterale DX fra veicoli in marcia;Intersezione semaforizzata;Due carreggiate;Asciutto;Asfaltata;Verticale ed orizzontale;Sereno;Normale;Buona;;0;0;0;2;12.5609;41.8608;-1;2;Autovettura privata;In marcia / fermata / arresto;Conducente;F;Illeso;0;;Non accertato;Inesploso
5073677;10;25/09/2020 01:00:00;Strada Urbana;PIAZZALE DELLE GARDENIE;in prossimit�;;del civico n.;152;;Scontro laterale fra veicoli in marcia;Rettilineo;Una carreggiata a senso unico di marcia;Asciutto;Asfaltata;Verticale ed orizzontale;Nuvoloso;Scarso;Sufficiente;;0;0;0;2;12.5628;41.8851;-1;1;Autovettura privata;In marcia / fermata / arresto;Conducente;M;Illeso;0;;Non accertato;Inesploso
5073677;10;25/09/2020 01:00:00;Strada Urbana;PIAZZALE DELLE GARDENIE;in prossimit�;;del civico n.;152;;Scontro laterale fra veicoli in marcia;Rettilineo;Una carreggiata a senso unico di marcia;Asciutto;Asfaltata;Verticale ed orizzontale;Nuvoloso;Scarso;Sufficiente;;0;0;0;2;12.5628;41.8851;-1;2;Motociclo a solo;In marcia / fermata / arresto;Conducente;M;Illeso;0;;Non accertato;
5073677;10;25/09/2020 01:00:00;Strada Urbana;PIAZZALE DELLE GARDENIE;in prossimit�;;del civico n.;152;;Scontro laterale fra veicoli in marcia;Rettilineo;Una carreggiata a senso unico di marcia;Asciutto;Asfaltata;Verticale ed orizzontale;Nuvoloso;Scarso;Sufficiente;;0;0;0;2;12.5628;41.8851;-1;3;Autovettura privata;Sosta;;;;;;;
5073677;10;25/09/2020 01:00:00;Strada Urbana;PIAZZALE DELLE GARDENIE;in prossimit�;;del civico n.;152;;Scontro laterale fra veicoli in marcia;Rettilineo;Una carreggiata a senso unico di marcia;Asciutto;Asfaltata;Verticale ed orizzontale;Nuvoloso;Scarso;Sufficiente;;0;0;0;2;12.5628;41.8851;-1;4;Autovettura privata;Sosta;;;;;;;
5073678;12;25/09/2020 03:00:00;Strada Urbana;VIA CINA;da specificare;;;;all'altezza di Piazza Cina;Veicolo in marcia contro ostacolo fisso;Rettilineo;Una carreggiata a senso unico di marcia;Bagnato (pioggia);Asfaltata;Verticale ed orizzontale;Nuvoloso;Scarso;Sufficiente;;1;0;0;0;12.4322;41.8084;-1;1;Autovettura privata;In marcia / fermata / arresto;Conducente;M;Rimandato;0;NON DECEDUTO;;
5073698;7;24/09/2020 22:30:00;Strada Urbana;VIA PRENESTINA BIS;da specificare;;;;in prossimit� d VIA DI TOR TRE TESTE;Veicolo in marcia contro ostacolo fisso;Rotatoria;Due carreggiate;Asciutto;Asfaltata;Verticale ed orizzontale;Sereno;Scarso;Buona;;0;0;0;2;12.6037;41.893;-1;1;Autovettura privata;In marcia / fermata / arresto;Conducente;M;Illeso;0;;Non accertato;Esploso
5073698;7;24/09/2020 22:30:00;Strada Urbana;VIA PRENESTINA BIS;da specificare;;;;in prossimit� d VIA DI TOR TRE TESTE;Veicolo in marcia contro ostacolo fisso;Rotatoria;Due carreggiate;Asciutto;Asfaltata;Verticale ed orizzontale;Sereno;Scarso;Buona;;0;0;0;2;12.6037;41.893;-1;1;Autovettura privata;In marcia / fermata / arresto;Passeggero;F;Illeso;0;;Non accertato;Esploso
5073711;7;24/09/2020 20:28:00;;VIA DELLA RUSTICA;all'intersezione con;VIA FEDERICO TURANO;VIA FEDERICO TURANO;;;Investimento di pedone;;;;;;;;;;1;0;0;0;12.6038;41.9116;0;;;;Pedone;F;Rimandato;0;NON DECEDUTO;;
5073711;7;24/09/2020 20:28:00;;VIA DELLA RUSTICA;all'intersezione con;VIA FEDERICO TURANO;VIA FEDERICO TURANO;;;Investimento di pedone;;;;;;;;;;1;0;0;0;12.6038;41.9116;0;1;Autovettura privata;Allontanatosi;;;;;;;
5073713;13;23/09/2020 21:40:00;Strada Urbana;VIA MICHELE BARBI;all'intersezione con;VIA LEONARDO BRUNI;VIA LEONARDO BRUNI;;;Veicolo in marcia contro veicoli in sosta;Intersezione stradale segnalata;Una carreggiata a doppio senso;Bagnato (pioggia);Asfaltata;Assente;Pioggia in atto;Scarso;Buona;;0;0;0;0;12.3819;41.7873;-1;1;Autovettura privata;Sosta;;;;;;;
5073713;13;23/09/2020 21:40:00;Strada Urbana;VIA MICHELE BARBI;all'intersezione con;VIA LEONARDO BRUNI;VIA LEONARDO BRUNI;;;Veicolo in marcia contro veicoli in sosta;Intersezione stradale segnalata;Una carreggiata a doppio senso;Bagnato (pioggia);Asfaltata;Assente;Pioggia in atto;Scarso;Buona;;0;0;0;0;12.3819;41.7873;-1;2;Autovettura privata;Sosta;;;;;;;
5073713;13;23/09/2020 21:40:00;Strada Urbana;VIA MICHELE BARBI;all'intersezione con;VIA LEONARDO BRUNI;VIA LEONARDO BRUNI;;;Veicolo in marcia contro veicoli in sosta;Intersezione stradale segnalata;Una carreggiata a doppio senso;Bagnato (pioggia);Asfaltata;Assente;Pioggia in atto;Scarso;Buona;;0;0;0;0;12.3819;41.7873;-1;3;Autovettura privata;Sosta;;;;;;;
5073733;19;25/09/2020 01:00:00;Strada Urbana;VIA DAMIANO CHIESA;da specificare;;;;Via di valle Aurelia prox. curva dir.staz.Balduina;Veicolo in marcia contro veicoli in sosta;Curva senza visuale libera;Una carreggiata a doppio senso;Bagnato (umidit� in atto);Asfaltata;Orizzontale;Nuvoloso;Scarso;Sufficiente;;0;0;0;0;12.4338;41.9174;0;1;Motociclo a solo;In marcia / fermata / arresto;;;;;;;
5073746;17;24/09/2020 20:30:00;Strada Urbana;VIALE GIUSEPPE MAZZINI;da specificare;;;;fronte via Andreoli;Scontro frontale/laterale DX fra veicoli in marcia;Rettilineo;Due carreggiate;Asciutto;Asfaltata;Verticale ed orizzontale;Sereno;Scarso;Buona;;0;0;0;2;12.4615;41.9151;-1;1;Autovettura pubblica;In marcia / fermata / arresto;Conducente;M;Illeso;0;;;
5073746;17;24/09/2020 20:30:00;Strada Urbana;VIALE GIUSEPPE MAZZINI;da specificare;;;;fronte via Andreoli;Scontro frontale/laterale DX fra veicoli in marcia;Rettilineo;Due carreggiate;Asciutto;Asfaltata;Verticale ed orizzontale;Sereno;Scarso;Buona;;0;0;0;2;12.4615;41.9151;-1;2;Autovettura privata;In marcia / fermata / arresto;Conducente;M;Illeso;0;;;
5073770;16;24/09/2020 18:05:00;Strada Urbana;PIAZZALE ENRICO DUNANT;da specificare;;;;FRONTE CIVICO 10A;Scontro laterale fra veicoli in marcia;Rettilineo;Pi� di due carreggiate;Asciutto;Asfaltata;Orizzontale;Sereno;Normale;Buona;;1;0;0;2;12.4589;41.8725;-1;1;Autovettura privata;In marcia / fermata / arresto;Conducente;F;Illeso;0;;;
5073770;16;24/09/2020 18:05:00;Strada Urbana;PIAZZALE ENRICO DUNANT;da specificare;;;;FRONTE CIVICO 10A;Scontro laterale fra veicoli in marcia;Rettilineo;Pi� di due carreggiate;Asciutto;Asfaltata;Orizzontale;Sereno;Normale;Buona;;1;0;0;2;12.4589;41.8725;-1;1;Autovettura privata;In marcia / fermata / arresto;Passeggero;F;Illeso;0;;;
5073770;16;24/09/2020 18:05:00;Strada Urbana;PIAZZALE ENRICO DUNANT;da specificare;;;;FRONTE CIVICO 10A;Scontro laterale fra veicoli in marcia;Rettilineo;Pi� di due carreggiate;Asciutto;Asfaltata;Orizzontale;Sereno;Normale;Buona;;1;0;0;2;12.4589;41.8725;-1;2;Motociclo a solo;In marcia / fermata / arresto;Conducente;M;Rimandato;0;NON DECEDUTO;;
5073777;4;24/09/2020 12:50:00;Strada Urbana;VIA DELLA BUFALOTTA;all'intersezione con;VIA OLINDO GUERRINI;VIA OLINDO GUERRINI;;;Scontro frontale/laterale DX fra veicoli in marcia;Intersezione non regolata/non segnalata;Una carreggiata a doppio senso;Asciutto;Asfaltata;Verticale ed orizzontale;Sereno;Normale;Buona;;4;0;0;2;12.5499;41.9676;-1;1;Autovettura privata;In marcia / fermata / arresto;Conducente;M;Rimandato;0;NON DECEDUTO;;
5073777;4;24/09/2020 12:50:00;Strada Urbana;VIA DELLA BUFALOTTA;all'intersezione con;VIA OLINDO GUERRINI;VIA OLINDO GUERRINI;;;Scontro frontale/laterale DX fra veicoli in marcia;Intersezione non regolata/non segnalata;Una carreggiata a doppio senso;Asciutto;Asfaltata;Verticale ed orizzontale;Sereno;Normale;Buona;;4;0;0;2;12.5499;41.9676;-1;1;Autovettura privata;In marcia / fermata / arresto;Passeggero;M;Illeso;0;;;
5073777;4;24/09/2020 12:50:00;Strada Urbana;VIA DELLA BUFALOTTA;all'intersezione con;VIA OLINDO GUERRINI;VIA OLINDO GUERRINI;;;Scontro frontale/laterale DX fra veicoli in marcia;Intersezione non regolata/non segnalata;Una carreggiata a doppio senso;Asciutto;Asfaltata;Verticale ed orizzontale;Sereno;Normale;Buona;;4;0;0;2;12.5499;41.9676;-1;1;Autovettura privata;In marcia / fermata / arresto;Passeggero;F;Rimandato;0;NON DECEDUTO;;
5073777;4;24/09/2020 12:50:00;Strada Urbana;VIA DELLA BUFALOTTA;all'intersezione con;VIA OLINDO GUERRINI;VIA OLINDO GUERRINI;;;Scontro frontale/laterale DX fra veicoli in marcia;Intersezione non regolata/non segnalata;Una carreggiata a doppio senso;Asciutto;Asfaltata;Verticale ed orizzontale;Sereno;Normale;Buona;;4;0;0;2;12.5499;41.9676;-1;2;Autocarro inferiore 35 q.;In marcia / fermata / arresto;Conducente;M;Illeso;0;;;
5073777;4;24/09/2020 12:50:00;Strada Urbana;VIA DELLA BUFALOTTA;all'intersezione con;VIA OLINDO GUERRINI;VIA OLINDO GUERRINI;;;Scontro frontale/laterale DX fra veicoli in marcia;Intersezione non regolata/non segnalata;Una carreggiata a doppio senso;Asciutto;Asfaltata;Verticale ed orizzontale;Sereno;Normale;Buona;;4;0;0;2;12.5499;41.9676;-1;3;Autovettura privata;In marcia / fermata / arresto;Conducente;M;Rifiuta cure immediate;0;NON DECEDUTO;;
5073777;4;24/09/2020 12:50:00;Strada Urbana;VIA DELLA BUFALOTTA;all'intersezione con;VIA OLINDO GUERRINI;VIA OLINDO GUERRINI;;;Scontro frontale/laterale DX fra veicoli in marcia;Intersezione non regolata/non segnalata;Una carreggiata a doppio senso;Asciutto;Asfaltata;Verticale ed orizzontale;Sereno;Normale;Buona;;4;0;0;2;12.5499;41.9676;-1;3;Autovettura privata;In marcia / fermata / arresto;Passeggero;F;Rimandato;0;NON DECEDUTO;;
5073799;5;25/09/2020 01:55:00;Strada Urbana;VIA GINO SEVERINI;all'intersezione con;VIA COLLATINA;VIA COLLATINA;;;Veicolo in marcia contro ostacolo fisso;Incrocio;Una carreggiata a doppio senso;Asciutto;Asfaltata;Orizzontale;Sereno;Scarso;Buona;;0;0;0;3;12.5825;41.9034;-1;1;Autovettura privata;In marcia / fermata / arresto;Conducente;F;Illeso;0;;Non accertato;Inesploso
5073799;5;25/09/2020 01:55:00;Strada Urbana;VIA GINO SEVERINI;all'intersezione con;VIA COLLATINA;VIA COLLATINA;;;Veicolo in marcia contro ostacolo fisso;Incrocio;Una carreggiata a doppio senso;Asciutto;Asfaltata;Orizzontale;Sereno;Scarso;Buona;;0;0;0;3;12.5825;41.9034;-1;1;Autovettura privata;In marcia / fermata / arresto;Passeggero;M;Illeso;0;;Non accertato;Inesploso
5073799;5;25/09/2020 01:55:00;Strada Urbana;VIA GINO SEVERINI;all'intersezione con;VIA COLLATINA;VIA COLLATINA;;;Veicolo in marcia contro ostacolo fisso;Incrocio;Una carreggiata a doppio senso;Asciutto;Asfaltata;Orizzontale;Sereno;Scarso;Buona;;0;0;0;3;12.5825;41.9034;-1;1;Autovettura privata;In marcia / fermata / arresto;Passeggero;M;Illeso;0;;Non accertato;Inesploso
5073808;17;25/09/2020 05:00:00;Strada Urbana;PIAZZA DELLA ROVERE;da specificare;;;;altezza sottopasso direzione via Gregorio VII;Veicolo in marcia contro ostacolo fisso;Sottopasso illuminato;Una carreggiata a senso unico di marcia;Bagnato (pioggia);Asfaltata;Verticale ed orizzontale;Pioggia in atto;Intenso;Sufficiente;;0;0;0;0;12.4627;41.8991;-1;1;Autovettura privata;In marcia / fermata / arresto;;;;;;;
5073835;9;25/09/2020 03:00:00;Strada Urbana;VIA CESARE BARONIO;in prossimit�;;del civico n.;10;;Veicolo in marcia contro veicoli in sosta;Rettilineo;Una carreggiata a senso unico di marcia;Bagnato (umidit� in atto);Asfaltata;Verticale ed orizzontale;Nuvoloso;Normale;Sufficiente;;0;0;0;1;12.5225;41.8747;-1;1;Autovettura privata;Sosta;;;;;;;
5073835;9;25/09/2020 03:00:00;Strada Urbana;VIA CESARE BARONIO;in prossimit�;;del civico n.;10;;Veicolo in marcia contro veicoli in sosta;Rettilineo;Una carreggiata a senso unico di marcia;Bagnato (umidit� in atto);Asfaltata;Verticale ed orizzontale;Nuvoloso;Normale;Sufficiente;;0;0;0;1;12.5225;41.8747;-1;2;Autovettura privata;Sosta;;;;;;;
5073835;9;25/09/2020 03:00:00;Strada Urbana;VIA CESARE BARONIO;in prossimit�;;del civico n.;10;;Veicolo in marcia contro veicoli in sosta;Rettilineo;Una carreggiata a senso unico di marcia;Bagnato (umidit� in atto);Asfaltata;Verticale ed orizzontale;Nuvoloso;Normale;Sufficiente;;0;0;0;1;12.5225;41.8747;-1;3;Autovettura privata;In marcia / fermata / arresto;Conducente;F;Illeso;0;;Non accertato;Inesploso
5073849;4;24/09/2020 11:15:00;Strada Urbana;VIALE CARMELO BENE;da specificare;;;;alt. fermata bus V. Monte Grimano (n� 81853);Scontro laterale fra veicoli in marcia;Rettilineo;Due carreggiate;Asciutto;Asfaltata;Orizzontale;Sereno;Scarso;Buona;;1;0;0;1;12.5351;41.9737;-1;1;Autovettura privata;In marcia / fermata / arresto;Conducente;M;Illeso;0;;;
5073849;4;24/09/2020 11:15:00;Strada Urbana;VIALE CARMELO BENE;da specificare;;;;alt. fermata bus V. Monte Grimano (n� 81853);Scontro laterale fra veicoli in marcia;Rettilineo;Due carreggiate;Asciutto;Asfaltata;Orizzontale;Sereno;Scarso;Buona;;1;0;0;1;12.5351;41.9737;-1;2;Autobus di linea;In marcia / fermata / arresto;Conducente;F;Rimandato;0;NON DECEDUTO;;
5073852;13;24/09/2020 14:30:00;;VIA DEL FOSSO DI DRAGONCELLO;all'intersezione con;VIA DEL CANALE DELLA LINGUA;VIA DEL CANALE DELLA LINGUA;;;Veicolo in marcia contro ostacolo fisso;;;;;;;;;;0;0;0;1;12.3299;41.7577;0;1;Autoarticolato;In marcia / fermata / arresto;Conducente;M;Illeso;0;;;
5073859;7;24/09/2020 15:15:00;Strada Urbana;VIA PRENESTINA;all'intersezione con;VIALE PALMIRO TOGLIATTI;VIALE PALMIRO TOGLIATTI;;;Scontro laterale fra veicoli in marcia;Intersezione semaforizzata;Due carreggiate;Asciutto;Asfaltata;Verticale ed orizzontale;Sereno;Normale;Sufficiente;;0;0;0;2;12.6155;41.8933;-1;1;Autovettura privata;In marcia / fermata / arresto;Conducente;F;Illeso;0;;Non accertato;Inesploso
5073859;7;24/09/2020 15:15:00;Strada Urbana;VIA PRENESTINA;all'intersezione con;VIALE PALMIRO TOGLIATTI;VIALE PALMIRO TOGLIATTI;;;Scontro laterale fra veicoli in marcia;Intersezione semaforizzata;Due carreggiate;Asciutto;Asfaltata;Verticale ed orizzontale;Sereno;Normale;Sufficiente;;0;0;0;2;12.6155;41.8933;-1;2;Autocarro inferiore 35 q.;Allontanatosi;Conducente;M;Illeso;0;;Non accertato;Inesploso
5073916;13;24/09/2020 15:30:00;Strada Urbana;VIA DEL CANALE DELLA LINGUA;da specificare;;;;pross. v. epaminonda ;Scontro frontale/laterale DX fra veicoli in marcia;Rettilineo;Una carreggiata a doppio senso;Asciutto;Asfaltata;Assente;Sereno;Intenso;Buona;;0;0;0;2;12.3403;41.7412;-1;1;Autovettura privata;In marcia / fermata / arresto;Conducente;M;Illeso;0;;Non accertato;Inesploso
5073916;13;24/09/2020 15:30:00;Strada Urbana;VIA DEL CANALE DELLA LINGUA;da specificare;;;;pross. v. epaminonda ;Scontro frontale/laterale DX fra veicoli in marcia;Rettilineo;Una carreggiata a doppio senso;Asciutto;Asfaltata;Assente;Sereno;Intenso;Buona;;0;0;0;2;12.3403;41.7412;-1;2;Autovettura privata;In marcia / fermata / arresto;Conducente;M;Illeso;0;;Non accertato;Inesploso
5073923;13;24/09/2020 07:30:00;Strada Urbana;VIALE ENRICO ORTOLANI;in corrispondenza;;del civico n.;115;;Veicolo in marcia contro veicolo in sosta;Rettilineo;Pi� di due carreggiate;Bagnato (pioggia);Asfaltata;Orizzontale;Pioggia in atto;Normale;Buona;;1;0;0;0;12.3309;41.7704;-1;1;Autovettura privata;In marcia / fermata / arresto;Conducente;F;Rimandato;0;NON DECEDUTO;Non accertato;Inesploso
5073923;13;24/09/2020 07:30:00;Strada Urbana;VIALE ENRICO ORTOLANI;in corrispondenza;;del civico n.;115;;Veicolo in marcia contro veicolo in sosta;Rettilineo;Pi� di due carreggiate;Bagnato (pioggia);Asfaltata;Orizzontale;Pioggia in atto;Normale;Buona;;1;0;0;0;12.3309;41.7704;-1;2;Autovettura privata;Sosta;;;;;;;
5073930;1;25/09/2020 02:00:00;Strada Urbana;PIAZZA DI S. GIOVANNI IN LATERANO;all'intersezione semaforizzata con;VIA MERULANA;VIA MERULANA;;;Scontro frontale/laterale SX fra veicoli in marcia;Intersezione semaforizzata;Due carreggiate;Asciutto;Asfaltata;Orizzontale;Nuvoloso;Scarso;Buona;;1;0;0;3;12.5046;41.8872;-1;1;Autovettura privata;In marcia / fermata / arresto;Conducente;F;Illeso;0;;Non accertato;Inesploso
5073930;1;25/09/2020 02:00:00;Strada Urbana;PIAZZA DI S. GIOVANNI IN LATERANO;all'intersezione semaforizzata con;VIA MERULANA;VIA MERULANA;;;Scontro frontale/laterale SX fra veicoli in marcia;Intersezione semaforizzata;Due carreggiate;Asciutto;Asfaltata;Orizzontale;Nuvoloso;Scarso;Buona;;1;0;0;3;12.5046;41.8872;-1;1;Autovettura privata;In marcia / fermata / arresto;Passeggero;F;Illeso;0;;;
5073930;1;25/09/2020 02:00:00;Strada Urbana;PIAZZA DI S. GIOVANNI IN LATERANO;all'intersezione semaforizzata con;VIA MERULANA;VIA MERULANA;;;Scontro frontale/laterale SX fra veicoli in marcia;Intersezione semaforizzata;Due carreggiate;Asciutto;Asfaltata;Orizzontale;Nuvoloso;Scarso;Buona;;1;0;0;3;12.5046;41.8872;-1;2;Motociclo a solo;In marcia / fermata / arresto;Conducente;M;Rimandato;0;NON DECEDUTO;;
5073936;4;24/09/2020 14:20:00;Strada Urbana;VIA MONTE ROSA;da specificare;;;;pross. V. Monte Pollino;Veicolo in marcia contro veicolo in sosta;Curva a visuale libera;Una carreggiata a senso unico di marcia;Bagnato (pioggia);Asfaltata;Verticale ed orizzontale;Sereno;Scarso;Buona;;0;0;0;1;12.5384;41.9419;-1;1;Autovettura privata;In marcia / fermata / arresto;Conducente;M;Illeso;0;;;
5073936;4;24/09/2020 14:20:00;Strada Urbana;VIA MONTE ROSA;da specificare;;;;pross. V. Monte Pollino;Veicolo in marcia contro veicolo in sosta;Curva a visuale libera;Una carreggiata a senso unico di marcia;Bagnato (pioggia);Asfaltata;Verticale ed orizzontale;Sereno;Scarso;Buona;;0;0;0;1;12.5384;41.9419;-1;2;Autovettura privata;Sosta;;;;;;;
5073971;1;24/09/2020 16:30:00;Strada Urbana;PIAZZA IN PISCINULA;in corrispondenza;;del civico n.;10;;Veicolo in marcia contro ostacolo fisso;Rettilineo;Una carreggiata a doppio senso;Asciutto;Acciotolata;Verticale ed orizzontale;Nuvoloso;Scarso;Buona;;0;0;0;1;;;0;1;Autovettura privata;In marcia / fermata / arresto;Conducente;F;Illeso;0;;;
5073971;1;24/09/2020 16:30:00;Strada Urbana;PIAZZA IN PISCINULA;in corrispondenza;;del civico n.;10;;Veicolo in marcia contro ostacolo fisso;Rettilineo;Una carreggiata a doppio senso;Asciutto;Acciotolata;Verticale ed orizzontale;Nuvoloso;Scarso;Buona;;0;0;0;1;;;0;2;Autovettura privata;Sosta;;;;;;;
5073971;1;24/09/2020 16:30:00;Strada Urbana;PIAZZA IN PISCINULA;in corrispondenza;;del civico n.;10;;Veicolo in marcia contro ostacolo fisso;Rettilineo;Una carreggiata a doppio senso;Asciutto;Acciotolata;Verticale ed orizzontale;Nuvoloso;Scarso;Buona;;0;0;0;1;;;0;3;Autovettura privata;Sosta;;;;;;;
5073989;2;24/09/2020 09:25:00;Strada Urbana;PIAZZA DI PRISCILLA;all'intersezione con;VIA SALARIA;VIA SALARIA;;;Scontro laterale fra veicoli in marcia;Intersezione semaforizzata;Una carreggiata a doppio senso;Bagnato (pioggia);Asfaltata;Verticale ed orizzontale;Nuvoloso;Normale;Buona;;0;0;0;2;12.509;41.9303;-1;1;Autovettura privata;In marcia / fermata / arresto;Conducente;M;Illeso;0;;Non accertato;Inesploso
5073989;2;24/09/2020 09:25:00;Strada Urbana;PIAZZA DI PRISCILLA;all'intersezione con;VIA SALARIA;VIA SALARIA;;;Scontro laterale fra veicoli in marcia;Intersezione semaforizzata;Una carreggiata a doppio senso;Bagnato (pioggia);Asfaltata;Verticale ed orizzontale;Nuvoloso;Normale;Buona;;0;0;0;2;12.509;41.9303;-1;2;Motociclo a solo;In marcia / fermata / arresto;Conducente;M;Illeso;0;;Non accertato;
5073996;2;24/09/2020 11:00:00;Strada Urbana;PIAZZA DI PRISCILLA;all'intersezione con;VIA SALARIA;VIA SALARIA;;;Scontro laterale fra veicoli in marcia;Intersezione semaforizzata;Una carreggiata a doppio senso;Bagnato (pioggia);Asfaltata;Verticale ed orizzontale;Nuvoloso;Normale;Buona;;0;0;0;5;12.5091;41.9302;-1;1;Autovettura privata;In marcia / fermata / arresto;Conducente;M;Illeso;0;;;
5073996;2;24/09/2020 11:00:00;Strada Urbana;PIAZZA DI PRISCILLA;all'intersezione con;VIA SALARIA;VIA SALARIA;;;Scontro laterale fra veicoli in marcia;Intersezione semaforizzata;Una carreggiata a doppio senso;Bagnato (pioggia);Asfaltata;Verticale ed orizzontale;Nuvoloso;Normale;Buona;;0;0;0;5;12.5091;41.9302;-1;1;Autovettura privata;In marcia / fermata / arresto;Passeggero;M;Illeso;0;;;
5073996;2;24/09/2020 11:00:00;Strada Urbana;PIAZZA DI PRISCILLA;all'intersezione con;VIA SALARIA;VIA SALARIA;;;Scontro laterale fra veicoli in marcia;Intersezione semaforizzata;Una carreggiata a doppio senso;Bagnato (pioggia);Asfaltata;Verticale ed orizzontale;Nuvoloso;Normale;Buona;;0;0;0;5;12.5091;41.9302;-1;1;Autovettura privata;In marcia / fermata / arresto;Passeggero;M;Illeso;0;;;
5073996;2;24/09/2020 11:00:00;Strada Urbana;PIAZZA DI PRISCILLA;all'intersezione con;VIA SALARIA;VIA SALARIA;;;Scontro laterale fra veicoli in marcia;Intersezione semaforizzata;Una carreggiata a doppio senso;Bagnato (pioggia);Asfaltata;Verticale ed orizzontale;Nuvoloso;Normale;Buona;;0;0;0;5;12.5091;41.9302;-1;2;Autovettura privata;In marcia / fermata / arresto;Conducente;F;Illeso;0;;;