Protocollo;Gruppo;DataOraIncidente;Localizzazione1;STRADA1;Localizzazione2;STRADA2;Strada02;Chilometrica;DaSpecificare;NaturaIncidente;particolaritastrade;TipoStrada;FondoStradale;Pavimentazione;Segnaletica;CondizioneAtmosferica;Traffico;Visibilita;Illuminazione;NUM_FERITI;NUM_RISERVATA;NUM_MORTI;NUM_ILLESI;Longitudine;Latitudine;Confermato;Progressivo;TipoVeicolo;StatoVeicolo;TipoPersona;Sesso;Tipolesione;Deceduto;DecedutoDopo;CinturaCascoUtilizzato;Airbag;
5077695;15;25/09/2020 10:40:00;Strada Urbana;VIA ANTONIO PACINOTTI;all'intersezione con;VIA DI PIETRA PAPA;VIA DI PIETRA PAPA;;;Scontro laterale fra veicoli in marcia;Incrocio;Una carreggiata a doppio senso;Asciutto;Asfaltata;Verticale ed orizzontale;Sereno;Normale;Buona;;0;0;0;5;12.4675;41.871;-1;2;Autocarro inferiore 35 q.;In marcia / fermata / arresto;Conducente;M;Illeso;0;;Non accertato;Inesploso
5077695;15;25/09/2020 10:40:00;Strada Urbana;VIA ANTONIO PACINOTTI;all'intersezione con;VIA DI PIETRA PAPA;VIA DI PIETRA PAPA;;;Scontro laterale fra veicoli in marcia;Incrocio;Una carreggiata a doppio senso;Asciutto;Asfaltata;Verticale ed orizzontale;Sereno;Normale;Buona;;0;0;0;5;12.4675;41.871;-1;2;Autocarro inferiore 35 q.;In marcia / fermata / arresto;Passeggero;M;Illeso;0;;Non accertato;Inesploso
5077695;15;25/09/2020 10:40:00;Strada Urbana;VIA ANTONIO PACINOTTI;all'intersezione con;VIA DI PIETRA PAPA;VIA DI PIETRA PAPA;;;Scontro laterale fra veicoli in marcia;Incrocio;Una carreggiata a doppio senso;Asciutto;Asfaltata;Verticale ed orizzontale;Sereno;Normale;Buona;;0;0;0;5;12.4675;41.871;-1;2;Autocarro inferiore 35 q.;In marcia / fermata / arresto;Passeggero;M;Illeso;0;;Non accertato;Inesploso
5077701;20;27/09/2020 19:30:00;Strada Urbana;VIA MONTEROSI;all'intersezione con;VIA CIVITELLA D'AGLIANO;VIA CIVITELLA D'AGLIANO;;;Veicolo in marcia contro ostacolo fisso;Incrocio;Una carreggiata a doppio senso;Bagnato (pioggia);Asfaltata;Verticale ed orizzontale;Pioggia in atto;Scarso;Sufficiente;;0;0;0;1;12.4722;41.9491;-1;1;Autocarro superiore 35 q.;In marcia / fermata / arresto;Conducente;M;Illeso;0;;Non accertato;Inesploso
5077703;11;27/09/2020 15:40:00;Strada Urbana;VIA ARDEATINA;in corrispondenza;;del palo luce n.;110;;Ribaltamento senza urto contro ostacolo fisso;Curva a visuale libera;Una carreggiata a doppio senso;Bagnato (pioggia);Asfaltata;Orizzontale;Pioggia in atto;Scarso;Sufficiente;;0;0;0;1;12.5182;41.8288;-1;1;Autovettura privata;In marcia / fermata / arresto;Conducente;M;Illeso;0;;Non accertato;
5077713;11;26/09/2020 21:40:00;Strada Urbana;VIALE GIUSTINIANO IMPERATORE;da specificare;;;;prossimit� intersezione con Via Ostiense;Tamponamento;Rettilineo;Due carreggiate;Asciutto;Asfaltata;Verticale ed orizzontale;Sereno;Scarso;Sufficiente;;0;0;0;4;12.4775;41.8569;-1;1;Autovettura privata;In marcia / fermata / arresto;Conducente;M;Illeso;0;;Non accertato;
5077713;11;26/09/2020 21:40:00;Strada Urbana;VIALE GIUSTINIANO IMPERATORE;da specificare;;;;prossimit� intersezione con Via Ostiense;Tamponamento;Rettilineo;Due carreggiate;Asciutto;Asfaltata;Verticale ed orizzontale;Sereno;Scarso;Sufficiente;;0;0;0;4;12.4775;41.8569;-1;1;Autovettura privata;In marcia / fermata / arresto;Passeggero;F;Illeso;0;;;
5077713;11;26/09/2020 21:40:00;Strada Urbana;VIALE GIUSTINIANO IMPERATORE;da specificare;;;;prossimit� intersezione con Via Ostiense;Tamponamento;Rettilineo;Due carreggiate;Asciutto;Asfaltata;Verticale ed orizzontale;Sereno;Scarso;Sufficiente;;0;0;0;4;12.4775;41.8569;-1;2;Autovettura privata;In marcia / fermata / arresto;Conducente;F;Illeso;0;;Non accertato;
5077713;11;26/09/2020 21:40:00;Strada Urbana;VIALE GIUSTINIANO IMPERATORE;da specificare;;;;prossimit� intersezione con Via Ostiense;Tamponamento;Rettilineo;Due carreggiate;Asciutto;Asfaltata;Verticale ed orizzontale;Sereno;Scarso;Sufficiente;;0;0;0;4;12.4775;41.8569;-1;2;Autovettura privata;In marcia / fermata / arresto;Passeggero;F;Illeso;0;;;
5077714;20;27/09/2020 21:20:00;Strada Urbana;VIA CALDONAZZO;in prossimit�;;del civico n.;22;;Veicolo in marcia contro ostacolo accidentale;Rettilineo;Una carreggiata a doppio senso;Bagnato (pioggia);Lastricata;Assente;Pioggia in atto;Scarso;Buona;;0;0;0;2;12.4531;41.9524;-1;1;Autovettura privata;In marcia / fermata / arresto;Conducente;M;Illeso;0;;Non accertato;
5077714;20;27/09/2020 21:20:00;Strada Urbana;VIA CALDONAZZO;in prossimit�;;del civico n.;22;;Veicolo in marcia contro ostacolo accidentale;Rettilineo;Una carreggiata a doppio senso;Bagnato (pioggia);Lastricata;Assente;Pioggia in atto;Scarso;Buona;;0;0;0;2;12.4531;41.9524;-1;1;Autovettura privata;In marcia / fermata / arresto;Passeggero;F;Illeso;0;;Non accertato;Inesploso
5077724;11;27/09/2020 22:00:00;Strada Urbana;VIALE ISACCO NEWTON;in prossimit�;;del civico n.;120;;Tamponamento;Curva a visuale libera;Due carreggiate;Bagnato (pioggia);Asfaltata;Verticale ed orizzontale;Pioggia in atto;Scarso;Sufficiente;;0;0;0;2;12.4401;41.8563;-1;1;Autovettura privata;In marcia / fermata / arresto;Conducente;F;Illeso;0;;;
5077724;11;27/09/2020 22:00:00;Strada Urbana;VIALE ISACCO NEWTON;in prossimit�;;del civico n.;120;;Tamponamento;Curva a visuale libera;Due carreggiate;Bagnato (pioggia);Asfaltata;Verticale ed orizzontale;Pioggia in atto;Scarso;Sufficiente;;0;0;0;2;12.4401;41.8563;-1;2;Autovettura privata;In marcia / fermata / arresto;Conducente;F;Illeso;0;;;
5077730;9;28/09/2020 01:05:00;Strada Urbana;VIA DELLE CAVE;all'intersezione semaforizzata con;VIA ROCCA PRIORA;VIA ROCCA PRIORA;;;Scontro frontale/laterale DX fra veicoli in marcia;Intersezione semaforizzata;Due carreggiate;Bagnato (umidit� in atto);Asfaltata;Verticale ed orizzontale;Nuvoloso;Scarso;Buona;;0;0;0;3;12.5315;41.8718;-1;1;Autovettura privata;In marcia / fermata / arresto;Conducente;M;Illeso;0;;Non accertato;Inesploso
5077730;9;28/09/2020 01:05:00;Strada Urbana;VIA DELLE CAVE;all'intersezione semaforizzata con;VIA ROCCA PRIORA;VIA ROCCA PRIORA;;;Scontro frontale/laterale DX fra veicoli in marcia;Intersezione semaforizzata;Due carreggiate;Bagnato (umidit� in atto);Asfaltata;Verticale ed orizzontale;Nuvoloso;Scarso;Buona;;0;0;0;3;12.5315;41.8718;-1;2;Autovettura privata;In marcia / fermata / arresto;Conducente;M;Illeso;0;;Non accertato;Inesploso
5077730;9;28/09/2020 01:05:00;Strada Urbana;VIA DELLE CAVE;all'intersezione semaforizzata con;VIA ROCCA PRIORA;VIA ROCCA PRIORA;;;Scontro frontale/laterale DX fra veicoli in marcia;Intersezione semaforizzata;Due carreggiate;Bagnato (umidit� in atto);Asfaltata;Verticale ed orizzontale;Nuvoloso;Scarso;Buona;;0;0;0;3;12.5315;41.8718;-1;2;Autovettura privata;In marcia / fermata / arresto;Passeggero;M;Illeso;0;;Non accertato;Inesploso
5077748;20;27/09/2020 21:30:00;Strada Urbana;VIALE DI TOR DI QUINTO;da specificare;;;;in prossimit� di VIA FEDERICO CAPRILLI;Fuoriuscita dalla sede stradale;Curva senza visuale libera;Due carreggiate;Bagnato (pioggia);Asfaltata;Verticale ed orizzontale;Nuvoloso;Scarso;Buona;;0;0;0;1;12.4846;41.9496;-1;1;Autovettura privata;In marcia / fermata / arresto;Conducente;M;Illeso;0;;Non accertato;Inesploso
5077749;20;27/09/2020 23:20:00;Strada Urbana;VIALE DI TOR DI QUINTO;da specificare;;;;in prossimit� di VIA FEDERICO CAPRILLI;Fuoriuscita dalla sede stradale;Curva senza visuale libera;Due carreggiate;Bagnato (pioggia);Asfaltata;Verticale ed orizzontale;Nuvoloso;Scarso;Buona;;0;0;0;2;12.4845;41.9496;-1;1;Autovettura privata;In marcia / fermata / arresto;Conducente;M;Illeso;0;;Utilizzato;Inesploso
5077749;20;27/09/2020 23:20:00;Strada Urbana;VIALE DI TOR DI QUINTO;da specificare;;;;in prossimit� di VIA FEDERICO CAPRILLI;Fuoriuscita dalla sede stradale;Curva senza visuale libera;Due carreggiate;Bagnato (pioggia);Asfaltata;Verticale ed orizzontale;Nuvoloso;Scarso;Buona;;0;0;0;2;12.4845;41.9496;-1;1;Autovettura privata;In marcia / fermata / arresto;Passeggero;F;Illeso;0;;Utilizzato;Inesploso
5077762;15;25/09/2020 21:30:00;Strada Urbana;VIA DELLA MAGLIANA;all'intersezione con;VIA LUIGI RAVA;VIA LUIGI RAVA;;;Scontro frontale/laterale SX fra veicoli in marcia;Incrocio;Una carreggiata a doppio senso;Asciutto;Asfaltata;Verticale ed orizzontale;Nuvoloso;Scarso;Buona;;1;0;0;1;12.4196;41.8317;-1;1;Motociclo a solo;In marcia / fermata / arresto;Conducente;M;Rimandato;0;NON DECEDUTO;;
5077762;15;25/09/2020 21:30:00;Strada Urbana;VIA DELLA MAGLIANA;all'intersezione con;VIA LUIGI RAVA;VIA LUIGI RAVA;;;Scontro frontale/laterale SX fra veicoli in marcia;Incrocio;Una carreggiata a doppio senso;Asciutto;Asfaltata;Verticale ed orizzontale;Nuvoloso;Scarso;Buona;;1;0;0;1;12.4196;41.8317;-1;2;Autovettura privata;In marcia / fermata / arresto;Conducente;M;Illeso;0;;Non accertato;Inesploso
5077768;6;26/09/2020 09:00:00;Strada Urbana;VIA TERRACINA;all'intersezione con;VIA FORMIA;VIA FORMIA;;;Scontro frontale/laterale DX fra veicoli in marcia;Incrocio;Una carreggiata a senso unico di marcia;Asciutto;Asfaltata;Verticale;Nuvoloso;Scarso;Buona;;0;0;0;3;12.5477;41.8866;-1;1;Autovettura privata;In marcia / fermata / arresto;Conducente;M;Illeso;0;;;
5077768;6;26/09/2020 09:00:00;Strada Urbana;VIA TERRACINA;all'intersezione con;VIA FORMIA;VIA FORMIA;;;Scontro frontale/laterale DX fra veicoli in marcia;Incrocio;Una carreggiata a senso unico di marcia;Asciutto;Asfaltata;Verticale;Nuvoloso;Scarso;Buona;;0;0;0;3;12.5477;41.8866;-1;2;Autovettura privata;In marcia / fermata / arresto;Conducente;F;Illeso;0;;;
5077768;6;26/09/2020 09:00:00;Strada Urbana;VIA TERRACINA;all'intersezione con;VIA FORMIA;VIA FORMIA;;;Scontro frontale/laterale DX fra veicoli in marcia;Incrocio;Una carreggiata a senso unico di marcia;Asciutto;Asfaltata;Verticale;Nuvoloso;Scarso;Buona;;0;0;0;3;12.5477;41.8866;-1;2;Autovettura privata;In marcia / fermata / arresto;Passeggero;F;Illeso;0;;;
5077770;12;26/09/2020 17:10:00;Strada Urbana;VICOLO DEL BEL POGGIO;in corrispondenza;;del civico n.;210;;Veicolo in marcia contro ostacolo accidentale;Rettilineo;Due carreggiate;Asciutto;Asfaltata;Assente;Nuvoloso;Scarso;Sufficiente;;0;0;0;1;12.5171;41.7958;-1;1;Autobus urbano;In marcia / fermata / arresto;Conducente;M;Illeso;0;;Non accertato;Inesploso
5077780;15;25/09/2020 10:30:00;Strada Urbana;VIA DEL MONTE DELLE CAPRE;in prossimit�;;del civico n.;20;;Scontro frontale fra veicoli in marcia;Rettilineo;Una carreggiata a doppio senso;Asciutto;Asfaltata;Verticale;Nuvoloso;Normale;Sufficiente;;0;0;0;2;12.4341;41.845;-1;1;Autovettura privata;In marcia / fermata / arresto;Conducente;M;Illeso;0;;Non accertato;Inesploso
5077780;15;25/09/2020 10:30:00;Strada Urbana;VIA DEL MONTE DELLE CAPRE;in prossimit�;;del civico n.;20;;Scontro frontale fra veicoli in marcia;Rettilineo;Una carreggiata a doppio senso;Asciutto;Asfaltata;Verticale;Nuvoloso;Normale;Sufficiente;;0;0;0;2;12.4341;41.845;-1;2;Ciclomotore;In marcia / fermata / arresto;Conducente;M;Illeso;0;;Non accertato;
5077782;19;26/09/2020 07:30:00;Strada Urbana;VIA FEDERICO BORROMEO;in prossimit�;;del civico n.;85;;Veicolo in marcia contro veicolo in sosta;Rettilineo;Una carreggiata a doppio senso;Bagnato (umidit� in atto);Asfaltata;Orizzontale;Sereno;Normale;Sufficiente;;1;0;0;0;12.4153;41.9201;-1;1;Autovettura privata;In marcia / fermata / arresto;Conducente;F;Rimandato;0;NON DECEDUTO;;
5077782;19;26/09/2020 07:30:00;Strada Urbana;VIA FEDERICO BORROMEO;in prossimit�;;del civico n.;85;;Veicolo in marcia contro veicolo in sosta;Rettilineo;Una carreggiata a doppio senso;Bagnato (umidit� in atto);Asfaltata;Orizzontale;Sereno;Normale;Sufficiente;;1;0;0;0;12.4153;41.9201;-1;2;Autocarro inferiore 35 q.;Sosta;;;;;;;
5077786;13;27/09/2020 16:10:00;Strada Urbana;VIA DOBBIACO;all'intersezione con;VIA LAVARONE;VIA LAVARONE;;;Scontro frontale/laterale DX fra veicoli in marcia;Incrocio;Una carreggiata a doppio senso;Bagnato (pioggia);Asfaltata;Verticale;Pioggia in atto;Normale;Buona;;0;0;0;5;12.3802;41.7378;-1;1;Autovettura privata;In marcia / fermata / arresto;Conducente;F;Illeso;0;;Non accertato;Inesploso
5077786;13;27/09/2020 16:10:00;Strada Urbana;VIA DOBBIACO;all'intersezione con;VIA LAVARONE;VIA LAVARONE;;;Scontro frontale/laterale DX fra veicoli in marcia;Incrocio;Una carreggiata a doppio senso;Bagnato (pioggia);Asfaltata;Verticale;Pioggia in atto;Normale;Buona;;0;0;0;5;12.3802;41.7378;-1;1;Autovettura privata;In marcia / fermata / arresto;Passeggero;M;Illeso;0;;Non accertato;
5077786;13;27/09/2020 16:10:00;Strada Urbana;VIA DOBBIACO;all'intersezione con;VIA LAVARONE;VIA LAVARONE;;;Scontro frontale/laterale DX fra veicoli in marcia;Incrocio;Una carreggiata a doppio senso;Bagnato (pioggia);Asfaltata;Verticale;Pioggia in atto;Normale;Buona;;0;0;0;5;12.3802;41.7378;-1;1;Autovettura privata;In marcia / fermata / arresto;Passeggero;F;Illeso;0;;Non accertato;
5077786;13;27/09/2020 16:10:00;Strada Urbana;VIA DOBBIACO;all'intersezione con;VIA LAVARONE;VIA LAVARONE;;;Scontro frontale/laterale DX fra veicoli in marcia;Incrocio;Una carreggiata a doppio senso;Bagnato (pioggia);Asfaltata;Verticale;Pioggia in atto;Normale;Buona;;0;0;0;5;12.3802;41.7378;-1;1;Autovettura privata;In marcia / fermata / arresto;Passeggero;M;Illeso;0;;Non accertato;
5077786;13;27/09/2020 16:10:00;Strada Urbana;VIA DOBBIACO;all'intersezione con;VIA LAVARONE;VIA LAVARONE;;;Scontro frontale/laterale DX fra veicoli in marcia;Incrocio;Una carreggiata a doppio senso;Bagnato (pioggia);Asfaltata;Verticale;Pioggia in atto;Normale;Buona;;0;0;0;5;12.3802;41.7378;-1;2;Autovettura privata;In marcia / fermata / arresto;Conducente;M;Illeso;0;;Non accertato;Inesploso
5077787;20;27/09/2020 03:30:00;Strada Urbana;VIA ANGUILLARESE;in corrispondenza;;del civico n.;101;;Veicolo in marcia contro ostacolo fisso;Rettilineo;Una carreggiata a doppio senso;Bagnato (pioggia);Asfaltata;Orizzontale;Pioggia in atto;Scarso;Buona;;1;0;0;0;12.2907;42.0759;-1;1;Autovettura privata;In marcia / fermata / arresto;Conducente;M;Rifiuta cure immediate;0;NON DECEDUTO;Non accertato;
5077790;19;27/09/2020 14:24:00;Strada Urbana;GALLERIA GIOVANNI XXIII;in prossimit�;;della chilometrica;1.5;;Veicolo in marcia contro veicolo fermo;Galleria illuminata;Una carreggiata a senso unico di marcia;Bagnato (umidit� in atto);Asfaltata;Verticale ed orizzontale;Pioggia in atto;Scarso;Buona;;0;0;0;2;12.4411;41.9404;-1;1;Autovettura privata;In marcia / fermata / arresto;Conducente;M;Illeso;0;;Non accertato;Inesploso
5077790;19;27/09/2020 14:24:00;Strada Urbana;GALLERIA GIOVANNI XXIII;in prossimit�;;della chilometrica;1.5;;Veicolo in marcia contro veicolo fermo;Galleria illuminata;Una carreggiata a senso unico di marcia;Bagnato (umidit� in atto);Asfaltata;Verticale ed orizzontale;Pioggia in atto;Scarso;Buona;;0;0;0;2;12.4411;41.9404;-1;2;Autovettura privata;In marcia / fermata / arresto;Conducente;M;Illeso;0;;;
5077791;7;25/09/2020 21:20:00;Strada Urbana;VIA MAGNAGRECIA;in corrispondenza;;del civico n.;39;;Tamponamento;Rettilineo;Una carreggiata a doppio senso;Bagnato (pioggia);Asfaltata;Assente;Nuvoloso;Normale;Buona;;1;0;0;2;12.5095;41.8844;-1;1;Autovettura privata;In marcia / fermata / arresto;Conducente;M;Illeso;0;;Non accertato;Inesploso
5077791;7;25/09/2020 21:20:00;Strada Urbana;VIA MAGNAGRECIA;in corrispondenza;;del civico n.;39;;Tamponamento;Rettilineo;Una carreggiata a doppio senso;Bagnato (pioggia);Asfaltata;Assente;Nuvoloso;Normale;Buona;;1;0;0;2;12.5095;41.8844;-1;2;Autovettura privata;In marcia / fermata / arresto;Conducente;M;Rimandato;0;NON DECEDUTO;Non accertato;Inesploso
5077791;7;25/09/2020 21:20:00;Strada Urbana;VIA MAGNAGRECIA;in corrispondenza;;del civico n.;39;;Tamponamento;Rettilineo;Una carreggiata a doppio senso;Bagnato (pioggia);Asfaltata;Assente;Nuvoloso;Normale;Buona;;1;0;0;2;12.5095;41.8844;-1;2;Autovettura privata;In marcia / fermata / arresto;Passeggero;F;Illeso;0;;Non accertato;Inesploso
5077806;12;26/09/2020 23:50:00;Strada Urbana;VIALE DELL'OCEANO INDIANO;da specificare;;;;PROSSIMITA' VIA PRAGA;Veicolo in marcia contro veicolo in sosta;Rettilineo;Una carreggiata a doppio senso;Asciutto;Asfaltata;Verticale ed orizzontale;Sereno;Scarso;Buona;;0;0;0;1;12.448;41.8242;-1;1;Autovettura privata;In marcia / fermata / arresto;Conducente;M;Illeso;0;;Non accertato;Esploso
5077806;12;26/09/2020 23:50:00;Strada Urbana;VIALE DELL'OCEANO INDIANO;da specificare;;;;PROSSIMITA' VIA PRAGA;Veicolo in marcia contro veicolo in sosta;Rettilineo;Una carreggiata a doppio senso;Asciutto;Asfaltata;Verticale ed orizzontale;Sereno;Scarso;Buona;;0;0;0;1;12.448;41.8242;-1;2;Autovettura privata;Sosta;;;;;;;
5077815;11;26/09/2020 18:00:00;Strada Urbana;VIA CRISTOFORO COLOMBO;in prossimit�;;del civico n.;304;;Scontro laterale fra veicoli in marcia;Rettilineo;Una carreggiata a senso unico di marcia;Bagnato (umidit� in atto);Asfaltata;Verticale ed orizzontale;Nuvoloso;Normale;Buona;;1;0;0;2;12.4922;41.8562;-1;1;Autovettura privata;In marcia / fermata / arresto;Conducente;M;Illeso;0;;Non accertato;
5077815;11;26/09/2020 18:00:00;Strada Urbana;VIA CRISTOFORO COLOMBO;in prossimit�;;del civico n.;304;;Scontro laterale fra veicoli in marcia;Rettilineo;Una carreggiata a senso unico di marcia;Bagnato (umidit� in atto);Asfaltata;Verticale ed orizzontale;Nuvoloso;Normale;Buona;;1;0;0;2;12.4922;41.8562;-1;1;Autovettura privata;In marcia / fermata / arresto;Passeggero;F;Illeso;0;;Non accertato;
5077815;11;26/09/2020 18:00:00;Strada Urbana;VIA CRISTOFORO COLOMBO;in prossimit�;;del civico n.;304;;Scontro laterale fra veicoli in marcia;Rettilineo;Una carreggiata a senso unico di marcia;Bagnato (umidit� in atto);Asfaltata;Verticale ed orizzontale;Nuvoloso;Normale;Buona;;1;0;0;2;12.4922;41.8562;-1;2;Autovettura privata;In marcia / fermata / arresto;Conducente;F;Rimandato;0;NON DECEDUTO;Non accertato;
5077819;19;27/09/2020 17:30:00;Strada Urbana;VIALE DELLE MEDAGLIE D'ORO;in prossimit�;;del civico n.;384;;Veicolo in marcia contro veicolo in sosta;Rettilineo;Una carreggiata a doppio senso;Asciutto;Asfaltata;Assente;Nuvoloso;Normale;Buona;;0;0;0;1;12.4457;41.9211;-1;1;Autovettura privata;In marcia / fermata / arresto;Conducente;F;Illeso;0;;;
5077819;19;27/09/2020 17:30:00;Strada Urbana;VIALE DELLE MEDAGLIE D'ORO;in prossimit�;;del civico n.;384;;Veicolo in marcia contro veicolo in sosta;Rettilineo;Una carreggiata a doppio senso;Asciutto;Asfaltata;Assente;Nuvoloso;Normale;Buona;;0;0;0;1;12.4457;41.9211;-1;2;Autovettura privata;Sosta;;;;;;;
5077821;20;28/09/2020 05:45:00;Strada Urbana;VIALE DI TOR DI QUINTO;da specificare;;;;in prossimit� di VIA FEDERICO CAPRILLI;Fuoriuscita dalla sede stradale;Curva senza visuale libera;Due carreggiate;Bagnato (pioggia);Asfaltata;Verticale ed orizzontale;Nuvoloso;Scarso;Sufficiente;;0;0;0;1;12.4846;41.9496;-1;1;Autovettura privata;In marcia / fermata / arresto;Conducente;F;Illeso;0;;Non accertato;Inesploso
5077826;15;26/09/2020 06:45:00;Strada Urbana;VIALE ISACCO NEWTON;da specificare;;;;palo Acea n. 120;Veicolo in marcia contro ostacolo fisso;Curva a visuale libera;Due carreggiate;Bagnato (pioggia);Asfaltata;Verticale ed orizzontale;Pioggia in atto;Normale;Buona;;0;0;0;1;12.4427;41.8481;-1;1;Autovettura privata;In marcia / fermata / arresto;Conducente;M;Illeso;0;;Non accertato;Inesploso
5077827;7;25/09/2020 16:00:00;Strada Urbana;VIA GIUSEPPE CANDIANI;in prossimit�;;del civico n.;21;;Veicolo in marcia contro ostacolo accidentale;Rettilineo;Una carreggiata a senso unico di marcia;Asciutto;Asfaltata;Assente;Sereno;Normale;Buona;;0;0;0;2;12.5847;41.8928;-1;1;Autovettura privata;In marcia / fermata / arresto;Conducente;F;Illeso;0;;Non accertato;Inesploso
5077827;7;25/09/2020 16:00:00;Strada Urbana;VIA GIUSEPPE CANDIANI;in prossimit�;;del civico n.;21;;Veicolo in marcia contro ostacolo accidentale;Rettilineo;Una carreggiata a senso unico di marcia;Asciutto;Asfaltata;Assente;Sereno;Normale;Buona;;0;0;0;2;12.5847;41.8928;-1;1;Autovettura privata;In marcia / fermata / arresto;Passeggero;F;Illeso;0;;Non accertato;Inesploso
5077833;4;25/09/2020 09:20:00;Strada Urbana;VIALE LINA CAVALIERI;all'intersezione con;VIA MATTEO BABINI;VIA MATTEO BABINI;;;Veicolo in marcia contro veicolo in sosta;Intersezione stradale segnalata;Due carreggiate;Asciutto;Asfaltata;Verticale ed orizzontale;Nuvoloso;Scarso;Buona;;0;0;0;1;12.5158;41.9651;-1;1;Autovettura privata;In marcia / fermata / arresto;Conducente;F;Illeso;0;;;
5077833;4;25/09/2020 09:20:00;Strada Urbana;VIALE LINA CAVALIERI;all'intersezione con;VIA MATTEO BABINI;VIA MATTEO BABINI;;;Veicolo in marcia contro veicolo in sosta;Intersezione stradale segnalata;Due carreggiate;Asciutto;Asfaltata;Verticale ed orizzontale;Nuvoloso;Scarso;Buona;;0;0;0;1;12.5158;41.9651;-1;2;Autovettura privata;Sosta;;;;;;;
5077837;19;26/09/2020 11:45:00;Strada Urbana;VIA DEL FORTE BRASCHI;in prossimit�;;del civico n.;107;;Veicolo in marcia contro ostacolo fisso;Rettilineo;Una carreggiata a senso unico alternato;Asciutto;Asfaltata;Verticale ed orizzontale;Nuvoloso;Normale;Buona;;0;0;0;1;12.4157;41.9129;-1;1;Autovettura privata;In marcia / fermata / arresto;Conducente;M;Illeso;0;;;
5077838;12;25/09/2020 17:15:00;Provinciale;VIA DEL MARE;da specificare;;;;km 10.700;Veicolo in marcia contro ostacolo accidentale;Rettilineo;Una carreggiata a doppio senso;Bagnato (pioggia);Asfaltata;Verticale ed orizzontale;Pioggia in atto;Normale;Buona;;0;0;0;1;12.4377;41.8206;-1;1;Autocarro inferiore 35 q.;In marcia / fermata / arresto;Conducente;M;Illeso;0;;;
5077841;19;27/09/2020 14:20:00;Strada Urbana;GALLERIA GIOVANNI XXIII;in prossimit�;;della chilometrica;1.5;;Veicolo in marcia contro ostacolo fisso;Galleria illuminata;Una carreggiata a senso unico di marcia;Bagnato (umidit� in atto);Asfaltata;Verticale ed orizzontale;Pioggia in atto;Normale;Buona;;0;0;0;1;12.4411;41.9404;-1;1;Autovettura privata;In marcia / fermata / arresto;Conducente;M;Illeso;0;;Non accertato;Esploso
5077843;11;27/09/2020 01:00:00;Strada Urbana;VIA LAURENTINA;all'intersezione con;VIA DI VALLERANO;VIA DI VALLERANO;;;Scontro laterale fra veicoli in marcia;Rotatoria;Due carreggiate;Asciutto;Asfaltata;Verticale ed orizzontale;Sereno;Scarso;Insufficiente;;0;0;0;5;12.4815;41.7874;-1;1;Autovettura privata;In marcia / fermata / arresto;Conducente;M;Illeso;0;;Non accertato;
5077843;11;27/09/2020 01:00:00;Strada Urbana;VIA LAURENTINA;all'intersezione con;VIA DI VALLERANO;VIA DI VALLERANO;;;Scontro laterale fra veicoli in marcia;Rotatoria;Due carreggiate;Asciutto;Asfaltata;Verticale ed orizzontale;Sereno;Scarso;Insufficiente;;0;0;0;5;12.4815;41.7874;-1;1;Autovettura privata;In marcia / fermata / arresto;Passeggero;F;Illeso;0;;;
5077843;11;27/09/2020 01:00:00;Strada Urbana;VIA LAURENTINA;all'intersezione con;VIA DI VALLERANO;VIA DI VALLERANO;;;Scontro laterale fra veicoli in marcia;Rotatoria;Due carreggiate;Asciutto;Asfaltata;Verticale ed orizzontale;Sereno;Scarso;Insufficiente;;0;0;0;5;12.4815;41.7874;-1;1;Autovettura privata;In marcia / fermata / arresto;Passeggero;M;Illeso;0;;;
5077843;11;27/09/2020 01:00:00;Strada Urbana;VIA LAURENTINA;all'intersezione con;VIA DI VALLERANO;VIA DI VALLERANO;;;Scontro laterale fra veicoli in marcia;Rotatoria;Due carreggiate;Asciutto;Asfaltata;Verticale ed orizzontale;Sereno;Scarso;Insufficiente;;0;0;0;5;12.4815;41.7874;-1;1;Autovettura privata;In marcia / fermata / arresto;Passeggero;F;Illeso;0;;;
5077843;11;27/09/2020 01:00:00;Strada Urbana;VIA LAURENTINA;all'intersezione con;VIA DI VALLERANO;VIA DI VALLERANO;;;Scontro laterale fra veicoli in marcia;Rotatoria;Due carreggiate;Asciutto;Asfaltata;Verticale ed orizzontale;Sereno;Scarso;Insufficiente;;0;0;0;5;12.4815;41.7874;-1;2;Autovettura privata;In marcia / fermata / arresto;Conducente;F;Illeso;0;;;
5077849;19;26/09/2020 17:30:00;Strada Urbana;PIAZZA CARLO MAZZARESI;in prossimit�;;del civico n.;31;;Scontro laterale fra veicoli in marcia;Rettilineo;Una carreggiata a senso unico di marcia;Bagnato (pioggia);Asfaltata;Verticale ed orizzontale;Pioggia in atto;Scarso;Sufficiente;;0;0;0;3;12.4416;41.9204;-1;1;Autovettura privata;In marcia / fermata / arresto;Conducente;M;Illeso;0;;;
5077849;19;26/09/2020 17:30:00;Strada Urbana;PIAZZA CARLO MAZZARESI;in prossimit�;;del civico n.;31;;Scontro laterale fra veicoli in marcia;Rettilineo;Una carreggiata a senso unico di marcia;Bagnato (pioggia);Asfaltata;Verticale ed orizzontale;Pioggia in atto;Scarso;Sufficiente;;0;0;0;3;12.4416;41.9204;-1;2;Autovettura privata;In marcia / fermata / arresto;Conducente;F;Illeso;0;;;