Protocollo;Gruppo;DataOraIncidente;Localizzazione1;STRADA1;Localizzazione2;STRADA2;Strada02;Chilometrica;DaSpecificare;NaturaIncidente;particolaritastrade;TipoStrada;FondoStradale;Pavimentazione;Segnaletica;CondizioneAtmosferica;Traffico;Visibilita;Illuminazione;NUM_FERITI;NUM_RISERVATA;NUM_MORTI;NUM_ILLESI;Longitudine;Latitudine;Confermato;Progressivo;TipoVeicolo;StatoVeicolo;TipoPersona;Sesso;Tipolesione;Deceduto;DecedutoDopo;CinturaCascoUtilizzato;Airbag;
5077849;19;26/09/2020 17:30:00;Strada Urbana;PIAZZA CARLO MAZZARESI;in prossimit�;;del civico n.;31;;Scontro laterale fra veicoli in marcia;Rettilineo;Una carreggiata a senso unico di marcia;Bagnato (pioggia);Asfaltata;Verticale ed orizzontale;Pioggia in atto;Scarso;Sufficiente;;0;0;0;3;12.4416;41.9204;-1;2;Autovettura privata;In marcia / fermata / arresto;Passeggero;F;Illeso;0;;;
5077852;19;27/09/2020 15:30:00;Strada Urbana;GALLERIA GIOVANNI XXIII;in prossimit�;;della chilometrica;1.5;;Veicolo in marcia contro ostacolo fisso;Galleria illuminata;Una carreggiata a senso unico di marcia;Bagnato (umidit� in atto);Asfaltata;Verticale ed orizzontale;Pioggia in atto;Scarso;Buona;;0;0;0;1;12.4411;41.9404;-1;1;Autovettura privata;In marcia / fermata / arresto;Conducente;M;Illeso;0;;;
5077854;4;25/09/2020 21:45:00;Strada Urbana;CORSO SEMPIONE;all'intersezione semaforizzata con;VIA GARGANO;VIA GARGANO;;;Scontro laterale fra veicoli in marcia;Incrocio;Pi� di due carreggiate;Bagnato (umidit� in atto);Asfaltata;Verticale ed orizzontale;Nuvoloso;Normale;Buona;;0;0;0;4;12.5342;41.9354;-1;1;Motociclo a solo;In marcia / fermata / arresto;Conducente;M;Illeso;0;;Non accertato;
5077854;4;25/09/2020 21:45:00;Strada Urbana;CORSO SEMPIONE;all'intersezione semaforizzata con;VIA GARGANO;VIA GARGANO;;;Scontro laterale fra veicoli in marcia;Incrocio;Pi� di due carreggiate;Bagnato (umidit� in atto);Asfaltata;Verticale ed orizzontale;Nuvoloso;Normale;Buona;;0;0;0;4;12.5342;41.9354;-1;2;Autovettura privata;In marcia / fermata / arresto;Conducente;M;Illeso;0;;Non accertato;
5077854;4;25/09/2020 21:45:00;Strada Urbana;CORSO SEMPIONE;all'intersezione semaforizzata con;VIA GARGANO;VIA GARGANO;;;Scontro laterale fra veicoli in marcia;Incrocio;Pi� di due carreggiate;Bagnato (umidit� in atto);Asfaltata;Verticale ed orizzontale;Nuvoloso;Normale;Buona;;0;0;0;4;12.5342;41.9354;-1;2;Autovettura privata;In marcia / fermata / arresto;Passeggero;M;Illeso;0;;;Inesploso
5077854;4;25/09/2020 21:45:00;Strada Urbana;CORSO SEMPIONE;all'intersezione semaforizzata con;VIA GARGANO;VIA GARGANO;;;Scontro laterale fra veicoli in marcia;Incrocio;Pi� di due carreggiate;Bagnato (umidit� in atto);Asfaltata;Verticale ed orizzontale;Nuvoloso;Normale;Buona;;0;0;0;4;12.5342;41.9354;-1;2;Autovettura privata;In marcia / fermata / arresto;Passeggero;F;Illeso;0;;Non accertato;Inesploso
5077857;13;27/09/2020 17:15:00;Strada Urbana;VIALE DEI ROMAGNOLI;all'intersezione con;VIA DEL COLLETTORE PRIMARIO;VIA DEL COLLETTORE PRIMARIO;;;Scontro frontale/laterale SX fra veicoli in marcia;Incrocio;Una carreggiata a doppio senso;Bagnato (pioggia);Asfaltata;Verticale ed orizzontale;Pioggia in atto;Normale;Buona;;0;0;0;4;12.3051;41.7785;-1;1;Autovettura privata;In marcia / fermata / arresto;Conducente;F;Illeso;0;;Non accertato;Inesistente
5077857;13;27/09/2020 17:15:00;Strada Urbana;VIALE DEI ROMAGNOLI;all'intersezione con;VIA DEL COLLETTORE PRIMARIO;VIA DEL COLLETTORE PRIMARIO;;;Scontro frontale/laterale SX fra veicoli in marcia;Incrocio;Una carreggiata a doppio senso;Bagnato (pioggia);Asfaltata;Verticale ed orizzontale;Pioggia in atto;Normale;Buona;;0;0;0;4;12.3051;41.7785;-1;2;Autovettura privata;In marcia / fermata / arresto;Conducente;M;Illeso;0;;Non accertato;Inesploso
5077857;13;27/09/2020 17:15:00;Strada Urbana;VIALE DEI ROMAGNOLI;all'intersezione con;VIA DEL COLLETTORE PRIMARIO;VIA DEL COLLETTORE PRIMARIO;;;Scontro frontale/laterale SX fra veicoli in marcia;Incrocio;Una carreggiata a doppio senso;Bagnato (pioggia);Asfaltata;Verticale ed orizzontale;Pioggia in atto;Normale;Buona;;0;0;0;4;12.3051;41.7785;-1;2;Autovettura privata;In marcia / fermata / arresto;Passeggero;M;Illeso;0;;Non accertato;Inesploso
5077857;13;27/09/2020 17:15:00;Strada Urbana;VIALE DEI ROMAGNOLI;all'intersezione con;VIA DEL COLLETTORE PRIMARIO;VIA DEL COLLETTORE PRIMARIO;;;Scontro frontale/laterale SX fra veicoli in marcia;Incrocio;Una carreggiata a doppio senso;Bagnato (pioggia);Asfaltata;Verticale ed orizzontale;Pioggia in atto;Normale;Buona;;0;0;0;4;12.3051;41.7785;-1;2;Autovettura privata;In marcia / fermata / arresto;Passeggero;M;Illeso;0;;Non accertato;Inesploso
5077858;19;27/09/2020 00:20:00;Strada Urbana;GALLERIA GIOVANNI XXIII;in prossimit�;;della chilometrica;1.5;;Tamponamento;Galleria illuminata;Due carreggiate;Bagnato (pioggia);Asfaltata;Verticale ed orizzontale;Pioggia in atto;Normale;Buona;;0;0;0;6;12.4411;41.9404;-1;1;Autovettura privata;In marcia / fermata / arresto;Conducente;M;Illeso;0;;;
5077858;19;27/09/2020 00:20:00;Strada Urbana;GALLERIA GIOVANNI XXIII;in prossimit�;;della chilometrica;1.5;;Tamponamento;Galleria illuminata;Due carreggiate;Bagnato (pioggia);Asfaltata;Verticale ed orizzontale;Pioggia in atto;Normale;Buona;;0;0;0;6;12.4411;41.9404;-1;1;Autovettura privata;In marcia / fermata / arresto;Passeggero;M;Illeso;0;;;
5077858;19;27/09/2020 00:20:00;Strada Urbana;GALLERIA GIOVANNI XXIII;in prossimit�;;della chilometrica;1.5;;Tamponamento;Galleria illuminata;Due carreggiate;Bagnato (pioggia);Asfaltata;Verticale ed orizzontale;Pioggia in atto;Normale;Buona;;0;0;0;6;12.4411;41.9404;-1;1;Autovettura privata;In marcia / fermata / arresto;Passeggero;F;Illeso;0;;;
5077858;19;27/09/2020 00:20:00;Strada Urbana;GALLERIA GIOVANNI XXIII;in prossimit�;;della chilometrica;1.5;;Tamponamento;Galleria illuminata;Due carreggiate;Bagnato (pioggia);Asfaltata;Verticale ed orizzontale;Pioggia in atto;Normale;Buona;;0;0;0;6;12.4411;41.9404;-1;2;Autovettura privata;In marcia / fermata / arresto;Conducente;M;Illeso;0;;;
5077858;19;27/09/2020 00:20:00;Strada Urbana;GALLERIA GIOVANNI XXIII;in prossimit�;;della chilometrica;1.5;;Tamponamento;Galleria illuminata;Due carreggiate;Bagnato (pioggia);Asfaltata;Verticale ed orizzontale;Pioggia in atto;Normale;Buona;;0;0;0;6;12.4411;41.9404;-1;2;Autovettura privata;In marcia / fermata / arresto;Passeggero;M;Illeso;0;;;
5077862;7;25/09/2020 21:00:00;Strada Urbana;VIA CASILINA;in corrispondenza;;del civico n.;388;;Scontro frontale/laterale DX fra veicoli in marcia;Rettilineo;Una carreggiata a senso unico di marcia;Asciutto;Asfaltata;Verticale ed orizzontale;Sereno;Normale;Buona;;0;0;0;3;12.5418;41.8802;-1;1;Autovettura pubblica;In marcia / fermata / arresto;Conducente;M;Illeso;0;;Non accertato;Inesploso
5077862;7;25/09/2020 21:00:00;Strada Urbana;VIA CASILINA;in corrispondenza;;del civico n.;388;;Scontro frontale/laterale DX fra veicoli in marcia;Rettilineo;Una carreggiata a senso unico di marcia;Asciutto;Asfaltata;Verticale ed orizzontale;Sereno;Normale;Buona;;0;0;0;3;12.5418;41.8802;-1;1;Autovettura pubblica;In marcia / fermata / arresto;Passeggero;F;Illeso;0;;Non accertato;Inesploso
5077862;7;25/09/2020 21:00:00;Strada Urbana;VIA CASILINA;in corrispondenza;;del civico n.;388;;Scontro frontale/laterale DX fra veicoli in marcia;Rettilineo;Una carreggiata a senso unico di marcia;Asciutto;Asfaltata;Verticale ed orizzontale;Sereno;Normale;Buona;;0;0;0;3;12.5418;41.8802;-1;2;Autovettura privata;In marcia / fermata / arresto;Conducente;M;Illeso;0;;Non accertato;Inesploso
5077864;19;27/09/2020 16:30:00;Strada Urbana;GALLERIA GIOVANNI XXIII;in prossimit�;;del civico n.;1.500;;Veicolo in marcia contro ostacolo fisso;Curva a visuale libera;Una carreggiata a senso unico di marcia;Asciutto;Asfaltata;Verticale ed orizzontale;Nuvoloso;Normale;Buona;;1;0;0;0;12.4411;41.9404;-1;1;Autovettura privata;In marcia / fermata / arresto;Conducente;M;Rimandato;0;NON DECEDUTO;;
5077876;12;27/09/2020 22:30:00;Strada Urbana;VIA LEONE XIII;da specificare;;;;prossimit� via Aurelia antica;Veicolo in marcia contro ostacolo accidentale;Rettilineo;Due carreggiate;Asciutto;Asfaltata;Verticale ed orizzontale;Nuvoloso;Normale;Sufficiente;;0;0;0;1;12.4406;41.8885;-1;1;Autovettura privata;In marcia / fermata / arresto;Conducente;F;Illeso;0;;;
5077879;19;27/09/2020 03:30:00;Strada Urbana;VIA DI TORREVECCHIA;all'intersezione con;VIA SIMONE MOSCA;VIA SIMONE MOSCA;;;Scontro frontale/laterale DX fra veicoli in marcia;Incrocio;Una carreggiata a doppio senso;Bagnato (pioggia);Asfaltata;Verticale;Pioggia in atto;Scarso;Sufficiente;;4;0;0;2;12.4173;41.929;-1;1;Autovettura privata;In marcia / fermata / arresto;Conducente;M;Rimandato;0;NON DECEDUTO;;
5077879;19;27/09/2020 03:30:00;Strada Urbana;VIA DI TORREVECCHIA;all'intersezione con;VIA SIMONE MOSCA;VIA SIMONE MOSCA;;;Scontro frontale/laterale DX fra veicoli in marcia;Incrocio;Una carreggiata a doppio senso;Bagnato (pioggia);Asfaltata;Verticale;Pioggia in atto;Scarso;Sufficiente;;4;0;0;2;12.4173;41.929;-1;1;Autovettura privata;In marcia / fermata / arresto;Passeggero;F;Rimandato;0;NON DECEDUTO;;
5077879;19;27/09/2020 03:30:00;Strada Urbana;VIA DI TORREVECCHIA;all'intersezione con;VIA SIMONE MOSCA;VIA SIMONE MOSCA;;;Scontro frontale/laterale DX fra veicoli in marcia;Incrocio;Una carreggiata a doppio senso;Bagnato (pioggia);Asfaltata;Verticale;Pioggia in atto;Scarso;Sufficiente;;4;0;0;2;12.4173;41.929;-1;1;Autovettura privata;In marcia / fermata / arresto;Passeggero;M;Illeso;0;;;
5077879;19;27/09/2020 03:30:00;Strada Urbana;VIA DI TORREVECCHIA;all'intersezione con;VIA SIMONE MOSCA;VIA SIMONE MOSCA;;;Scontro frontale/laterale DX fra veicoli in marcia;Incrocio;Una carreggiata a doppio senso;Bagnato (pioggia);Asfaltata;Verticale;Pioggia in atto;Scarso;Sufficiente;;4;0;0;2;12.4173;41.929;-1;1;Autovettura privata;In marcia / fermata / arresto;Passeggero;M;Rimandato;0;NON DECEDUTO;;
5077879;19;27/09/2020 03:30:00;Strada Urbana;VIA DI TORREVECCHIA;all'intersezione con;VIA SIMONE MOSCA;VIA SIMONE MOSCA;;;Scontro frontale/laterale DX fra veicoli in marcia;Incrocio;Una carreggiata a doppio senso;Bagnato (pioggia);Asfaltata;Verticale;Pioggia in atto;Scarso;Sufficiente;;4;0;0;2;12.4173;41.929;-1;2;Autovettura privata;In marcia / fermata / arresto;Conducente;F;Illeso;0;;;
5077879;19;27/09/2020 03:30:00;Strada Urbana;VIA DI TORREVECCHIA;all'intersezione con;VIA SIMONE MOSCA;VIA SIMONE MOSCA;;;Scontro frontale/laterale DX fra veicoli in marcia;Incrocio;Una carreggiata a doppio senso;Bagnato (pioggia);Asfaltata;Verticale;Pioggia in atto;Scarso;Sufficiente;;4;0;0;2;12.4173;41.929;-1;2;Autovettura privata;In marcia / fermata / arresto;Passeggero;F;Rimandato;0;NON DECEDUTO;;
5077887;19;27/09/2020 05:30:00;Strada Urbana;VIA REZZATO;all'intersezione con;VIA GRAVEDONA;VIA GRAVEDONA;;;Scontro frontale/laterale DX fra veicoli in marcia;Intersezione stradale segnalata;Una carreggiata a doppio senso;Bagnato (pioggia);Asfaltata;Verticale ed orizzontale;Pioggia in atto;Scarso;Sufficiente;;0;0;0;4;12.381;41.9542;-1;1;Autovettura privata;In marcia / fermata / arresto;Conducente;M;Illeso;0;;;
5077887;19;27/09/2020 05:30:00;Strada Urbana;VIA REZZATO;all'intersezione con;VIA GRAVEDONA;VIA GRAVEDONA;;;Scontro frontale/laterale DX fra veicoli in marcia;Intersezione stradale segnalata;Una carreggiata a doppio senso;Bagnato (pioggia);Asfaltata;Verticale ed orizzontale;Pioggia in atto;Scarso;Sufficiente;;0;0;0;4;12.381;41.9542;-1;2;Autovettura privata;In marcia / fermata / arresto;Conducente;M;Illeso;0;;;
5077887;19;27/09/2020 05:30:00;Strada Urbana;VIA REZZATO;all'intersezione con;VIA GRAVEDONA;VIA GRAVEDONA;;;Scontro frontale/laterale DX fra veicoli in marcia;Intersezione stradale segnalata;Una carreggiata a doppio senso;Bagnato (pioggia);Asfaltata;Verticale ed orizzontale;Pioggia in atto;Scarso;Sufficiente;;0;0;0;4;12.381;41.9542;-1;2;Autovettura privata;In marcia / fermata / arresto;Passeggero;M;Illeso;0;;;
5077893;9;02/09/2020 19:30:00;Strada Urbana;Tangenziale Est direzione S. Giovanni;da specificare;;;;50 metri dopo rampa di accesso da l.go Passamonti;Veicolo in marcia contro ostacolo fisso;Rettilineo;Due carreggiate;Bagnato (pioggia);Asfaltata;Orizzontale;Pioggia in atto;Normale;Sufficiente;;1;0;0;1;;;0;1;Autovettura privata;In marcia / fermata / arresto;Conducente;M;Illeso;0;;;
5077893;9;02/09/2020 19:30:00;Strada Urbana;Tangenziale Est direzione S. Giovanni;da specificare;;;;50 metri dopo rampa di accesso da l.go Passamonti;Veicolo in marcia contro ostacolo fisso;Rettilineo;Due carreggiate;Bagnato (pioggia);Asfaltata;Orizzontale;Pioggia in atto;Normale;Sufficiente;;1;0;0;1;;;0;1;Autovettura privata;In marcia / fermata / arresto;Passeggero;F;Rimandato;0;NON DECEDUTO;;
5077896;7;26/09/2020 13:00:00;Strada Urbana;VIALE PALMIRO TOGLIATTI;all'intersezione con;VIA VITTORIO COLOMBO;VIA VITTORIO COLOMBO;;;Scontro laterale fra veicoli in marcia;Intersezione semaforizzata;Due carreggiate;Asciutto;Asfaltata;Verticale ed orizzontale;Sereno;Normale;Buona;;0;0;0;2;12.5733;41.8872;-1;1;Autovettura privata;In marcia / fermata / arresto;Conducente;M;Illeso;0;;Non accertato;Inesploso
5077896;7;26/09/2020 13:00:00;Strada Urbana;VIALE PALMIRO TOGLIATTI;all'intersezione con;VIA VITTORIO COLOMBO;VIA VITTORIO COLOMBO;;;Scontro laterale fra veicoli in marcia;Intersezione semaforizzata;Due carreggiate;Asciutto;Asfaltata;Verticale ed orizzontale;Sereno;Normale;Buona;;0;0;0;2;12.5733;41.8872;-1;2;Autovettura privata;In marcia / fermata / arresto;Conducente;M;Illeso;0;;Non accertato;Inesploso
5077905;15;25/09/2020 14:45:00;Strada Urbana;VIA DELLA MAGLIANA;all'intersezione con;VIA SCARPERIA;VIA SCARPERIA;;;Tamponamento;Incrocio;Una carreggiata a doppio senso;Asciutto;Asfaltata;Orizzontale;Nuvoloso;Normale;Buona;;1;0;0;2;12.4196;41.8317;-1;1;Autovettura privata;In marcia / fermata / arresto;Conducente;M;Illeso;0;;Non accertato;Inesploso
5077905;15;25/09/2020 14:45:00;Strada Urbana;VIA DELLA MAGLIANA;all'intersezione con;VIA SCARPERIA;VIA SCARPERIA;;;Tamponamento;Incrocio;Una carreggiata a doppio senso;Asciutto;Asfaltata;Orizzontale;Nuvoloso;Normale;Buona;;1;0;0;2;12.4196;41.8317;-1;1;Autovettura privata;In marcia / fermata / arresto;Passeggero;F;Illeso;0;;Non accertato;Inesploso
5077905;15;25/09/2020 14:45:00;Strada Urbana;VIA DELLA MAGLIANA;all'intersezione con;VIA SCARPERIA;VIA SCARPERIA;;;Tamponamento;Incrocio;Una carreggiata a doppio senso;Asciutto;Asfaltata;Orizzontale;Nuvoloso;Normale;Buona;;1;0;0;2;12.4196;41.8317;-1;2;Motociclo a solo;In marcia / fermata / arresto;Conducente;M;Rimandato;0;NON DECEDUTO;Non accertato;
5077911;1;27/09/2020 16:55:00;Strada Urbana;VIA GIOVANNI AMENDOLA;in corrispondenza;;del civico n.;83;;Tamponamento;Rettilineo;Una carreggiata a senso unico di marcia;Bagnato (pioggia);Asfaltata;Verticale ed orizzontale;Pioggia in atto;Scarso;Buona;;0;0;0;2;;;0;1;Autovettura privata;In marcia / fermata / arresto;Conducente;M;Illeso;0;;;
5077911;1;27/09/2020 16:55:00;Strada Urbana;VIA GIOVANNI AMENDOLA;in corrispondenza;;del civico n.;83;;Tamponamento;Rettilineo;Una carreggiata a senso unico di marcia;Bagnato (pioggia);Asfaltata;Verticale ed orizzontale;Pioggia in atto;Scarso;Buona;;0;0;0;2;;;0;2;Autovettura privata;In marcia / fermata / arresto;Conducente;M;Illeso;0;;;
5077916;19;27/09/2020 19:00:00;Strada Urbana;VIA DI CASAL DEL MARMO;in prossimit�;;del civico n.;200;;Veicolo in marcia contro ostacolo accidentale;Rettilineo;Una carreggiata a doppio senso;Bagnato (pioggia);Asfaltata;Orizzontale;Pioggia in atto;Scarso;Sufficiente;;0;0;0;1;12.4014;41.9544;-1;1;Autocarro inferiore 35 q.;In marcia / fermata / arresto;Conducente;M;Illeso;0;;;
5077929;19;27/09/2020 19:15:00;Strada Urbana;VIA DI CASAL DEL MARMO;in prossimit�;;del civico n.;200;;Veicolo in marcia contro ostacolo accidentale;Rettilineo;Una carreggiata a doppio senso;Bagnato (pioggia);Asfaltata;Orizzontale;Pioggia in atto;Normale;Sufficiente;;0;0;0;2;12.4014;41.9544;-1;1;Autovettura privata;In marcia / fermata / arresto;Conducente;M;Illeso;0;;;
5077929;19;27/09/2020 19:15:00;Strada Urbana;VIA DI CASAL DEL MARMO;in prossimit�;;del civico n.;200;;Veicolo in marcia contro ostacolo accidentale;Rettilineo;Una carreggiata a doppio senso;Bagnato (pioggia);Asfaltata;Orizzontale;Pioggia in atto;Normale;Sufficiente;;0;0;0;2;12.4014;41.9544;-1;1;Autovettura privata;In marcia / fermata / arresto;Passeggero;F;Illeso;0;;;
5077931;12;25/09/2020 17:50:00;Provinciale;VIA DEL MARE;da specificare;;;;alt. km. 7,100 dir. Ostia;Veicolo in marcia contro ostacolo accidentale;Rettilineo;Una carreggiata a doppio senso;Asciutto;Asfaltata;Verticale ed orizzontale;Vento forte;Normale;Sufficiente;;0;0;0;1;12.4632;41.8403;-1;1;Autovettura privata;In marcia / fermata / arresto;Conducente;M;Illeso;0;;Utilizzato;Inesploso
5077942;19;27/09/2020 19:40:00;Strada Urbana;VIA DI TORREVECCHIA;in prossimit�;;del civico n.;475;;Investimento di pedone;Rettilineo;Una carreggiata a doppio senso;Bagnato (pioggia);Asfaltata;Orizzontale;Nuvoloso;Normale;Sufficiente;;1;0;0;2;12.4135;41.9243;-1;;;;Pedone;F;Rimandato;0;NON DECEDUTO;;
5077942;19;27/09/2020 19:40:00;Strada Urbana;VIA DI TORREVECCHIA;in prossimit�;;del civico n.;475;;Investimento di pedone;Rettilineo;Una carreggiata a doppio senso;Bagnato (pioggia);Asfaltata;Orizzontale;Nuvoloso;Normale;Sufficiente;;1;0;0;2;12.4135;41.9243;-1;1;Autovettura privata;In marcia / fermata / arresto;Conducente;M;Illeso;0;;;
5077942;19;27/09/2020 19:40:00;Strada Urbana;VIA DI TORREVECCHIA;in prossimit�;;del civico n.;475;;Investimento di pedone;Rettilineo;Una carreggiata a doppio senso;Bagnato (pioggia);Asfaltata;Orizzontale;Nuvoloso;Normale;Sufficiente;;1;0;0;2;12.4135;41.9243;-1;1;Autovettura privata;In marcia / fermata / arresto;Passeggero;M;Illeso;0;;;
5077942;19;27/09/2020 19:40:00;Strada Urbana;VIA DI TORREVECCHIA;in prossimit�;;del civico n.;475;;Investimento di pedone;Rettilineo;Una carreggiata a doppio senso;Bagnato (pioggia);Asfaltata;Orizzontale;Nuvoloso;Normale;Sufficiente;;1;0;0;2;12.4135;41.9243;-1;2;Motociclo a solo;In marcia / fermata / arresto;;;;;;;
5077944;7;27/09/2020 14:30:00;Strada Urbana;VIA DEGLI ACERI;all'intersezione con;VIA DEI FRASSINI;VIA DEI FRASSINI;;;Scontro frontale/laterale SX fra veicoli in marcia;Incrocio;Una carreggiata a senso unico di marcia;Bagnato (pioggia);Asfaltata;Verticale ed orizzontale;Nuvoloso;;Buona;;0;0;0;3;12.5679;41.8782;-1;1;Autovettura privata;In marcia / fermata / arresto;Conducente;M;Illeso;0;;Non accertato;Inesploso
5077944;7;27/09/2020 14:30:00;Strada Urbana;VIA DEGLI ACERI;all'intersezione con;VIA DEI FRASSINI;VIA DEI FRASSINI;;;Scontro frontale/laterale SX fra veicoli in marcia;Incrocio;Una carreggiata a senso unico di marcia;Bagnato (pioggia);Asfaltata;Verticale ed orizzontale;Nuvoloso;;Buona;;0;0;0;3;12.5679;41.8782;-1;2;Autovettura privata;In marcia / fermata / arresto;Conducente;M;Illeso;0;;Non accertato;Inesploso
5077944;7;27/09/2020 14:30:00;Strada Urbana;VIA DEGLI ACERI;all'intersezione con;VIA DEI FRASSINI;VIA DEI FRASSINI;;;Scontro frontale/laterale SX fra veicoli in marcia;Incrocio;Una carreggiata a senso unico di marcia;Bagnato (pioggia);Asfaltata;Verticale ed orizzontale;Nuvoloso;;Buona;;0;0;0;3;12.5679;41.8782;-1;2;Autovettura privata;In marcia / fermata / arresto;Passeggero;M;Illeso;0;;Non accertato;Inesploso
5077952;4;26/09/2020 10:10:00;Strada Urbana;VIA GASPARE PACCHIAROTTI;in corrispondenza;;del civico n.;35;;Scontro laterale fra veicoli in marcia;Rettilineo;Una carreggiata a doppio senso;Bagnato (umidit� in atto);Asfaltata;Orizzontale;Nuvoloso;Normale;Buona;;0;0;0;4;12.5139;41.9633;-1;1;Autovettura privata;In marcia / fermata / arresto;Conducente;F;Illeso;0;;;
5077952;4;26/09/2020 10:10:00;Strada Urbana;VIA GASPARE PACCHIAROTTI;in corrispondenza;;del civico n.;35;;Scontro laterale fra veicoli in marcia;Rettilineo;Una carreggiata a doppio senso;Bagnato (umidit� in atto);Asfaltata;Orizzontale;Nuvoloso;Normale;Buona;;0;0;0;4;12.5139;41.9633;-1;1;Autovettura privata;In marcia / fermata / arresto;Passeggero;F;Illeso;0;;;
5077952;4;26/09/2020 10:10:00;Strada Urbana;VIA GASPARE PACCHIAROTTI;in corrispondenza;;del civico n.;35;;Scontro laterale fra veicoli in marcia;Rettilineo;Una carreggiata a doppio senso;Bagnato (umidit� in atto);Asfaltata;Orizzontale;Nuvoloso;Normale;Buona;;0;0;0;4;12.5139;41.9633;-1;2;Autovettura privata;In marcia / fermata / arresto;Conducente;M;Illeso;0;;;
5077952;4;26/09/2020 10:10:00;Strada Urbana;VIA GASPARE PACCHIAROTTI;in corrispondenza;;del civico n.;35;;Scontro laterale fra veicoli in marcia;Rettilineo;Una carreggiata a doppio senso;Bagnato (umidit� in atto);Asfaltata;Orizzontale;Nuvoloso;Normale;Buona;;0;0;0;4;12.5139;41.9633;-1;3;Autovettura privata;In marcia / fermata / arresto;Conducente;F;Illeso;0;;;
5077984;7;27/09/2020 22:15:00;Strada Urbana;VIA ACHILLE VERTUNNI;all'intersezione con;VIA VALERICO LACCETTI;VIA VALERICO LACCETTI;;;Scontro frontale/laterale DX fra veicoli in marcia;Incrocio;Una carreggiata a doppio senso;Bagnato (pioggia);Asfaltata;Verticale ed orizzontale;Pioggia in atto;Scarso;Buona;;0;0;0;2;12.613;41.9096;-1;1;Autovettura privata;In marcia / fermata / arresto;Conducente;M;Illeso;0;;Non accertato;Inesploso
5077984;7;27/09/2020 22:15:00;Strada Urbana;VIA ACHILLE VERTUNNI;all'intersezione con;VIA VALERICO LACCETTI;VIA VALERICO LACCETTI;;;Scontro frontale/laterale DX fra veicoli in marcia;Incrocio;Una carreggiata a doppio senso;Bagnato (pioggia);Asfaltata;Verticale ed orizzontale;Pioggia in atto;Scarso;Buona;;0;0;0;2;12.613;41.9096;-1;2;Autovettura privata;In marcia / fermata / arresto;Conducente;M;Illeso;0;;Non accertato;Inesploso
5078019;19;28/09/2020 00:35:00;Strada Urbana;VIA RIANO;all'intersezione con;VIA TORRITA TIBERINA;VIA TORRITA TIBERINA;;;Scontro laterale fra veicoli in marcia;Incrocio;Una carreggiata a senso unico di marcia;Bagnato (pioggia);Asfaltata;Verticale;Nuvoloso;Normale;Sufficiente;;1;0;0;2;12.4697;41.9379;-1;1;Autovettura privata;In marcia / fermata / arresto;Conducente;F;Illeso;0;;;
5078019;19;28/09/2020 00:35:00;Strada Urbana;VIA RIANO;all'intersezione con;VIA TORRITA TIBERINA;VIA TORRITA TIBERINA;;;Scontro laterale fra veicoli in marcia;Incrocio;Una carreggiata a senso unico di marcia;Bagnato (pioggia);Asfaltata;Verticale;Nuvoloso;Normale;Sufficiente;;1;0;0;2;12.4697;41.9379;-1;2;Autovettura privata;In marcia / fermata / arresto;Conducente;M;Illeso;0;;;
5078019;19;28/09/2020 00:35:00;Strada Urbana;VIA RIANO;all'intersezione con;VIA TORRITA TIBERINA;VIA TORRITA TIBERINA;;;Scontro laterale fra veicoli in marcia;Incrocio;Una carreggiata a senso unico di marcia;Bagnato (pioggia);Asfaltata;Verticale;Nuvoloso;Normale;Sufficiente;;1;0;0;2;12.4697;41.9379;-1;2;Autovettura privata;In marcia / fermata / arresto;Passeggero;F;Rimandato;0;NON DECEDUTO;;
5078030;1;27/09/2020 12:35:00;Strada Urbana;VIA MERULANA;all'intersezione con;VIALE MANZONI;VIALE MANZONI;;;Tamponamento;Incrocio;Una carreggiata a doppio senso;Bagnato (pioggia);Asfaltata;Verticale ed orizzontale;Pioggia in atto;Scarso;Buona;;0;0;0;7;;;0;1;Autovettura di polizia;In marcia / fermata / arresto;Conducente;M;Illeso;0;;;
5078030;1;27/09/2020 12:35:00;Strada Urbana;VIA MERULANA;all'intersezione con;VIALE MANZONI;VIALE MANZONI;;;Tamponamento;Incrocio;Una carreggiata a doppio senso;Bagnato (pioggia);Asfaltata;Verticale ed orizzontale;Pioggia in atto;Scarso;Buona;;0;0;0;7;;;0;1;Autovettura di polizia;In marcia / fermata / arresto;Passeggero;M;Illeso;0;;;
5078030;1;27/09/2020 12:35:00;Strada Urbana;VIA MERULANA;all'intersezione con;VIALE MANZONI;VIALE MANZONI;;;Tamponamento;Incrocio;Una carreggiata a doppio senso;Bagnato (pioggia);Asfaltata;Verticale ed orizzontale;Pioggia in atto;Scarso;Buona;;0;0;0;7;;;0;1;Autovettura di polizia;In marcia / fermata / arresto;Passeggero;M;Illeso;0;;;
5078030;1;27/09/2020 12:35:00;Strada Urbana;VIA MERULANA;all'intersezione con;VIALE MANZONI;VIALE MANZONI;;;Tamponamento;Incrocio;Una carreggiata a doppio senso;Bagnato (pioggia);Asfaltata;Verticale ed orizzontale;Pioggia in atto;Scarso;Buona;;0;0;0;7;;;0;1;Autovettura di polizia;In marcia / fermata / arresto;Passeggero;F;Illeso;0;;;