Protocollo;Gruppo;DataOraIncidente;Localizzazione1;STRADA1;Localizzazione2;STRADA2;Strada02;Chilometrica;DaSpecificare;NaturaIncidente;particolaritastrade;TipoStrada;FondoStradale;Pavimentazione;Segnaletica;CondizioneAtmosferica;Traffico;Visibilita;Illuminazione;NUM_FERITI;NUM_RISERVATA;NUM_MORTI;NUM_ILLESI;Longitudine;Latitudine;Confermato;Progressivo;TipoVeicolo;StatoVeicolo;TipoPersona;Sesso;Tipolesione;Deceduto;DecedutoDopo;CinturaCascoUtilizzato;Airbag;
5080148;10;29/09/2020 11:40:00;Strada Urbana;PIAZZA DI CINECITTA';in prossimit�;;del civico n.;11;;Tamponamento Multiplo;Rettilineo;Due carreggiate;Asciutto;Asfaltata;Verticale ed orizzontale;Sereno;Normale;Buona;;0;0;0;3;12.5697;41.8543;-1;1;Autovettura privata;In marcia / fermata / arresto;Conducente;M;Illeso;0;;;Esploso
5080148;10;29/09/2020 11:40:00;Strada Urbana;PIAZZA DI CINECITTA';in prossimit�;;del civico n.;11;;Tamponamento Multiplo;Rettilineo;Due carreggiate;Asciutto;Asfaltata;Verticale ed orizzontale;Sereno;Normale;Buona;;0;0;0;3;12.5697;41.8543;-1;2;Autovettura privata;In marcia / fermata / arresto;Conducente;M;Illeso;0;;;Inesploso
5080148;10;29/09/2020 11:40:00;Strada Urbana;PIAZZA DI CINECITTA';in prossimit�;;del civico n.;11;;Tamponamento Multiplo;Rettilineo;Due carreggiate;Asciutto;Asfaltata;Verticale ed orizzontale;Sereno;Normale;Buona;;0;0;0;3;12.5697;41.8543;-1;3;Autovettura privata;In marcia / fermata / arresto;Conducente;F;Illeso;0;;;Inesploso
5080275;19;29/09/2020 06:00:00;Strada Urbana;VIA TRIONFALE;in prossimit�;;del civico n.;8912;;Veicolo in marcia contro veicolo in sosta;Rettilineo;Due carreggiate;Asciutto;Asfaltata;Orizzontale;Sereno;Scarso;Buona;;0;0;0;1;12.4216;41.9414;-1;1;Autocarro inferiore 35 q.;In marcia / fermata / arresto;Conducente;M;Illeso;0;;;
5080275;19;29/09/2020 06:00:00;Strada Urbana;VIA TRIONFALE;in prossimit�;;del civico n.;8912;;Veicolo in marcia contro veicolo in sosta;Rettilineo;Due carreggiate;Asciutto;Asfaltata;Orizzontale;Sereno;Scarso;Buona;;0;0;0;1;12.4216;41.9414;-1;2;Autovettura privata;Sosta;;;;;;;
5080295;17;29/09/2020 06:45:00;Strada Urbana;VIA LUIGI RIZZO;in prossimit�;;del civico n.;FR 47;;Tamponamento;Rettilineo;Una carreggiata a senso unico di marcia;Asciutto;Asfaltata;Verticale ed orizzontale;Sereno;Normale;Buona;;0;0;0;3;12.4458;41.9085;-1;1;Autovettura privata;In marcia / fermata / arresto;Conducente;F;Illeso;0;;;
5080295;17;29/09/2020 06:45:00;Strada Urbana;VIA LUIGI RIZZO;in prossimit�;;del civico n.;FR 47;;Tamponamento;Rettilineo;Una carreggiata a senso unico di marcia;Asciutto;Asfaltata;Verticale ed orizzontale;Sereno;Normale;Buona;;0;0;0;3;12.4458;41.9085;-1;1;Autovettura privata;In marcia / fermata / arresto;Passeggero;F;Illeso;0;;;
5080295;17;29/09/2020 06:45:00;Strada Urbana;VIA LUIGI RIZZO;in prossimit�;;del civico n.;FR 47;;Tamponamento;Rettilineo;Una carreggiata a senso unico di marcia;Asciutto;Asfaltata;Verticale ed orizzontale;Sereno;Normale;Buona;;0;0;0;3;12.4458;41.9085;-1;2;Autovettura privata;In marcia / fermata / arresto;Conducente;M;Illeso;0;;;
5080311;4;28/09/2020 19:30:00;Strada Urbana;VIA UGO OJETTI;in corrispondenza;;del civico n.;60;;Tamponamento Multiplo;Rettilineo;Due carreggiate;Bagnato (umidit� in atto);Asfaltata;Verticale ed orizzontale;Sereno;Normale;Buona;;0;0;0;6;12.5497;41.9438;-1;1;Autovettura privata;In marcia / fermata / arresto;Conducente;M;Illeso;0;;Non accertato;Inesploso
5080311;4;28/09/2020 19:30:00;Strada Urbana;VIA UGO OJETTI;in corrispondenza;;del civico n.;60;;Tamponamento Multiplo;Rettilineo;Due carreggiate;Bagnato (umidit� in atto);Asfaltata;Verticale ed orizzontale;Sereno;Normale;Buona;;0;0;0;6;12.5497;41.9438;-1;2;Autovettura privata;In marcia / fermata / arresto;Conducente;F;Illeso;0;;Non accertato;Inesploso
5080311;4;28/09/2020 19:30:00;Strada Urbana;VIA UGO OJETTI;in corrispondenza;;del civico n.;60;;Tamponamento Multiplo;Rettilineo;Due carreggiate;Bagnato (umidit� in atto);Asfaltata;Verticale ed orizzontale;Sereno;Normale;Buona;;0;0;0;6;12.5497;41.9438;-1;3;Autovettura privata;In marcia / fermata / arresto;Conducente;M;Illeso;0;;Non accertato;Inesploso
5080311;4;28/09/2020 19:30:00;Strada Urbana;VIA UGO OJETTI;in corrispondenza;;del civico n.;60;;Tamponamento Multiplo;Rettilineo;Due carreggiate;Bagnato (umidit� in atto);Asfaltata;Verticale ed orizzontale;Sereno;Normale;Buona;;0;0;0;6;12.5497;41.9438;-1;3;Autovettura privata;In marcia / fermata / arresto;Passeggero;M;Illeso;0;;Non accertato;Inesploso
5080311;4;28/09/2020 19:30:00;Strada Urbana;VIA UGO OJETTI;in corrispondenza;;del civico n.;60;;Tamponamento Multiplo;Rettilineo;Due carreggiate;Bagnato (umidit� in atto);Asfaltata;Verticale ed orizzontale;Sereno;Normale;Buona;;0;0;0;6;12.5497;41.9438;-1;4;Autovettura privata;In marcia / fermata / arresto;Conducente;M;Illeso;0;;Non accertato;Inesploso
5080311;4;28/09/2020 19:30:00;Strada Urbana;VIA UGO OJETTI;in corrispondenza;;del civico n.;60;;Tamponamento Multiplo;Rettilineo;Due carreggiate;Bagnato (umidit� in atto);Asfaltata;Verticale ed orizzontale;Sereno;Normale;Buona;;0;0;0;6;12.5497;41.9438;-1;4;Autovettura privata;In marcia / fermata / arresto;Passeggero;M;Illeso;0;;;
5080314;1;29/09/2020 00:59:00;Strada Urbana;VIA CAVOUR;in prossimit�;;del civico n.;253;;Veicolo in marcia contro veicolo fermo;Rettilineo;Una carreggiata a doppio senso;Asciutto;Asfaltata;Verticale ed orizzontale;Sereno;Normale;Buona;;0;0;0;3;12.4911;41.8942;0;1;Autovettura privata;In marcia / fermata / arresto;Conducente;M;Illeso;0;;Non accertato;Inesploso
5080314;1;29/09/2020 00:59:00;Strada Urbana;VIA CAVOUR;in prossimit�;;del civico n.;253;;Veicolo in marcia contro veicolo fermo;Rettilineo;Una carreggiata a doppio senso;Asciutto;Asfaltata;Verticale ed orizzontale;Sereno;Normale;Buona;;0;0;0;3;12.4911;41.8942;0;1;Autovettura privata;In marcia / fermata / arresto;Passeggero;F;Illeso;0;;Non accertato;Inesploso
5080314;1;29/09/2020 00:59:00;Strada Urbana;VIA CAVOUR;in prossimit�;;del civico n.;253;;Veicolo in marcia contro veicolo fermo;Rettilineo;Una carreggiata a doppio senso;Asciutto;Asfaltata;Verticale ed orizzontale;Sereno;Normale;Buona;;0;0;0;3;12.4911;41.8942;0;2;Velocipede;In marcia / fermata / arresto;Conducente;M;Illeso;0;;Esente;
5080322;1;29/09/2020 11:20:00;Strada Urbana;PIAZZA DEL POPOLO;in corrispondenza;;del civico n.;3;;Veicolo in marcia contro ostacolo accidentale;Curva a visuale libera;Una carreggiata a senso unico di marcia;Viscido da liquidi oleosi;In cubetti di porfido;Verticale ed orizzontale;Sereno;Normale;Buona;;1;0;0;0;12.4761;41.9102;-1;1;Motociclo a solo;In marcia / fermata / arresto;Conducente;M;Rimandato;0;NON DECEDUTO;Non accertato;
5080375;13;23/09/2020 21:05:00;Strada Urbana;VIADOTTO ZELIA NUTTALL;da specificare;;;;altezza rampa di accesso da via dei Romagnoli;Tamponamento;Rettilineo;Pi� di due carreggiate;Bagnato (pioggia);Asfaltata;Verticale ed orizzontale;Pioggia in atto;Normale;Sufficiente;;0;0;0;2;12.3368;41.7747;-1;1;Autovettura privata;In marcia / fermata / arresto;Conducente;F;Illeso;0;;Non accertato;Inesploso
5080375;13;23/09/2020 21:05:00;Strada Urbana;VIADOTTO ZELIA NUTTALL;da specificare;;;;altezza rampa di accesso da via dei Romagnoli;Tamponamento;Rettilineo;Pi� di due carreggiate;Bagnato (pioggia);Asfaltata;Verticale ed orizzontale;Pioggia in atto;Normale;Sufficiente;;0;0;0;2;12.3368;41.7747;-1;2;Autovettura privata;Allontanatosi;Conducente;F;Illeso;0;;Non accertato;Inesploso
5080401;6;29/09/2020 12:30:00;Strada Urbana;VIALE DELLA VENEZIA GIULIA;all'intersezione con;VIA ROVIGNO D'ISTRIA;VIA ROVIGNO D'ISTRIA;;;Scontro frontale/laterale DX fra veicoli in marcia;Incrocio;Una carreggiata a doppio senso;Asciutto;Asfaltata;Orizzontale;Sereno;Normale;Buona;;0;0;0;2;12.5564;41.8964;-1;1;Autovettura privata;In marcia / fermata / arresto;Conducente;M;Illeso;0;;;
5080401;6;29/09/2020 12:30:00;Strada Urbana;VIALE DELLA VENEZIA GIULIA;all'intersezione con;VIA ROVIGNO D'ISTRIA;VIA ROVIGNO D'ISTRIA;;;Scontro frontale/laterale DX fra veicoli in marcia;Incrocio;Una carreggiata a doppio senso;Asciutto;Asfaltata;Orizzontale;Sereno;Normale;Buona;;0;0;0;2;12.5564;41.8964;-1;2;Autovettura privata;In marcia / fermata / arresto;Conducente;M;Illeso;0;;;
5080410;10;29/09/2020 13:00:00;Strada Urbana;VIA TUSCOLANA;all'intersezione con;VIA DI S. MATTEO;VIA DI S. MATTEO;;;Tamponamento Multiplo;Intersezione stradale segnalata;Due carreggiate;Asciutto;Asfaltata;Verticale ed orizzontale;Sereno;Normale;Buona;;0;0;0;3;12.6469;41.8198;-1;1;Autovettura privata;In marcia / fermata / arresto;Conducente;F;Illeso;0;;Non accertato;Inesploso
5080410;10;29/09/2020 13:00:00;Strada Urbana;VIA TUSCOLANA;all'intersezione con;VIA DI S. MATTEO;VIA DI S. MATTEO;;;Tamponamento Multiplo;Intersezione stradale segnalata;Due carreggiate;Asciutto;Asfaltata;Verticale ed orizzontale;Sereno;Normale;Buona;;0;0;0;3;12.6469;41.8198;-1;2;Autovettura privata;In marcia / fermata / arresto;Conducente;F;Illeso;0;;Non accertato;Inesploso
5080410;10;29/09/2020 13:00:00;Strada Urbana;VIA TUSCOLANA;all'intersezione con;VIA DI S. MATTEO;VIA DI S. MATTEO;;;Tamponamento Multiplo;Intersezione stradale segnalata;Due carreggiate;Asciutto;Asfaltata;Verticale ed orizzontale;Sereno;Normale;Buona;;0;0;0;3;12.6469;41.8198;-1;3;Autovettura privata;In marcia / fermata / arresto;Conducente;M;Illeso;0;;Non accertato;Esploso
5080428;15;29/09/2020 10:00:00;Strada Urbana;VIALE GUGLIELMO MARCONI;in corrispondenza;;del civico n.;107;;Investimento di pedone;Rettilineo;Due carreggiate;Asciutto;Asfaltata;Verticale ed orizzontale;Sereno;Normale;Buona;;1;0;0;1;12.4687;41.8674;-1;;;;Pedone;F;Rimandato;0;NON DECEDUTO;;
5080428;15;29/09/2020 10:00:00;Strada Urbana;VIALE GUGLIELMO MARCONI;in corrispondenza;;del civico n.;107;;Investimento di pedone;Rettilineo;Due carreggiate;Asciutto;Asfaltata;Verticale ed orizzontale;Sereno;Normale;Buona;;1;0;0;1;12.4687;41.8674;-1;1;Autovettura privata;In marcia / fermata / arresto;Conducente;M;Illeso;0;;Non accertato;Inesploso
5080510;23;25/09/2020 15:30:00;Strada Urbana;VIA PELLEGRINO MATTEUCCI;da specificare;;;;fronte civico 104/L;Veicolo in marcia contro veicolo in sosta;Rettilineo;Una carreggiata a doppio senso;Asciutto;Asfaltata;Verticale ed orizzontale;Nuvoloso;Scarso;Buona;;0;0;0;1;12.4831;41.8719;-1;1;Autovettura privata;In marcia / fermata / arresto;Conducente;F;Illeso;0;;Non accertato;Inesploso
5080510;23;25/09/2020 15:30:00;Strada Urbana;VIA PELLEGRINO MATTEUCCI;da specificare;;;;fronte civico 104/L;Veicolo in marcia contro veicolo in sosta;Rettilineo;Una carreggiata a doppio senso;Asciutto;Asfaltata;Verticale ed orizzontale;Nuvoloso;Scarso;Buona;;0;0;0;1;12.4831;41.8719;-1;2;Autovettura privata;Sosta;;;;;;;
5080528;4;28/09/2020 19:20:00;Strada Urbana;PIAZZA MONTE GENNARO;all'intersezione con;VIA DELLA BUFALOTTA;VIA DELLA BUFALOTTA;;;Investimento di pedone;Intersezione stradale segnalata;Una carreggiata a doppio senso;Asciutto;Asfaltata;Verticale ed orizzontale;Sereno;Normale;Buona;;1;0;0;1;12.5382;41.9452;-1;;;;Pedone;M;Rimandato;0;NON DECEDUTO;;
5080528;4;28/09/2020 19:20:00;Strada Urbana;PIAZZA MONTE GENNARO;all'intersezione con;VIA DELLA BUFALOTTA;VIA DELLA BUFALOTTA;;;Investimento di pedone;Intersezione stradale segnalata;Una carreggiata a doppio senso;Asciutto;Asfaltata;Verticale ed orizzontale;Sereno;Normale;Buona;;1;0;0;1;12.5382;41.9452;-1;1;Autovettura privata;In marcia / fermata / arresto;Conducente;M;Illeso;0;;;
5080564;18;27/09/2020 15:30:00;Statale;VIA AURELIA;in prossimit�;;della chilometrica;10.8;;Veicolo in marcia contro ostacolo fisso;Curva senza visuale libera;Due carreggiate;Bagnato (pioggia);Asfaltata;Verticale ed orizzontale;Pioggia in atto;Normale;Buona;;0;0;0;2;12.3787;41.883;-1;1;Autovettura privata;In marcia / fermata / arresto;Conducente;M;Illeso;0;;Non accertato;Esploso
5080564;18;27/09/2020 15:30:00;Statale;VIA AURELIA;in prossimit�;;della chilometrica;10.8;;Veicolo in marcia contro ostacolo fisso;Curva senza visuale libera;Due carreggiate;Bagnato (pioggia);Asfaltata;Verticale ed orizzontale;Pioggia in atto;Normale;Buona;;0;0;0;2;12.3787;41.883;-1;1;Autovettura privata;In marcia / fermata / arresto;Passeggero;F;Illeso;0;;Non accertato;Esploso
5080590;4;28/09/2020 13:35:00;Strada Urbana;VIA DEI PRATI FISCALI;in corrispondenza;;del civico n.;46-48;;Scontro laterale fra veicoli in marcia;Rettilineo;Due carreggiate;Bagnato (pioggia);Asfaltata;Assente;Pioggia in atto;Normale;Sufficiente;;1;0;0;1;12.5232;41.9464;-1;1;Motociclo con passeggero;In marcia / fermata / arresto;Conducente;M;Rimandato;0;NON DECEDUTO;;
5080590;4;28/09/2020 13:35:00;Strada Urbana;VIA DEI PRATI FISCALI;in corrispondenza;;del civico n.;46-48;;Scontro laterale fra veicoli in marcia;Rettilineo;Due carreggiate;Bagnato (pioggia);Asfaltata;Assente;Pioggia in atto;Normale;Sufficiente;;1;0;0;1;12.5232;41.9464;-1;2;Autovettura privata;In marcia / fermata / arresto;Conducente;M;Illeso;0;;Non accertato;Inesploso
5080608;18;27/09/2020 17:20:00;Strada Urbana;CIRCONVALLAZIONE AURELIA;in prossimit�;;del civico n.;39;;Tamponamento;Curva a visuale libera;Due carreggiate;Bagnato (pioggia);Asfaltata;Verticale ed orizzontale;Pioggia in atto;Normale;Buona;;0;0;0;4;12.4285;41.8971;-1;1;Autovettura privata;In marcia / fermata / arresto;Conducente;M;Illeso;0;;Non accertato;Inesploso
5080608;18;27/09/2020 17:20:00;Strada Urbana;CIRCONVALLAZIONE AURELIA;in prossimit�;;del civico n.;39;;Tamponamento;Curva a visuale libera;Due carreggiate;Bagnato (pioggia);Asfaltata;Verticale ed orizzontale;Pioggia in atto;Normale;Buona;;0;0;0;4;12.4285;41.8971;-1;1;Autovettura privata;In marcia / fermata / arresto;Passeggero;F;Illeso;0;;Non accertato;Inesploso
5080608;18;27/09/2020 17:20:00;Strada Urbana;CIRCONVALLAZIONE AURELIA;in prossimit�;;del civico n.;39;;Tamponamento;Curva a visuale libera;Due carreggiate;Bagnato (pioggia);Asfaltata;Verticale ed orizzontale;Pioggia in atto;Normale;Buona;;0;0;0;4;12.4285;41.8971;-1;1;Autovettura privata;In marcia / fermata / arresto;Passeggero;F;Illeso;0;;Non accertato;Inesploso
5080608;18;27/09/2020 17:20:00;Strada Urbana;CIRCONVALLAZIONE AURELIA;in prossimit�;;del civico n.;39;;Tamponamento;Curva a visuale libera;Due carreggiate;Bagnato (pioggia);Asfaltata;Verticale ed orizzontale;Pioggia in atto;Normale;Buona;;0;0;0;4;12.4285;41.8971;-1;2;Autovettura privata;In marcia / fermata / arresto;Conducente;M;Illeso;0;;Non accertato;Inesploso
5080621;23;28/09/2020 16:15:00;Strada Urbana;VIALE GUGLIELMO MARCONI;all'intersezione con;VIA CORRADO SEGRE;VIA CORRADO SEGRE;;;Investimento di pedone;Incrocio;Due carreggiate;Bagnato (pioggia);Asfaltata;Verticale ed orizzontale;Sereno;Normale;Buona;;2;0;0;1;12.4713;41.8573;-1;;;;Pedone;F;Rimandato;0;NON DECEDUTO;;
5080621;23;28/09/2020 16:15:00;Strada Urbana;VIALE GUGLIELMO MARCONI;all'intersezione con;VIA CORRADO SEGRE;VIA CORRADO SEGRE;;;Investimento di pedone;Incrocio;Due carreggiate;Bagnato (pioggia);Asfaltata;Verticale ed orizzontale;Sereno;Normale;Buona;;2;0;0;1;12.4713;41.8573;-1;;;;Pedone;M;Rimandato;0;NON DECEDUTO;;
5080621;23;28/09/2020 16:15:00;Strada Urbana;VIALE GUGLIELMO MARCONI;all'intersezione con;VIA CORRADO SEGRE;VIA CORRADO SEGRE;;;Investimento di pedone;Incrocio;Due carreggiate;Bagnato (pioggia);Asfaltata;Verticale ed orizzontale;Sereno;Normale;Buona;;2;0;0;1;12.4713;41.8573;-1;1;Autovettura privata;In marcia / fermata / arresto;Conducente;M;Illeso;0;;Non accertato;Inesploso
5080665;18;28/09/2020 13:20:00;Statale;VIA AURELIA;in corrispondenza;;della chilometrica;10.2;;Veicolo in marcia contro ostacolo fisso;Rettilineo;Due carreggiate;Bagnato (umidit� in atto);Asfaltata;Verticale ed orizzontale;Sereno;Normale;Buona;;0;0;0;2;12.3838;41.8853;-1;1;Autovettura privata;In marcia / fermata / arresto;Conducente;M;Illeso;0;;;
5080665;18;28/09/2020 13:20:00;Statale;VIA AURELIA;in corrispondenza;;della chilometrica;10.2;;Veicolo in marcia contro ostacolo fisso;Rettilineo;Due carreggiate;Bagnato (umidit� in atto);Asfaltata;Verticale ed orizzontale;Sereno;Normale;Buona;;0;0;0;2;12.3838;41.8853;-1;1;Autovettura privata;In marcia / fermata / arresto;Passeggero;F;Illeso;0;;;
5080674;9;29/09/2020 14:00:00;Strada Urbana;VIA APPIA NUOVA;in prossimit�;;del civico n.;585a;;Scontro laterale fra veicoli in marcia;Rettilineo;Due carreggiate;Asciutto;Asfaltata;Verticale ed orizzontale;Sereno;Normale;Buona;;0;0;0;2;12.5301;41.8689;-1;1;Autovettura privata;In marcia / fermata / arresto;Conducente;F;Illeso;0;;Non accertato;Inesploso
5080674;9;29/09/2020 14:00:00;Strada Urbana;VIA APPIA NUOVA;in prossimit�;;del civico n.;585a;;Scontro laterale fra veicoli in marcia;Rettilineo;Due carreggiate;Asciutto;Asfaltata;Verticale ed orizzontale;Sereno;Normale;Buona;;0;0;0;2;12.5301;41.8689;-1;2;Autovettura privata;In marcia / fermata / arresto;Conducente;F;Illeso;0;;Non accertato;Inesploso
5080713;18;28/09/2020 17:15:00;Strada Urbana;VIA FRACONALTO;in corrispondenza;;del civico n.;12;;Scontro laterale fra veicoli in marcia;Pendenza;Una carreggiata a doppio senso;Bagnato (pioggia);Asfaltata;Assente;Nuvoloso;Scarso;Buona;;0;0;0;2;12.3884;41.9171;-1;1;Autovettura privata;In marcia / fermata / arresto;Conducente;M;Illeso;0;;Non accertato;Esploso
5080713;18;28/09/2020 17:15:00;Strada Urbana;VIA FRACONALTO;in corrispondenza;;del civico n.;12;;Scontro laterale fra veicoli in marcia;Pendenza;Una carreggiata a doppio senso;Bagnato (pioggia);Asfaltata;Assente;Nuvoloso;Scarso;Buona;;0;0;0;2;12.3884;41.9171;-1;2;Autovettura privata;In marcia / fermata / arresto;Conducente;M;Illeso;0;;Non accertato;Inesploso
5080822;7;29/09/2020 17:00:00;Strada Urbana;VIA CASILINA;all'intersezione semaforizzata con;VIALE PALMIRO TOGLIATTI;VIALE PALMIRO TOGLIATTI;;;Scontro laterale fra veicoli in marcia;Intersezione semaforizzata;Due carreggiate;Asciutto;Asfaltata;Verticale ed orizzontale;Sereno;Normale;Buona;;0;0;0;2;12.57;41.8739;-1;1;Autovettura privata;In marcia / fermata / arresto;Conducente;M;Illeso;0;;Non accertato;Inesploso
5080822;7;29/09/2020 17:00:00;Strada Urbana;VIA CASILINA;all'intersezione semaforizzata con;VIALE PALMIRO TOGLIATTI;VIALE PALMIRO TOGLIATTI;;;Scontro laterale fra veicoli in marcia;Intersezione semaforizzata;Due carreggiate;Asciutto;Asfaltata;Verticale ed orizzontale;Sereno;Normale;Buona;;0;0;0;2;12.57;41.8739;-1;2;Autocarro inferiore 35 q.;In marcia / fermata / arresto;Conducente;M;Illeso;0;;Non accertato;Inesploso
5080874;19;29/09/2020 12:55:00;Strada Urbana;VIA ANDERSEN;in prossimit�;;del civico n.;65;;Tamponamento;Rettilineo;Una carreggiata a doppio senso;Asciutto;Asfaltata;Verticale ed orizzontale;Sereno;Normale;Buona;;3;0;0;1;12.4015;41.9237;-1;1;Autovettura privata;In marcia / fermata / arresto;Conducente;F;Rifiuta cure immediate;0;NON DECEDUTO;Non accertato;Inesploso
5080874;19;29/09/2020 12:55:00;Strada Urbana;VIA ANDERSEN;in prossimit�;;del civico n.;65;;Tamponamento;Rettilineo;Una carreggiata a doppio senso;Asciutto;Asfaltata;Verticale ed orizzontale;Sereno;Normale;Buona;;3;0;0;1;12.4015;41.9237;-1;1;Autovettura privata;In marcia / fermata / arresto;Passeggero;M;Illeso;0;;Non accertato;Inesploso
5080874;19;29/09/2020 12:55:00;Strada Urbana;VIA ANDERSEN;in prossimit�;;del civico n.;65;;Tamponamento;Rettilineo;Una carreggiata a doppio senso;Asciutto;Asfaltata;Verticale ed orizzontale;Sereno;Normale;Buona;;3;0;0;1;12.4015;41.9237;-1;2;Autovettura privata;In marcia / fermata / arresto;Conducente;F;Rifiuta cure immediate;0;NON DECEDUTO;Non accertato;Inesploso
5080874;19;29/09/2020 12:55:00;Strada Urbana;VIA ANDERSEN;in prossimit�;;del civico n.;65;;Tamponamento;Rettilineo;Una carreggiata a doppio senso;Asciutto;Asfaltata;Verticale ed orizzontale;Sereno;Normale;Buona;;3;0;0;1;12.4015;41.9237;-1;2;Autovettura privata;In marcia / fermata / arresto;Passeggero;F;Rifiuta cure immediate;0;NON DECEDUTO;Non accertato;Inesploso
5080876;12;29/09/2020 13:50:00;Strada Urbana;VIALE AMERICA;all'intersezione con;VIALE BEETHOVEN;VIALE BEETHOVEN;;;Scontro frontale/laterale SX fra veicoli in marcia;Incrocio;Una carreggiata a doppio senso;Asciutto;Asfaltata;Verticale ed orizzontale;Sereno;Normale;Buona;;2;0;0;1;12.4655;41.8307;-1;1;Quadriciclo leggero;In marcia / fermata / arresto;Conducente;F;Illeso;0;;Utilizzato;Inesploso
5080876;12;29/09/2020 13:50:00;Strada Urbana;VIALE AMERICA;all'intersezione con;VIALE BEETHOVEN;VIALE BEETHOVEN;;;Scontro frontale/laterale SX fra veicoli in marcia;Incrocio;Una carreggiata a doppio senso;Asciutto;Asfaltata;Verticale ed orizzontale;Sereno;Normale;Buona;;2;0;0;1;12.4655;41.8307;-1;2;Motociclo con passeggero;In marcia / fermata / arresto;Conducente;M;Rimandato;0;NON DECEDUTO;Utilizzato;
5080876;12;29/09/2020 13:50:00;Strada Urbana;VIALE AMERICA;all'intersezione con;VIALE BEETHOVEN;VIALE BEETHOVEN;;;Scontro frontale/laterale SX fra veicoli in marcia;Incrocio;Una carreggiata a doppio senso;Asciutto;Asfaltata;Verticale ed orizzontale;Sereno;Normale;Buona;;2;0;0;1;12.4655;41.8307;-1;2;Motociclo con passeggero;In marcia / fermata / arresto;Passeggero;M;Rimandato;0;NON DECEDUTO;Utilizzato;
5080921;7;29/09/2020 17:30:00;Strada Urbana;VIA CASILINA;all'intersezione con;VIA GINO CUGINI;VIA GINO CUGINI;;;Scontro laterale fra veicoli in marcia;Incrocio;Due carreggiate;Asciutto;Asfaltata;Verticale;Sereno;Scarso;Buona;;0;0;0;3;12.5811;41.8708;-1;1;Autovettura privata;In marcia / fermata / arresto;Conducente;F;Illeso;0;;;
5080921;7;29/09/2020 17:30:00;Strada Urbana;VIA CASILINA;all'intersezione con;VIA GINO CUGINI;VIA GINO CUGINI;;;Scontro laterale fra veicoli in marcia;Incrocio;Due carreggiate;Asciutto;Asfaltata;Verticale;Sereno;Scarso;Buona;;0;0;0;3;12.5811;41.8708;-1;1;Autovettura privata;In marcia / fermata / arresto;Passeggero;M;Illeso;0;;;
5080921;7;29/09/2020 17:30:00;Strada Urbana;VIA CASILINA;all'intersezione con;VIA GINO CUGINI;VIA GINO CUGINI;;;Scontro laterale fra veicoli in marcia;Incrocio;Due carreggiate;Asciutto;Asfaltata;Verticale;Sereno;Scarso;Buona;;0;0;0;3;12.5811;41.8708;-1;2;Autovettura privata;In marcia / fermata / arresto;Conducente;F;Illeso;0;;;
5080946;18;29/09/2020 17:30:00;Strada Urbana;VIA FRANCESCO AZZURRI;all'intersezione con;VIA DI VALLELUNGA;VIA DI VALLELUNGA;;;Scontro frontale/laterale DX fra veicoli in marcia;Intersezione stradale segnalata;Una carreggiata a senso unico di marcia;Asciutto;Asfaltata;Verticale ed orizzontale;Sereno;Normale;Buona;;1;0;0;1;12.3912;41.9076;-1;1;Motociclo a solo;In marcia / fermata / arresto;Conducente;M;Rimandato;0;NON DECEDUTO;Non accertato;
5080946;18;29/09/2020 17:30:00;Strada Urbana;VIA FRANCESCO AZZURRI;all'intersezione con;VIA DI VALLELUNGA;VIA DI VALLELUNGA;;;Scontro frontale/laterale DX fra veicoli in marcia;Intersezione stradale segnalata;Una carreggiata a senso unico di marcia;Asciutto;Asfaltata;Verticale ed orizzontale;Sereno;Normale;Buona;;1;0;0;1;12.3912;41.9076;-1;2;Autovettura privata;In marcia / fermata / arresto;Conducente;M;Illeso;0;;Non accertato;Inesploso
5080946;18;29/09/2020 17:30:00;Strada Urbana;VIA FRANCESCO AZZURRI;all'intersezione con;VIA DI VALLELUNGA;VIA DI VALLELUNGA;;;Scontro frontale/laterale DX fra veicoli in marcia;Intersezione stradale segnalata;Una carreggiata a senso unico di marcia;Asciutto;Asfaltata;Verticale ed orizzontale;Sereno;Normale;Buona;;1;0;0;1;12.3912;41.9076;-1;3;Autovettura privata;Sosta;;;;;;;
5080958;12;29/09/2020 15:55:00;Provinciale;VIA ARDEATINA;da specificare;;;;pross. civ. 1271 direzione Pomezia;Veicolo in marcia contro ostacolo accidentale;Rettilineo;Una carreggiata a doppio senso;Asciutto;Con buche;Verticale ed orizzontale;Sereno;Normale;Buona;;0;0;0;2;12.5255;41.8131;-1;1;Autovettura privata;In marcia / fermata / arresto;Conducente;M;Illeso;0;;Utilizzato;Inesploso
5080958;12;29/09/2020 15:55:00;Provinciale;VIA ARDEATINA;da specificare;;;;pross. civ. 1271 direzione Pomezia;Veicolo in marcia contro ostacolo accidentale;Rettilineo;Una carreggiata a doppio senso;Asciutto;Con buche;Verticale ed orizzontale;Sereno;Normale;Buona;;0;0;0;2;12.5255;41.8131;-1;1;Autovettura privata;In marcia / fermata / arresto;Passeggero;F;Illeso;0;;Utilizzato;Inesploso